provinsi,tahun,bulan,suhu_rata_c,suhu_max_c,suhu_min_c,curah_hujan_mm,kelembapan_pct,kec_angin_ms,sumber,nama_bulan
Aceh,2015,1,26.01,28.84,24.0,202.6,85.77,3.62,Open-Meteo ERA5,Januari
Aceh,2015,2,26.36,29.42,24.04,48.5,80.93,4.75,Open-Meteo ERA5,Februari
Aceh,2015,3,26.95,30.19,24.36,139.0,83.81,3.17,Open-Meteo ERA5,Maret
Aceh,2015,4,26.57,29.41,24.67,269.3,89.27,2.54,Open-Meteo ERA5,April
Aceh,2015,5,27.44,30.34,25.48,146.2,86.45,2.94,Open-Meteo ERA5,Mei
Aceh,2015,6,27.63,30.53,25.58,133.1,82.47,3.4,Open-Meteo ERA5,Juni
Aceh,2015,7,26.92,29.57,25.12,205.2,85.39,4.31,Open-Meteo ERA5,Juli
Aceh,2015,8,26.77,29.44,24.89,151.1,85.94,3.81,Open-Meteo ERA5,Agustus
Aceh,2015,9,26.52,29.43,24.63,276.7,86.83,3.24,Open-Meteo ERA5,September
Aceh,2015,10,26.44,29.26,24.59,320.9,89.19,2.42,Open-Meteo ERA5,Oktober
Aceh,2015,11,26.05,28.86,24.32,393.5,90.63,2.56,Open-Meteo ERA5,November
Aceh,2015,12,26.44,29.09,24.5,155.7,87.23,3.35,Open-Meteo ERA5,Desember
Aceh,2016,1,27.01,29.73,25.03,139.9,85.13,3.84,Open-Meteo ERA5,Januari
Aceh,2016,2,26.98,29.74,25.01,101.6,82.97,5.09,Open-Meteo ERA5,Februari
Aceh,2016,3,27.83,30.92,25.38,54.2,82.74,3.55,Open-Meteo ERA5,Maret
Aceh,2016,4,27.85,30.85,25.73,109.0,85.3,2.64,Open-Meteo ERA5,April
Aceh,2016,5,27.87,30.54,26.1,202.8,85.81,3.34,Open-Meteo ERA5,Mei
Aceh,2016,6,27.45,30.24,25.59,127.2,81.07,4.67,Open-Meteo ERA5,Juni
Aceh,2016,7,27.31,30.12,25.4,92.3,81.74,4.27,Open-Meteo ERA5,Juli
Aceh,2016,8,26.74,29.25,25.09,269.2,83.13,5.53,Open-Meteo ERA5,Agustus
Aceh,2016,9,26.5,28.98,24.85,104.5,84.53,5.01,Open-Meteo ERA5,September
Aceh,2016,10,25.89,28.21,24.47,352.6,88.68,4.47,Open-Meteo ERA5,Oktober
Aceh,2016,11,25.82,28.53,24.18,364.7,91.0,2.77,Open-Meteo ERA5,November
Aceh,2016,12,25.82,28.27,24.17,268.8,88.71,3.68,Open-Meteo ERA5,Desember
Aceh,2017,1,24.92,27.47,23.06,492.9,88.06,3.95,Open-Meteo ERA5,Januari
Aceh,2017,2,25.54,28.64,23.09,153.3,82.29,4.28,Open-Meteo ERA5,Februari
Aceh,2017,3,25.62,28.41,23.26,210.7,86.16,3.13,Open-Meteo ERA5,Maret
Aceh,2017,4,26.33,29.11,24.26,190.9,86.2,3.21,Open-Meteo ERA5,April
Aceh,2017,5,26.62,29.06,24.73,220.0,83.13,4.65,Open-Meteo ERA5,Mei
Aceh,2017,6,27.54,30.5,25.09,13.1,75.73,5.12,Open-Meteo ERA5,Juni
Aceh,2017,7,27.63,31.15,24.81,39.9,70.65,5.91,Open-Meteo ERA5,Juli
Aceh,2017,8,26.64,29.74,24.16,121.9,78.97,4.91,Open-Meteo ERA5,Agustus
Aceh,2017,9,26.14,28.75,24.21,214.7,83.9,4.26,Open-Meteo ERA5,September
Aceh,2017,10,26.19,29.09,23.87,167.2,81.65,4.16,Open-Meteo ERA5,Oktober
Aceh,2017,11,25.24,27.73,23.37,341.9,89.03,2.97,Open-Meteo ERA5,November
Aceh,2017,12,25.13,27.84,23.04,387.9,86.94,3.84,Open-Meteo ERA5,Desember
Aceh,2018,1,25.12,28.16,22.71,174.9,85.84,3.07,Open-Meteo ERA5,Januari
Aceh,2018,2,25.77,29.16,23.11,81.1,81.5,4.17,Open-Meteo ERA5,Februari
Aceh,2018,3,25.95,29.18,23.34,178.8,84.42,3.49,Open-Meteo ERA5,Maret
Aceh,2018,4,26.15,29.2,23.81,154.9,85.7,3.23,Open-Meteo ERA5,April
Aceh,2018,5,26.14,29.13,23.88,243.2,86.9,2.65,Open-Meteo ERA5,Mei
Aceh,2018,6,27.17,30.35,24.58,63.7,78.93,4.72,Open-Meteo ERA5,Juni
Aceh,2018,7,27.21,30.18,24.89,63.8,73.97,6.11,Open-Meteo ERA5,Juli
Aceh,2018,8,27.04,30.2,24.48,52.4,74.03,6.32,Open-Meteo ERA5,Agustus
Aceh,2018,9,26.6,29.86,24.15,96.7,78.07,4.72,Open-Meteo ERA5,September
Aceh,2018,10,25.64,28.38,23.62,211.2,86.19,3.53,Open-Meteo ERA5,Oktober
Aceh,2018,11,25.39,28.21,23.32,193.9,88.87,3.03,Open-Meteo ERA5,November
Aceh,2018,12,25.45,28.45,23.12,330.0,87.19,3.14,Open-Meteo ERA5,Desember
Aceh,2019,1,25.66,28.94,23.24,151.0,83.03,3.96,Open-Meteo ERA5,Januari
Aceh,2019,2,26.02,29.4,23.27,106.8,82.71,4.1,Open-Meteo ERA5,Februari
Aceh,2019,3,26.56,29.84,23.76,86.5,82.48,3.69,Open-Meteo ERA5,Maret
Aceh,2019,4,27.11,30.45,24.5,177.0,83.2,2.97,Open-Meteo ERA5,April
Aceh,2019,5,27.77,30.83,25.37,46.3,78.81,4.1,Open-Meteo ERA5,Mei
Aceh,2019,6,27.82,31.41,25.1,70.5,75.2,4.7,Open-Meteo ERA5,Juni
Aceh,2019,7,27.5,31.06,24.55,114.0,75.1,4.75,Open-Meteo ERA5,Juli
Aceh,2019,8,28.05,31.98,25.24,48.4,69.23,5.69,Open-Meteo ERA5,Agustus
Aceh,2019,9,27.26,30.9,24.44,76.0,76.6,4.02,Open-Meteo ERA5,September
Aceh,2019,10,25.23,27.98,23.21,236.1,89.0,2.85,Open-Meteo ERA5,Oktober
Aceh,2019,11,25.82,28.98,23.48,109.8,83.77,3.65,Open-Meteo ERA5,November
Aceh,2019,12,25.47,28.61,23.23,137.6,83.94,4.37,Open-Meteo ERA5,Desember
Aceh,2020,1,26.76,30.51,23.88,44.0,75.19,5.38,Open-Meteo ERA5,Januari
Aceh,2020,2,27.2,31.23,24.13,25.1,73.55,5.75,Open-Meteo ERA5,Februari
Aceh,2020,3,26.85,30.51,23.92,139.7,81.1,4.38,Open-Meteo ERA5,Maret
Aceh,2020,4,26.63,29.84,24.29,221.4,85.2,3.04,Open-Meteo ERA5,April
Aceh,2020,5,26.66,29.37,24.54,658.4,85.71,3.99,Open-Meteo ERA5,Mei
Aceh,2020,6,27.01,30.19,24.37,69.7,80.1,3.82,Open-Meteo ERA5,Juni
Aceh,2020,7,26.65,29.94,24.05,110.8,80.42,3.51,Open-Meteo ERA5,Juli
Aceh,2020,8,27.26,30.68,24.44,78.2,76.42,4.52,Open-Meteo ERA5,Agustus
Aceh,2020,9,26.49,29.35,24.11,99.8,79.57,4.37,Open-Meteo ERA5,September
Aceh,2020,10,26.29,28.72,24.45,254.1,81.81,5.46,Open-Meteo ERA5,Oktober
Aceh,2020,11,25.44,28.24,23.45,226.2,88.67,3.06,Open-Meteo ERA5,November
Aceh,2020,12,25.06,27.88,23.0,343.1,88.16,3.47,Open-Meteo ERA5,Desember
Aceh,2021,1,25.26,28.54,22.89,254.9,84.35,4.24,Open-Meteo ERA5,Januari
Aceh,2021,2,26.36,30.12,23.33,78.3,78.29,4.56,Open-Meteo ERA5,Februari
Aceh,2021,3,26.22,30.06,23.44,180.8,81.45,3.77,Open-Meteo ERA5,Maret
Aceh,2021,4,26.51,29.56,24.16,133.8,83.23,3.98,Open-Meteo ERA5,April
Aceh,2021,5,26.92,29.9,24.57,183.5,83.58,3.94,Open-Meteo ERA5,Mei
Aceh,2021,6,27.02,30.33,24.54,76.5,76.83,4.55,Open-Meteo ERA5,Juni
Aceh,2021,7,26.86,29.95,24.37,157.4,76.97,5.39,Open-Meteo ERA5,Juli
Aceh,2021,8,26.68,29.51,24.45,98.7,77.97,4.64,Open-Meteo ERA5,Agustus
Aceh,2021,9,26.96,30.48,24.13,134.8,75.23,4.67,Open-Meteo ERA5,September
Aceh,2021,10,26.7,29.81,24.23,111.6,78.77,4.54,Open-Meteo ERA5,Oktober
Aceh,2021,11,25.19,28.12,23.17,370.1,88.5,3.3,Open-Meteo ERA5,November
Aceh,2021,12,25.45,28.67,22.97,144.9,82.87,4.63,Open-Meteo ERA5,Desember
Aceh,2022,1,25.55,29.06,22.86,124.8,82.35,3.91,Open-Meteo ERA5,Januari
Aceh,2022,2,25.51,29.03,23.11,217.3,84.71,3.87,Open-Meteo ERA5,Februari
Aceh,2022,3,25.84,29.12,23.31,214.0,85.65,3.19,Open-Meteo ERA5,Maret
Aceh,2022,4,26.42,29.64,23.86,134.0,83.97,3.09,Open-Meteo ERA5,April
Aceh,2022,5,27.23,30.14,24.86,124.6,79.19,4.92,Open-Meteo ERA5,Mei
Aceh,2022,6,26.69,30.07,24.11,83.1,77.8,4.66,Open-Meteo ERA5,Juni
Aceh,2022,7,26.9,30.14,24.34,107.0,76.97,5.31,Open-Meteo ERA5,Juli
Aceh,2022,8,26.92,30.27,24.13,108.8,74.65,5.2,Open-Meteo ERA5,Agustus
Aceh,2022,9,27.01,30.57,24.49,120.9,73.17,5.68,Open-Meteo ERA5,September
Aceh,2022,10,25.54,28.3,23.5,356.9,85.52,4.53,Open-Meteo ERA5,Oktober
Aceh,2022,11,25.21,27.91,23.17,348.7,87.03,3.57,Open-Meteo ERA5,November
Aceh,2022,12,24.67,27.63,22.61,431.7,88.23,3.54,Open-Meteo ERA5,Desember
Aceh,2023,1,24.8,28.31,22.19,238.3,84.32,4.04,Open-Meteo ERA5,Januari
Aceh,2023,2,25.24,28.55,22.68,165.4,84.32,3.92,Open-Meteo ERA5,Februari
Aceh,2023,3,25.81,29.45,23.02,189.1,82.16,3.98,Open-Meteo ERA5,Maret
Aceh,2023,4,26.78,30.16,24.05,76.5,82.37,3.72,Open-Meteo ERA5,April
Aceh,2023,5,27.68,30.82,25.07,144.4,77.87,4.66,Open-Meteo ERA5,Mei
Aceh,2023,6,28.24,31.76,25.27,57.0,70.13,5.67,Open-Meteo ERA5,Juni
Aceh,2023,7,28.07,31.68,25.21,77.9,69.39,5.85,Open-Meteo ERA5,Juli
Aceh,2023,8,27.65,31.14,24.87,120.5,73.58,5.44,Open-Meteo ERA5,Agustus
Aceh,2023,9,27.25,31.1,24.35,145.6,76.77,4.57,Open-Meteo ERA5,September
Aceh,2023,10,26.05,29.32,23.58,262.2,85.39,3.44,Open-Meteo ERA5,Oktober
Aceh,2023,11,25.5,28.66,23.28,332.3,89.7,2.96,Open-Meteo ERA5,November
Aceh,2023,12,25.71,28.91,23.45,331.0,87.94,4.0,Open-Meteo ERA5,Desember
Aceh,2024,1,26.19,29.93,23.28,156.3,82.26,4.46,Open-Meteo ERA5,Januari
Aceh,2024,2,27.23,31.18,23.86,53.0,76.69,5.2,Open-Meteo ERA5,Februari
Aceh,2024,3,27.47,31.8,24.03,80.3,78.52,4.08,Open-Meteo ERA5,Maret
Aceh,2024,4,27.82,31.99,24.72,91.5,80.23,3.28,Open-Meteo ERA5,April
Aceh,2024,5,27.84,31.64,25.24,200.0,81.84,3.77,Open-Meteo ERA5,Mei
Aceh,2024,6,28.92,32.98,25.84,24.0,68.37,5.0,Open-Meteo ERA5,Juni
Aceh,2024,7,29.55,33.86,26.25,53.5,62.58,5.53,Open-Meteo ERA5,Juli
Aceh,2024,8,27.36,31.22,24.47,165.7,75.87,4.42,Open-Meteo ERA5,Agustus
Aceh,2024,9,27.16,30.55,24.76,186.0,77.03,5.54,Open-Meteo ERA5,September
Aceh,2024,10,26.82,30.28,24.3,234.0,79.45,4.06,Open-Meteo ERA5,Oktober
Aceh,2024,11,26.26,29.69,23.87,273.2,83.73,3.91,Open-Meteo ERA5,November
Aceh,2024,12,25.73,29.07,23.45,330.2,87.42,3.23,Open-Meteo ERA5,Desember
Bali,2015,1,25.76,27.13,24.69,284.5,84.13,4.0,Open-Meteo ERA5,Januari
Bali,2015,2,25.71,27.25,24.19,297.2,85.93,2.85,Open-Meteo ERA5,Februari
Bali,2015,3,26.03,27.72,24.5,266.7,84.45,2.69,Open-Meteo ERA5,Maret
Bali,2015,4,25.98,27.56,24.39,368.1,87.33,2.41,Open-Meteo ERA5,April
Bali,2015,5,25.82,27.22,24.66,47.9,81.71,3.58,Open-Meteo ERA5,Mei
Bali,2015,6,25.18,26.56,24.27,23.2,81.27,4.79,Open-Meteo ERA5,Juni
Bali,2015,7,24.35,26.07,23.07,9.5,82.58,4.48,Open-Meteo ERA5,Juli
Bali,2015,8,24.2,26.01,22.97,5.8,81.35,4.92,Open-Meteo ERA5,Agustus
Bali,2015,9,24.43,26.46,22.99,13.9,83.1,4.65,Open-Meteo ERA5,September
Bali,2015,10,25.43,27.74,23.49,5.2,85.9,4.34,Open-Meteo ERA5,Oktober
Bali,2015,11,26.2,28.21,24.3,65.2,85.27,3.49,Open-Meteo ERA5,November
Bali,2015,12,26.24,27.79,24.86,308.6,85.87,3.12,Open-Meteo ERA5,Desember
Bali,2016,1,26.75,28.39,25.17,291.3,84.42,2.57,Open-Meteo ERA5,Januari
Bali,2016,2,25.95,27.61,24.54,694.5,89.0,2.63,Open-Meteo ERA5,Februari
Bali,2016,3,26.97,28.48,25.36,225.0,84.84,2.36,Open-Meteo ERA5,Maret
Bali,2016,4,27.26,28.83,25.87,174.5,82.47,2.74,Open-Meteo ERA5,April
Bali,2016,5,26.91,28.45,25.61,135.1,84.71,2.82,Open-Meteo ERA5,Mei
Bali,2016,6,26.45,27.91,25.07,110.4,82.93,3.01,Open-Meteo ERA5,Juni
Bali,2016,7,25.78,27.11,24.54,153.9,83.71,3.33,Open-Meteo ERA5,Juli
Bali,2016,8,25.2,26.74,23.93,68.0,82.52,3.75,Open-Meteo ERA5,Agustus
Bali,2016,9,25.82,27.51,24.5,182.2,85.5,3.33,Open-Meteo ERA5,September
Bali,2016,10,26.24,27.9,24.58,305.1,85.39,3.02,Open-Meteo ERA5,Oktober
Bali,2016,11,26.21,27.79,24.67,283.0,86.8,2.85,Open-Meteo ERA5,November
Bali,2016,12,26.0,27.52,24.75,536.0,86.16,3.26,Open-Meteo ERA5,Desember
Bali,2017,1,26.08,28.64,24.3,481.8,88.45,4.41,Open-Meteo ERA5,Januari
Bali,2017,2,26.03,28.41,24.08,457.9,87.11,4.75,Open-Meteo ERA5,Februari
Bali,2017,3,26.34,29.0,24.31,254.3,87.97,3.34,Open-Meteo ERA5,Maret
Bali,2017,4,26.3,28.83,23.96,226.8,87.4,3.32,Open-Meteo ERA5,April
Bali,2017,5,26.43,28.35,24.65,157.4,83.16,4.94,Open-Meteo ERA5,Mei
Bali,2017,6,25.72,27.5,24.17,152.1,84.67,5.55,Open-Meteo ERA5,Juni
Bali,2017,7,25.26,26.8,23.93,124.3,81.9,5.95,Open-Meteo ERA5,Juli
Bali,2017,8,24.98,26.79,23.38,59.1,81.0,6.17,Open-Meteo ERA5,Agustus
Bali,2017,9,25.5,27.83,23.41,68.9,81.8,5.45,Open-Meteo ERA5,September
Bali,2017,10,25.96,28.55,23.84,106.7,85.9,4.03,Open-Meteo ERA5,Oktober
Bali,2017,11,26.06,28.8,24.04,462.7,90.43,2.99,Open-Meteo ERA5,November
Bali,2017,12,26.04,28.49,24.22,367.4,89.16,4.05,Open-Meteo ERA5,Desember
Bali,2018,1,25.89,28.47,24.12,423.8,88.71,4.48,Open-Meteo ERA5,Januari
Bali,2018,2,25.72,28.23,23.86,424.2,88.93,4.0,Open-Meteo ERA5,Februari
Bali,2018,3,26.07,28.91,23.78,168.3,87.68,3.27,Open-Meteo ERA5,Maret
Bali,2018,4,26.85,29.64,24.17,51.7,84.03,4.17,Open-Meteo ERA5,April
Bali,2018,5,26.56,28.98,24.47,72.0,79.61,5.8,Open-Meteo ERA5,Mei
Bali,2018,6,25.62,27.65,23.72,82.7,82.37,5.63,Open-Meteo ERA5,Juni
Bali,2018,7,24.75,26.72,22.75,45.9,80.71,5.71,Open-Meteo ERA5,Juli
Bali,2018,8,24.24,26.37,22.23,71.3,82.1,5.25,Open-Meteo ERA5,Agustus
Bali,2018,9,25.02,27.83,22.27,35.6,81.8,4.57,Open-Meteo ERA5,September
Bali,2018,10,25.99,29.23,22.93,39.4,81.65,4.52,Open-Meteo ERA5,Oktober
Bali,2018,11,26.43,29.33,24.03,205.5,86.5,3.88,Open-Meteo ERA5,November
Bali,2018,12,26.52,28.81,24.37,187.4,85.55,4.58,Open-Meteo ERA5,Desember
Bali,2019,1,26.39,29.05,24.39,290.3,88.39,4.18,Open-Meteo ERA5,Januari
Bali,2019,2,26.52,29.21,24.25,158.1,88.07,3.42,Open-Meteo ERA5,Februari
Bali,2019,3,26.06,28.91,23.85,356.8,90.06,3.57,Open-Meteo ERA5,Maret
Bali,2019,4,26.49,28.99,24.34,210.9,88.2,4.11,Open-Meteo ERA5,April
Bali,2019,5,26.04,27.94,24.18,71.3,85.0,5.27,Open-Meteo ERA5,Mei
Bali,2019,6,24.99,27.01,23.02,54.3,84.43,5.67,Open-Meteo ERA5,Juni
Bali,2019,7,24.28,26.3,22.4,58.4,84.39,5.72,Open-Meteo ERA5,Juli
Bali,2019,8,24.06,26.36,21.91,45.1,84.45,5.69,Open-Meteo ERA5,Agustus
Bali,2019,9,24.45,26.92,22.26,39.2,85.07,5.59,Open-Meteo ERA5,September
Bali,2019,10,25.77,28.93,22.83,35.8,84.48,4.51,Open-Meteo ERA5,Oktober
Bali,2019,11,26.8,29.97,23.88,46.6,82.87,3.85,Open-Meteo ERA5,November
Bali,2019,12,27.47,31.04,24.64,151.3,84.1,3.22,Open-Meteo ERA5,Desember
Bali,2020,1,27.14,30.23,24.59,162.5,84.06,4.41,Open-Meteo ERA5,Januari
Bali,2020,2,26.94,30.02,24.53,182.7,86.34,3.79,Open-Meteo ERA5,Februari
Bali,2020,3,26.75,29.67,24.47,215.3,88.58,3.49,Open-Meteo ERA5,Maret
Bali,2020,4,26.92,29.66,24.39,166.1,86.2,3.79,Open-Meteo ERA5,April
Bali,2020,5,26.85,29.35,24.61,212.7,84.74,4.63,Open-Meteo ERA5,Mei
Bali,2020,6,25.95,27.89,24.07,110.1,82.77,5.61,Open-Meteo ERA5,Juni
Bali,2020,7,25.11,26.9,23.4,65.8,82.42,6.01,Open-Meteo ERA5,Juli
Bali,2020,8,24.97,27.06,22.94,73.5,85.1,5.58,Open-Meteo ERA5,Agustus
Bali,2020,9,25.55,28.0,23.18,79.0,85.53,4.76,Open-Meteo ERA5,September
Bali,2020,10,25.95,28.3,23.76,130.1,86.58,4.68,Open-Meteo ERA5,Oktober
Bali,2020,11,26.58,29.25,24.29,168.1,87.8,3.68,Open-Meteo ERA5,November
Bali,2020,12,26.06,28.45,24.15,259.5,87.94,4.04,Open-Meteo ERA5,Desember
Bali,2021,1,25.63,28.02,23.93,517.0,90.61,4.31,Open-Meteo ERA5,Januari
Bali,2021,2,25.94,28.48,24.07,266.3,88.89,4.08,Open-Meteo ERA5,Februari
Bali,2021,3,26.0,28.81,23.79,286.8,88.97,3.32,Open-Meteo ERA5,Maret
Bali,2021,4,26.27,28.92,23.57,46.2,83.2,3.62,Open-Meteo ERA5,April
Bali,2021,5,26.59,29.05,24.24,46.8,82.52,4.74,Open-Meteo ERA5,Mei
Bali,2021,6,26.1,28.74,23.66,127.5,86.0,4.34,Open-Meteo ERA5,Juni
Bali,2021,7,25.56,27.57,23.71,53.4,81.03,5.45,Open-Meteo ERA5,Juli
Bali,2021,8,25.25,27.24,23.33,104.3,85.42,5.36,Open-Meteo ERA5,Agustus
Bali,2021,9,25.5,27.66,23.54,112.1,85.23,5.02,Open-Meteo ERA5,September
Bali,2021,10,25.89,28.65,23.19,92.2,83.48,3.89,Open-Meteo ERA5,Oktober
Bali,2021,11,25.97,28.82,23.67,268.2,88.7,3.2,Open-Meteo ERA5,November
Bali,2021,12,26.27,29.04,24.03,276.7,88.0,4.21,Open-Meteo ERA5,Desember
Bali,2022,1,25.97,28.62,23.93,295.1,86.48,4.57,Open-Meteo ERA5,Januari
Bali,2022,2,26.0,28.94,23.64,227.5,87.75,3.86,Open-Meteo ERA5,Februari
Bali,2022,3,26.42,29.34,24.01,217.6,87.65,3.47,Open-Meteo ERA5,Maret
Bali,2022,4,26.51,29.42,23.78,125.7,84.47,3.51,Open-Meteo ERA5,April
Bali,2022,5,26.93,29.85,24.13,131.7,83.06,4.15,Open-Meteo ERA5,Mei
Bali,2022,6,26.19,28.71,23.9,150.6,82.4,4.71,Open-Meteo ERA5,Juni
Bali,2022,7,25.31,27.43,23.29,123.4,80.48,5.8,Open-Meteo ERA5,Juli
Bali,2022,8,25.38,27.75,23.05,68.5,81.52,5.46,Open-Meteo ERA5,Agustus
Bali,2022,9,25.49,28.08,22.89,100.8,84.0,4.64,Open-Meteo ERA5,September
Bali,2022,10,25.54,28.25,23.09,220.6,86.77,3.79,Open-Meteo ERA5,Oktober
Bali,2022,11,25.83,28.64,23.53,251.2,89.07,3.09,Open-Meteo ERA5,November
Bali,2022,12,25.77,28.57,23.35,359.7,86.29,4.35,Open-Meteo ERA5,Desember
Bali,2023,1,26.01,28.5,23.81,195.0,84.42,4.97,Open-Meteo ERA5,Januari
Bali,2023,2,25.59,28.28,23.74,428.2,88.57,5.19,Open-Meteo ERA5,Februari
Bali,2023,3,26.15,29.14,23.49,109.5,85.45,3.64,Open-Meteo ERA5,Maret
Bali,2023,4,26.07,28.67,23.73,210.3,87.33,4.02,Open-Meteo ERA5,April
Bali,2023,5,26.19,28.54,23.94,96.9,80.58,5.13,Open-Meteo ERA5,Mei
Bali,2023,6,25.77,28.36,23.23,51.3,81.67,4.8,Open-Meteo ERA5,Juni
Bali,2023,7,24.83,26.94,22.7,108.9,81.87,5.91,Open-Meteo ERA5,Juli
Bali,2023,8,24.35,27.25,21.5,35.3,84.06,6.08,Open-Meteo ERA5,Agustus
Bali,2023,9,24.85,28.04,21.77,33.8,82.27,5.82,Open-Meteo ERA5,September
Bali,2023,10,26.64,30.39,23.09,36.6,82.06,4.84,Open-Meteo ERA5,Oktober
Bali,2023,11,27.1,30.83,23.88,91.7,81.37,4.14,Open-Meteo ERA5,November
Bali,2023,12,27.27,30.94,23.99,102.7,79.13,3.98,Open-Meteo ERA5,Desember
Bali,2024,1,27.55,30.97,24.87,152.7,80.16,4.71,Open-Meteo ERA5,Januari
Bali,2024,2,26.93,30.66,24.33,246.0,85.34,3.66,Open-Meteo ERA5,Februari
Bali,2024,3,27.24,30.49,24.67,285.7,83.52,4.17,Open-Meteo ERA5,Maret
Bali,2024,4,26.78,29.48,24.5,230.3,87.37,4.42,Open-Meteo ERA5,April
Bali,2024,5,26.42,28.92,24.21,90.3,85.48,5.38,Open-Meteo ERA5,Mei
Bali,2024,6,25.76,28.08,23.58,80.8,83.7,5.6,Open-Meteo ERA5,Juni
Bali,2024,7,25.13,27.57,22.95,80.8,81.42,6.11,Open-Meteo ERA5,Juli
Bali,2024,8,25.02,28.19,21.96,36.2,80.52,5.57,Open-Meteo ERA5,Agustus
Bali,2024,9,26.0,29.57,22.75,62.7,81.93,4.92,Open-Meteo ERA5,September
Bali,2024,10,26.78,30.51,23.22,71.3,79.32,4.93,Open-Meteo ERA5,Oktober
Bali,2024,11,27.43,30.98,24.32,207.8,82.13,3.37,Open-Meteo ERA5,November
Bali,2024,12,26.24,28.8,24.45,415.8,87.48,4.56,Open-Meteo ERA5,Desember
Banten,2015,1,25.7,28.12,24.02,264.6,87.52,4.21,Open-Meteo ERA5,Januari
Banten,2015,2,25.85,28.6,23.77,252.4,87.25,3.7,Open-Meteo ERA5,Februari
Banten,2015,3,26.15,29.0,24.05,253.1,87.16,3.23,Open-Meteo ERA5,Maret
Banten,2015,4,26.34,29.14,24.38,238.5,87.73,3.56,Open-Meteo ERA5,April
Banten,2015,5,26.79,30.04,24.17,51.7,84.58,3.37,Open-Meteo ERA5,Mei
Banten,2015,6,26.71,30.08,23.85,50.1,83.1,3.28,Open-Meteo ERA5,Juni
Banten,2015,7,26.75,30.55,23.55,16.7,77.84,4.22,Open-Meteo ERA5,Juli
Banten,2015,8,27.09,31.18,23.78,16.1,75.45,4.3,Open-Meteo ERA5,Agustus
Banten,2015,9,27.87,32.55,24.11,17.8,70.8,4.21,Open-Meteo ERA5,September
Banten,2015,10,28.39,33.1,24.5,9.6,70.71,4.23,Open-Meteo ERA5,Oktober
Banten,2015,11,27.53,31.04,25.08,130.8,80.9,3.14,Open-Meteo ERA5,November
Banten,2015,12,26.48,29.12,24.49,334.6,86.84,3.69,Open-Meteo ERA5,Desember
Banten,2016,1,26.77,29.5,24.68,296.0,87.68,3.48,Open-Meteo ERA5,Januari
Banten,2016,2,26.47,29.01,24.68,324.9,88.38,3.74,Open-Meteo ERA5,Februari
Banten,2016,3,27.01,29.85,25.1,338.8,87.71,3.33,Open-Meteo ERA5,Maret
Banten,2016,4,26.95,29.85,25.0,295.9,88.13,3.21,Open-Meteo ERA5,April
Banten,2016,5,26.9,29.77,24.93,228.5,88.19,3.18,Open-Meteo ERA5,Mei
Banten,2016,6,26.59,29.6,24.31,131.4,87.07,2.73,Open-Meteo ERA5,Juni
Banten,2016,7,26.38,29.47,24.02,107.9,86.39,2.78,Open-Meteo ERA5,Juli
Banten,2016,8,26.48,29.59,23.98,95.9,85.16,2.83,Open-Meteo ERA5,Agustus
Banten,2016,9,26.53,29.53,24.27,210.6,85.37,2.99,Open-Meteo ERA5,September
Banten,2016,10,26.25,29.25,24.38,270.9,87.52,3.69,Open-Meteo ERA5,Oktober
Banten,2016,11,26.52,29.61,24.53,211.2,86.93,2.91,Open-Meteo ERA5,November
Banten,2016,12,26.11,28.57,24.47,245.1,87.26,5.02,Open-Meteo ERA5,Desember
Banten,2017,1,26.02,29.13,23.55,233.6,84.71,4.13,Open-Meteo ERA5,Januari
Banten,2017,2,25.54,28.54,23.39,329.7,86.25,3.88,Open-Meteo ERA5,Februari
Banten,2017,3,26.13,29.59,23.45,233.1,85.42,3.06,Open-Meteo ERA5,Maret
Banten,2017,4,26.27,29.72,23.56,238.4,85.1,2.6,Open-Meteo ERA5,April
Banten,2017,5,26.54,29.82,23.9,209.3,84.97,2.44,Open-Meteo ERA5,Mei
Banten,2017,6,26.12,29.31,23.56,158.5,84.93,2.6,Open-Meteo ERA5,Juni
Banten,2017,7,25.94,29.39,23.16,92.4,83.61,2.59,Open-Meteo ERA5,Juli
Banten,2017,8,26.47,30.3,23.11,27.7,77.1,3.08,Open-Meteo ERA5,Agustus
Banten,2017,9,27.16,31.36,23.78,109.7,75.37,3.36,Open-Meteo ERA5,September
Banten,2017,10,26.78,30.65,23.8,249.5,81.32,3.08,Open-Meteo ERA5,Oktober
Banten,2017,11,26.7,30.6,23.97,251.4,81.4,3.52,Open-Meteo ERA5,November
Banten,2017,12,26.14,29.66,23.51,202.7,82.87,3.62,Open-Meteo ERA5,Desember
Banten,2018,1,25.95,28.91,23.7,229.5,82.26,4.38,Open-Meteo ERA5,Januari
Banten,2018,2,25.64,28.81,23.22,325.1,86.11,3.42,Open-Meteo ERA5,Februari
Banten,2018,3,26.01,29.66,23.16,274.7,85.42,3.03,Open-Meteo ERA5,Maret
Banten,2018,4,26.07,29.41,23.42,221.4,86.43,2.7,Open-Meteo ERA5,April
Banten,2018,5,26.4,29.85,23.51,124.7,84.06,2.56,Open-Meteo ERA5,Mei
Banten,2018,6,26.11,29.53,23.16,91.3,84.43,2.63,Open-Meteo ERA5,Juni
Banten,2018,7,25.84,29.85,22.36,19.5,79.1,2.85,Open-Meteo ERA5,Juli
Banten,2018,8,26.55,30.84,22.91,38.4,74.39,3.41,Open-Meteo ERA5,Agustus
Banten,2018,9,26.96,31.74,22.95,66.5,71.7,3.97,Open-Meteo ERA5,September
Banten,2018,10,27.45,32.02,23.79,120.0,75.19,3.37,Open-Meteo ERA5,Oktober
Banten,2018,11,26.52,30.47,23.77,368.7,83.63,2.86,Open-Meteo ERA5,November
Banten,2018,12,26.35,29.74,23.67,210.5,82.58,3.55,Open-Meteo ERA5,Desember
Banten,2019,1,26.09,29.22,23.55,266.7,86.16,3.81,Open-Meteo ERA5,Januari
Banten,2019,2,26.02,29.39,23.3,290.3,87.46,2.92,Open-Meteo ERA5,Februari
Banten,2019,3,26.15,29.53,23.43,232.5,86.74,3.06,Open-Meteo ERA5,Maret
Banten,2019,4,26.5,30.17,23.71,293.7,87.33,2.5,Open-Meteo ERA5,April
Banten,2019,5,26.58,30.04,23.69,144.8,84.74,2.46,Open-Meteo ERA5,Mei
Banten,2019,6,26.51,30.26,23.21,44.4,81.13,2.64,Open-Meteo ERA5,Juni
Banten,2019,7,26.48,30.91,22.61,29.1,75.35,3.5,Open-Meteo ERA5,Juli
Banten,2019,8,26.53,31.09,22.74,29.9,73.13,3.65,Open-Meteo ERA5,Agustus
Banten,2019,9,27.14,32.15,22.82,27.3,70.53,3.97,Open-Meteo ERA5,September
Banten,2019,10,28.0,33.04,23.64,44.3,68.9,3.49,Open-Meteo ERA5,Oktober
Banten,2019,11,27.98,33.06,23.98,129.4,72.97,3.6,Open-Meteo ERA5,November
Banten,2019,12,26.55,30.36,23.69,317.0,85.48,2.77,Open-Meteo ERA5,Desember
Banten,2020,1,26.17,29.13,23.78,533.0,87.55,3.53,Open-Meteo ERA5,Januari
Banten,2020,2,26.09,29.11,23.8,404.1,88.48,3.51,Open-Meteo ERA5,Februari
Banten,2020,3,26.18,29.42,23.62,490.9,88.61,2.86,Open-Meteo ERA5,Maret
Banten,2020,4,26.5,29.65,23.9,291.5,88.2,2.89,Open-Meteo ERA5,April
Banten,2020,5,26.63,29.91,23.97,223.9,86.9,2.41,Open-Meteo ERA5,Mei
Banten,2020,6,26.27,29.82,23.38,174.9,85.67,2.56,Open-Meteo ERA5,Juni
Banten,2020,7,26.26,30.11,23.04,113.4,81.16,2.89,Open-Meteo ERA5,Juli
Banten,2020,8,26.64,30.95,23.12,108.0,78.61,3.26,Open-Meteo ERA5,Agustus
Banten,2020,9,26.91,31.35,23.34,160.7,78.6,3.19,Open-Meteo ERA5,September
Banten,2020,10,26.95,31.35,23.6,169.0,79.74,2.92,Open-Meteo ERA5,Oktober
Banten,2020,11,26.59,30.48,23.65,192.4,83.33,3.22,Open-Meteo ERA5,November
Banten,2020,12,25.72,28.69,23.62,325.2,86.39,4.05,Open-Meteo ERA5,Desember
Banten,2021,1,25.5,28.24,23.38,279.1,88.06,3.6,Open-Meteo ERA5,Januari
Banten,2021,2,25.63,28.59,23.44,261.5,88.04,4.06,Open-Meteo ERA5,Februari
Banten,2021,3,26.12,29.86,23.13,222.8,85.52,3.1,Open-Meteo ERA5,Maret
Banten,2021,4,26.17,29.58,23.16,217.9,86.0,2.97,Open-Meteo ERA5,April
Banten,2021,5,26.67,30.25,23.69,166.6,85.32,2.74,Open-Meteo ERA5,Mei
Banten,2021,6,25.91,29.58,23.1,226.9,87.1,2.52,Open-Meteo ERA5,Juni
Banten,2021,7,26.16,30.17,22.75,78.3,81.84,2.92,Open-Meteo ERA5,Juli
Banten,2021,8,26.38,30.21,23.06,131.7,81.23,2.84,Open-Meteo ERA5,Agustus
Banten,2021,9,26.38,30.19,23.13,226.0,82.4,2.71,Open-Meteo ERA5,September
Banten,2021,10,26.99,31.78,23.35,161.4,79.03,3.17,Open-Meteo ERA5,Oktober
Banten,2021,11,26.25,29.94,23.45,253.4,84.0,2.92,Open-Meteo ERA5,November
Banten,2021,12,26.13,29.92,23.35,332.4,85.26,3.05,Open-Meteo ERA5,Desember
Banten,2022,1,26.16,30.0,23.03,190.8,83.48,3.54,Open-Meteo ERA5,Januari
Banten,2022,2,26.06,29.68,23.31,238.6,83.46,3.52,Open-Meteo ERA5,Februari
Banten,2022,3,26.35,30.15,23.31,230.2,84.1,3.3,Open-Meteo ERA5,Maret
Banten,2022,4,26.53,30.64,23.53,232.4,83.2,3.02,Open-Meteo ERA5,April
Banten,2022,5,26.4,30.39,23.51,227.9,85.58,2.7,Open-Meteo ERA5,Mei
Banten,2022,6,25.65,29.62,22.74,222.8,85.5,2.63,Open-Meteo ERA5,Juni
Banten,2022,7,26.06,29.89,22.94,214.9,83.03,2.8,Open-Meteo ERA5,Juli
Banten,2022,8,26.22,30.59,22.88,137.7,81.35,2.93,Open-Meteo ERA5,Agustus
Banten,2022,9,26.22,30.64,22.87,150.4,81.3,2.8,Open-Meteo ERA5,September
Banten,2022,10,26.01,30.18,23.09,409.2,84.13,3.06,Open-Meteo ERA5,Oktober
Banten,2022,11,26.22,30.16,23.25,204.2,83.13,3.23,Open-Meteo ERA5,November
Banten,2022,12,26.14,29.91,23.25,226.1,82.61,3.31,Open-Meteo ERA5,Desember
Banten,2023,1,26.02,29.57,23.13,185.8,82.45,3.72,Open-Meteo ERA5,Januari
Banten,2023,2,25.56,28.86,23.06,292.7,85.25,3.95,Open-Meteo ERA5,Februari
Banten,2023,3,25.78,29.29,23.08,234.1,86.19,3.18,Open-Meteo ERA5,Maret
Banten,2023,4,26.63,30.68,23.35,88.6,81.83,2.9,Open-Meteo ERA5,April
Banten,2023,5,26.86,30.83,23.66,136.3,83.35,2.85,Open-Meteo ERA5,Mei
Banten,2023,6,26.41,30.48,23.19,168.8,83.37,2.73,Open-Meteo ERA5,Juni
Banten,2023,7,26.6,31.29,23.16,134.3,79.26,2.92,Open-Meteo ERA5,Juli
Banten,2023,8,27.57,33.01,23.22,35.5,71.1,3.41,Open-Meteo ERA5,Agustus
Banten,2023,9,28.28,34.23,23.48,45.2,63.3,4.19,Open-Meteo ERA5,September
Banten,2023,10,28.68,34.7,24.2,80.9,68.26,3.81,Open-Meteo ERA5,Oktober
Banten,2023,11,27.79,33.2,24.21,200.4,78.23,3.25,Open-Meteo ERA5,November
Banten,2023,12,27.45,32.49,23.54,176.9,78.1,3.38,Open-Meteo ERA5,Desember
Banten,2024,1,26.64,30.65,23.73,378.2,85.32,3.16,Open-Meteo ERA5,Januari
Banten,2024,2,26.62,30.26,23.83,312.5,86.62,3.08,Open-Meteo ERA5,Februari
Banten,2024,3,26.68,30.44,23.98,288.2,85.81,3.56,Open-Meteo ERA5,Maret
Banten,2024,4,26.98,30.92,24.16,275.1,86.93,2.62,Open-Meteo ERA5,April
Banten,2024,5,27.26,31.0,24.47,237.7,84.48,2.65,Open-Meteo ERA5,Mei
Banten,2024,6,26.77,30.99,23.54,150.2,83.53,2.73,Open-Meteo ERA5,Juni
Banten,2024,7,26.6,31.09,22.91,118.1,77.71,3.0,Open-Meteo ERA5,Juli
Banten,2024,8,27.81,33.1,23.58,44.1,70.97,3.4,Open-Meteo ERA5,Agustus
Banten,2024,9,28.0,33.45,24.0,115.4,71.2,3.73,Open-Meteo ERA5,September
Banten,2024,10,28.71,34.75,24.25,58.5,68.48,4.01,Open-Meteo ERA5,Oktober
Banten,2024,11,27.11,32.16,24.1,297.0,83.03,3.36,Open-Meteo ERA5,November
Banten,2024,12,26.57,30.04,24.16,301.3,84.55,4.22,Open-Meteo ERA5,Desember
Bengkulu,2015,1,25.12,27.77,22.98,229.9,86.35,3.37,Open-Meteo ERA5,Januari
Bengkulu,2015,2,25.59,28.78,23.21,311.4,86.68,2.96,Open-Meteo ERA5,Februari
Bengkulu,2015,3,25.85,28.76,23.5,208.5,84.32,3.11,Open-Meteo ERA5,Maret
Bengkulu,2015,4,25.64,28.41,23.63,302.4,87.9,2.9,Open-Meteo ERA5,April
Bengkulu,2015,5,26.11,29.07,23.75,183.9,87.42,2.84,Open-Meteo ERA5,Mei
Bengkulu,2015,6,25.99,28.83,23.69,152.2,86.37,2.91,Open-Meteo ERA5,Juni
Bengkulu,2015,7,25.69,28.97,23.21,93.5,83.94,3.3,Open-Meteo ERA5,Juli
Bengkulu,2015,8,25.86,28.93,23.52,96.9,83.77,4.12,Open-Meteo ERA5,Agustus
Bengkulu,2015,9,25.81,29.12,23.65,65.6,83.2,5.17,Open-Meteo ERA5,September
Bengkulu,2015,10,26.06,29.39,23.63,78.6,87.1,4.69,Open-Meteo ERA5,Oktober
Bengkulu,2015,11,25.38,28.2,23.43,429.4,90.67,3.27,Open-Meteo ERA5,November
Bengkulu,2015,12,25.46,28.04,23.54,396.2,88.0,3.31,Open-Meteo ERA5,Desember
Bengkulu,2016,1,26.31,29.29,24.14,463.5,87.35,3.14,Open-Meteo ERA5,Januari
Bengkulu,2016,2,26.3,29.29,24.04,380.7,86.07,2.74,Open-Meteo ERA5,Februari
Bengkulu,2016,3,26.56,29.61,24.42,400.0,87.16,2.81,Open-Meteo ERA5,Maret
Bengkulu,2016,4,26.43,29.2,24.4,313.9,88.77,2.7,Open-Meteo ERA5,April
Bengkulu,2016,5,26.51,29.25,24.51,313.1,87.81,2.66,Open-Meteo ERA5,Mei
Bengkulu,2016,6,26.12,28.94,23.83,109.7,83.57,2.92,Open-Meteo ERA5,Juni
Bengkulu,2016,7,25.83,28.66,23.54,127.9,85.61,3.06,Open-Meteo ERA5,Juli
Bengkulu,2016,8,25.53,28.14,23.4,156.7,84.94,2.96,Open-Meteo ERA5,Agustus
Bengkulu,2016,9,25.33,27.95,23.43,199.6,86.97,3.47,Open-Meteo ERA5,September
Bengkulu,2016,10,25.0,27.49,23.21,207.6,88.06,3.67,Open-Meteo ERA5,Oktober
Bengkulu,2016,11,25.34,27.82,23.57,362.7,88.27,3.12,Open-Meteo ERA5,November
Bengkulu,2016,12,25.1,27.41,23.47,246.7,85.77,4.8,Open-Meteo ERA5,Desember
Bengkulu,2017,1,25.55,28.52,23.19,352.3,88.32,4.67,Open-Meteo ERA5,Januari
Bengkulu,2017,2,25.28,28.42,23.0,477.3,90.54,3.78,Open-Meteo ERA5,Februari
Bengkulu,2017,3,26.05,29.43,23.25,345.6,87.0,3.67,Open-Meteo ERA5,Maret
Bengkulu,2017,4,25.79,29.04,23.46,413.1,90.5,3.42,Open-Meteo ERA5,April
Bengkulu,2017,5,26.21,29.56,23.94,441.0,91.29,3.03,Open-Meteo ERA5,Mei
Bengkulu,2017,6,25.87,29.39,23.2,311.0,89.23,3.01,Open-Meteo ERA5,Juni
Bengkulu,2017,7,25.49,28.85,23.05,286.8,89.74,3.22,Open-Meteo ERA5,Juli
Bengkulu,2017,8,25.67,29.04,23.19,213.9,88.39,4.07,Open-Meteo ERA5,Agustus
Bengkulu,2017,9,25.75,29.02,23.42,310.6,89.03,4.18,Open-Meteo ERA5,September
Bengkulu,2017,10,25.71,29.05,23.27,415.7,89.65,3.31,Open-Meteo ERA5,Oktober
Bengkulu,2017,11,25.59,28.66,23.5,447.9,90.23,3.98,Open-Meteo ERA5,November
Bengkulu,2017,12,25.31,28.04,23.23,436.2,90.71,4.32,Open-Meteo ERA5,Desember
Bengkulu,2018,1,25.66,28.61,23.1,190.3,85.9,4.34,Open-Meteo ERA5,Januari
Bengkulu,2018,2,25.59,29.0,23.0,198.6,89.5,3.24,Open-Meteo ERA5,Februari
Bengkulu,2018,3,25.59,29.01,23.21,438.3,90.39,3.16,Open-Meteo ERA5,Maret
Bengkulu,2018,4,25.9,29.42,23.45,336.8,90.43,3.04,Open-Meteo ERA5,April
Bengkulu,2018,5,26.06,29.69,23.56,425.6,90.65,3.0,Open-Meteo ERA5,Mei
Bengkulu,2018,6,26.07,29.63,23.33,174.2,89.03,3.27,Open-Meteo ERA5,Juni
Bengkulu,2018,7,25.53,28.95,22.79,207.4,87.45,4.29,Open-Meteo ERA5,Juli
Bengkulu,2018,8,25.25,28.44,22.79,380.8,88.61,4.48,Open-Meteo ERA5,Agustus
Bengkulu,2018,9,25.64,29.0,22.97,124.3,86.2,4.87,Open-Meteo ERA5,September
Bengkulu,2018,10,25.59,28.89,23.22,365.2,90.71,4.02,Open-Meteo ERA5,Oktober
Bengkulu,2018,11,25.34,28.43,23.24,628.4,92.53,3.42,Open-Meteo ERA5,November
Bengkulu,2018,12,25.55,28.68,23.24,429.5,90.55,3.54,Open-Meteo ERA5,Desember
Bengkulu,2019,1,25.7,28.98,23.24,416.7,89.55,3.76,Open-Meteo ERA5,Januari
Bengkulu,2019,2,26.06,29.68,23.5,305.1,89.57,3.16,Open-Meteo ERA5,Februari
Bengkulu,2019,3,25.98,29.4,23.29,314.7,89.45,3.66,Open-Meteo ERA5,Maret
Bengkulu,2019,4,26.34,29.71,23.85,581.5,90.03,3.01,Open-Meteo ERA5,April
Bengkulu,2019,5,26.47,30.05,23.61,211.8,88.71,3.26,Open-Meteo ERA5,Mei
Bengkulu,2019,6,26.23,29.62,23.89,323.4,90.23,3.68,Open-Meteo ERA5,Juni
Bengkulu,2019,7,25.95,29.46,23.09,85.5,86.03,4.67,Open-Meteo ERA5,Juli
Bengkulu,2019,8,25.52,29.1,22.84,22.8,81.84,5.82,Open-Meteo ERA5,Agustus
Bengkulu,2019,9,25.88,29.81,22.89,21.0,81.23,5.98,Open-Meteo ERA5,September
Bengkulu,2019,10,25.74,29.31,23.15,104.0,83.97,5.93,Open-Meteo ERA5,Oktober
Bengkulu,2019,11,26.08,30.08,22.94,102.3,85.37,4.79,Open-Meteo ERA5,November
Bengkulu,2019,12,25.56,28.87,23.21,390.1,92.13,2.81,Open-Meteo ERA5,Desember
Bengkulu,2020,1,25.92,29.21,23.55,399.0,90.84,3.4,Open-Meteo ERA5,Januari
Bengkulu,2020,2,26.31,29.88,23.8,357.1,89.52,3.18,Open-Meteo ERA5,Februari
Bengkulu,2020,3,26.35,29.8,23.94,440.1,89.84,3.39,Open-Meteo ERA5,Maret
Bengkulu,2020,4,26.3,29.66,23.94,393.8,91.47,3.04,Open-Meteo ERA5,April
Bengkulu,2020,5,26.81,30.28,24.2,285.9,89.48,3.56,Open-Meteo ERA5,Mei
Bengkulu,2020,6,26.16,29.69,23.65,305.7,89.87,3.21,Open-Meteo ERA5,Juni
Bengkulu,2020,7,26.23,29.98,23.55,207.8,87.23,3.97,Open-Meteo ERA5,Juli
Bengkulu,2020,8,26.37,30.2,23.3,140.5,86.87,3.91,Open-Meteo ERA5,Agustus
Bengkulu,2020,9,25.8,29.24,23.3,326.4,88.57,4.55,Open-Meteo ERA5,September
Bengkulu,2020,10,25.58,28.65,23.34,498.9,90.32,3.23,Open-Meteo ERA5,Oktober
Bengkulu,2020,11,25.66,28.77,23.38,485.4,91.27,3.34,Open-Meteo ERA5,November
Bengkulu,2020,12,25.63,28.25,23.33,339.1,88.87,4.16,Open-Meteo ERA5,Desember
Bengkulu,2021,1,25.83,29.09,23.29,252.4,87.71,3.65,Open-Meteo ERA5,Januari
Bengkulu,2021,2,26.2,29.7,23.39,171.9,87.04,3.98,Open-Meteo ERA5,Februari
Bengkulu,2021,3,25.87,29.34,23.35,344.5,89.74,3.38,Open-Meteo ERA5,Maret
Bengkulu,2021,4,26.05,29.29,23.56,270.0,89.67,3.58,Open-Meteo ERA5,April
Bengkulu,2021,5,26.26,29.88,23.77,433.3,91.29,2.95,Open-Meteo ERA5,Mei
Bengkulu,2021,6,25.78,29.3,23.13,304.1,89.5,3.12,Open-Meteo ERA5,Juni
Bengkulu,2021,7,25.65,29.45,22.66,224.6,87.97,3.42,Open-Meteo ERA5,Juli
Bengkulu,2021,8,25.49,28.8,23.09,432.8,90.68,3.15,Open-Meteo ERA5,Agustus
Bengkulu,2021,9,25.7,29.21,23.24,518.5,89.97,3.87,Open-Meteo ERA5,September
Bengkulu,2021,10,25.61,29.09,23.1,399.5,89.97,3.47,Open-Meteo ERA5,Oktober
Bengkulu,2021,11,25.8,29.07,23.26,198.1,87.73,4.17,Open-Meteo ERA5,November
Bengkulu,2021,12,25.58,28.99,23.07,398.8,89.84,3.89,Open-Meteo ERA5,Desember
Bengkulu,2022,1,25.7,29.48,22.88,261.0,88.61,3.34,Open-Meteo ERA5,Januari
Bengkulu,2022,2,26.1,29.76,23.05,220.5,84.18,3.7,Open-Meteo ERA5,Februari
Bengkulu,2022,3,26.29,29.72,23.3,193.3,85.74,4.1,Open-Meteo ERA5,Maret
Bengkulu,2022,4,26.14,29.82,23.32,250.2,87.47,3.52,Open-Meteo ERA5,April
Bengkulu,2022,5,26.57,30.25,23.77,193.3,86.48,3.58,Open-Meteo ERA5,Mei
Bengkulu,2022,6,25.33,28.89,22.92,588.6,90.6,3.23,Open-Meteo ERA5,Juni
Bengkulu,2022,7,25.64,29.39,22.77,273.6,88.9,3.28,Open-Meteo ERA5,Juli
Bengkulu,2022,8,25.39,28.99,22.85,466.4,89.84,3.37,Open-Meteo ERA5,Agustus
Bengkulu,2022,9,25.31,28.9,22.78,369.5,89.23,3.23,Open-Meteo ERA5,September
Bengkulu,2022,10,25.1,28.27,22.93,498.1,90.97,3.41,Open-Meteo ERA5,Oktober
Bengkulu,2022,11,25.16,28.22,22.96,486.1,91.0,4.27,Open-Meteo ERA5,November
Bengkulu,2022,12,25.58,28.67,22.91,305.8,87.19,4.16,Open-Meteo ERA5,Desember
Bengkulu,2023,1,25.17,28.35,22.83,372.2,89.81,3.92,Open-Meteo ERA5,Januari
Bengkulu,2023,2,25.82,29.29,23.07,282.9,86.71,4.48,Open-Meteo ERA5,Februari
Bengkulu,2023,3,25.5,29.38,22.95,378.3,90.16,3.47,Open-Meteo ERA5,Maret
Bengkulu,2023,4,25.88,29.53,23.19,303.4,90.1,3.36,Open-Meteo ERA5,April
Bengkulu,2023,5,26.58,30.26,23.83,217.5,88.94,3.49,Open-Meteo ERA5,Mei
Bengkulu,2023,6,25.91,29.66,23.27,312.3,90.73,3.32,Open-Meteo ERA5,Juni
Bengkulu,2023,7,25.62,29.15,22.95,342.6,89.65,3.76,Open-Meteo ERA5,Juli
Bengkulu,2023,8,25.72,29.51,22.88,153.0,87.29,4.69,Open-Meteo ERA5,Agustus
Bengkulu,2023,9,25.56,29.49,22.52,28.7,82.17,5.7,Open-Meteo ERA5,September
Bengkulu,2023,10,25.97,29.96,23.26,148.7,86.19,4.98,Open-Meteo ERA5,Oktober
Bengkulu,2023,11,25.5,28.94,23.15,320.7,92.13,3.38,Open-Meteo ERA5,November
Bengkulu,2023,12,25.99,29.74,23.19,212.1,89.13,3.71,Open-Meteo ERA5,Desember
Bengkulu,2024,1,25.91,29.49,23.37,585.8,90.42,3.09,Open-Meteo ERA5,Januari
Bengkulu,2024,2,26.08,30.07,23.52,627.1,90.59,2.98,Open-Meteo ERA5,Februari
Bengkulu,2024,3,26.47,30.16,23.74,362.7,88.58,3.65,Open-Meteo ERA5,Maret
Bengkulu,2024,4,26.41,30.48,23.88,446.2,91.67,3.07,Open-Meteo ERA5,April
Bengkulu,2024,5,26.71,30.54,24.22,365.3,90.55,3.06,Open-Meteo ERA5,Mei
Bengkulu,2024,6,26.17,30.23,23.46,364.7,90.3,3.24,Open-Meteo ERA5,Juni
Bengkulu,2024,7,26.27,30.29,23.05,156.3,85.29,3.86,Open-Meteo ERA5,Juli
Bengkulu,2024,8,26.17,30.39,23.15,151.9,85.58,4.91,Open-Meteo ERA5,Agustus
Bengkulu,2024,9,26.5,30.59,23.26,135.1,83.07,4.5,Open-Meteo ERA5,September
Bengkulu,2024,10,26.46,30.83,23.05,196.5,82.97,4.21,Open-Meteo ERA5,Oktober
Bengkulu,2024,11,26.06,29.96,23.64,330.3,88.53,3.37,Open-Meteo ERA5,November
Bengkulu,2024,12,26.42,29.55,23.85,348.8,85.0,5.27,Open-Meteo ERA5,Desember
DI Yogyakarta,2015,1,24.88,28.14,22.5,267.5,88.35,3.42,Open-Meteo ERA5,Januari
DI Yogyakarta,2015,2,25.05,28.69,22.44,323.2,88.93,2.97,Open-Meteo ERA5,Februari
DI Yogyakarta,2015,3,25.2,29.03,22.61,331.8,88.77,2.82,Open-Meteo ERA5,Maret
DI Yogyakarta,2015,4,25.38,28.97,22.92,476.0,89.27,2.59,Open-Meteo ERA5,April
DI Yogyakarta,2015,5,25.05,29.04,21.49,96.3,85.65,3.05,Open-Meteo ERA5,Mei
DI Yogyakarta,2015,6,24.81,29.26,20.81,48.1,82.77,3.87,Open-Meteo ERA5,Juni
DI Yogyakarta,2015,7,24.82,29.84,20.74,13.4,79.1,4.08,Open-Meteo ERA5,Juli
DI Yogyakarta,2015,8,24.49,29.98,20.26,9.3,77.9,4.61,Open-Meteo ERA5,Agustus
DI Yogyakarta,2015,9,24.84,30.58,21.15,1.7,77.0,5.02,Open-Meteo ERA5,September
DI Yogyakarta,2015,10,26.32,32.32,22.17,14.6,76.23,5.05,Open-Meteo ERA5,Oktober
DI Yogyakarta,2015,11,26.13,30.3,23.14,275.7,84.37,3.58,Open-Meteo ERA5,November
DI Yogyakarta,2015,12,25.5,28.92,23.22,446.1,89.35,3.05,Open-Meteo ERA5,Desember
DI Yogyakarta,2016,1,26.21,29.96,23.56,317.9,87.74,2.65,Open-Meteo ERA5,Januari
DI Yogyakarta,2016,2,25.34,28.42,23.18,387.7,90.9,2.84,Open-Meteo ERA5,Februari
DI Yogyakarta,2016,3,26.12,29.6,23.56,348.0,89.03,2.51,Open-Meteo ERA5,Maret
DI Yogyakarta,2016,4,26.19,29.93,23.44,326.8,88.0,2.38,Open-Meteo ERA5,April
DI Yogyakarta,2016,5,26.16,29.87,23.35,232.5,88.23,2.39,Open-Meteo ERA5,Mei
DI Yogyakarta,2016,6,25.42,29.05,22.58,389.5,87.9,2.47,Open-Meteo ERA5,Juni
DI Yogyakarta,2016,7,25.33,29.1,22.26,161.8,86.65,2.89,Open-Meteo ERA5,Juli
DI Yogyakarta,2016,8,25.13,28.96,21.87,121.9,84.16,3.35,Open-Meteo ERA5,Agustus
DI Yogyakarta,2016,9,25.48,29.24,22.71,341.9,86.5,3.13,Open-Meteo ERA5,September
DI Yogyakarta,2016,10,25.3,28.75,23.0,492.3,89.35,2.85,Open-Meteo ERA5,Oktober
DI Yogyakarta,2016,11,25.26,28.69,22.95,417.5,90.5,2.95,Open-Meteo ERA5,November
DI Yogyakarta,2016,12,25.09,28.24,22.94,350.3,87.81,3.93,Open-Meteo ERA5,Desember
DI Yogyakarta,2017,1,25.47,29.14,23.0,265.8,85.84,3.72,Open-Meteo ERA5,Januari
DI Yogyakarta,2017,2,25.28,29.11,22.76,378.0,86.5,3.52,Open-Meteo ERA5,Februari
DI Yogyakarta,2017,3,25.76,29.61,23.02,191.3,85.65,3.25,Open-Meteo ERA5,Maret
DI Yogyakarta,2017,4,25.83,29.52,23.3,279.0,86.2,3.0,Open-Meteo ERA5,April
DI Yogyakarta,2017,5,25.99,29.95,22.85,122.4,82.81,3.35,Open-Meteo ERA5,Mei
DI Yogyakarta,2017,6,25.87,30.32,22.61,105.2,81.47,3.28,Open-Meteo ERA5,Juni
DI Yogyakarta,2017,7,25.24,29.88,21.63,35.4,77.71,4.48,Open-Meteo ERA5,Juli
DI Yogyakarta,2017,8,25.29,30.94,21.08,9.6,73.58,5.3,Open-Meteo ERA5,Agustus
DI Yogyakarta,2017,9,25.96,31.59,22.19,87.5,74.33,4.78,Open-Meteo ERA5,September
DI Yogyakarta,2017,10,25.66,29.25,23.05,192.5,84.1,3.47,Open-Meteo ERA5,Oktober
DI Yogyakarta,2017,11,25.21,28.52,23.02,551.2,87.53,3.39,Open-Meteo ERA5,November
DI Yogyakarta,2017,12,25.55,29.09,22.96,166.8,84.23,4.08,Open-Meteo ERA5,Desember
DI Yogyakarta,2018,1,25.21,28.63,22.84,434.6,86.26,3.8,Open-Meteo ERA5,Januari
DI Yogyakarta,2018,2,25.26,28.94,22.69,271.1,86.5,3.58,Open-Meteo ERA5,Februari
DI Yogyakarta,2018,3,25.61,29.55,22.81,182.0,85.23,3.36,Open-Meteo ERA5,Maret
DI Yogyakarta,2018,4,26.36,30.55,23.19,110.3,82.8,3.16,Open-Meteo ERA5,April
DI Yogyakarta,2018,5,26.97,32.65,22.57,54.8,73.94,3.82,Open-Meteo ERA5,Mei
DI Yogyakarta,2018,6,26.37,32.35,21.92,31.0,73.23,4.6,Open-Meteo ERA5,Juni
DI Yogyakarta,2018,7,24.87,31.36,19.83,8.4,70.9,5.06,Open-Meteo ERA5,Juli
DI Yogyakarta,2018,8,24.69,30.44,20.19,17.9,72.03,5.06,Open-Meteo ERA5,Agustus
DI Yogyakarta,2018,9,25.59,31.03,21.57,39.8,73.87,4.65,Open-Meteo ERA5,September
DI Yogyakarta,2018,10,26.8,32.54,22.48,36.9,72.58,4.88,Open-Meteo ERA5,Oktober
DI Yogyakarta,2018,11,26.15,29.83,23.46,457.5,84.07,3.4,Open-Meteo ERA5,November
DI Yogyakarta,2018,12,25.66,28.63,23.6,271.0,86.45,3.94,Open-Meteo ERA5,Desember
DI Yogyakarta,2019,1,25.65,29.35,23.25,447.3,88.0,3.63,Open-Meteo ERA5,Januari
DI Yogyakarta,2019,2,25.92,29.8,23.15,343.5,87.32,2.97,Open-Meteo ERA5,Februari
DI Yogyakarta,2019,3,25.58,29.14,23.06,423.4,87.65,3.26,Open-Meteo ERA5,Maret
DI Yogyakarta,2019,4,26.43,30.39,23.6,214.7,85.63,3.07,Open-Meteo ERA5,April
DI Yogyakarta,2019,5,26.73,31.54,22.73,47.3,76.84,3.67,Open-Meteo ERA5,Mei
DI Yogyakarta,2019,6,25.84,32.41,20.73,6.4,70.43,4.96,Open-Meteo ERA5,Juni
DI Yogyakarta,2019,7,25.45,32.33,20.38,7.4,70.29,5.56,Open-Meteo ERA5,Juli
DI Yogyakarta,2019,8,25.29,32.15,20.16,5.0,69.35,5.56,Open-Meteo ERA5,Agustus
DI Yogyakarta,2019,9,26.14,33.75,21.01,3.3,67.47,5.77,Open-Meteo ERA5,September
DI Yogyakarta,2019,10,27.13,33.74,22.69,35.0,71.23,5.05,Open-Meteo ERA5,Oktober
DI Yogyakarta,2019,11,26.96,32.1,23.19,123.1,76.43,3.89,Open-Meteo ERA5,November
DI Yogyakarta,2019,12,26.45,30.62,23.7,311.3,85.97,3.01,Open-Meteo ERA5,Desember
DI Yogyakarta,2020,1,26.13,29.81,23.41,239.7,86.13,3.47,Open-Meteo ERA5,Januari
DI Yogyakarta,2020,2,25.98,29.72,23.54,302.1,88.86,3.22,Open-Meteo ERA5,Februari
DI Yogyakarta,2020,3,26.1,29.92,23.42,548.1,88.13,3.12,Open-Meteo ERA5,Maret
DI Yogyakarta,2020,4,26.46,30.31,23.5,210.8,86.73,2.77,Open-Meteo ERA5,April
DI Yogyakarta,2020,5,26.78,30.68,23.73,187.3,83.81,3.26,Open-Meteo ERA5,Mei
DI Yogyakarta,2020,6,25.84,30.04,22.41,72.9,82.3,3.57,Open-Meteo ERA5,Juni
DI Yogyakarta,2020,7,25.58,30.84,21.35,23.0,76.45,4.28,Open-Meteo ERA5,Juli
DI Yogyakarta,2020,8,25.9,31.97,21.43,43.4,75.39,4.67,Open-Meteo ERA5,Agustus
DI Yogyakarta,2020,9,26.68,32.21,22.62,68.2,73.7,4.91,Open-Meteo ERA5,September
DI Yogyakarta,2020,10,26.13,30.54,23.25,248.5,82.03,3.77,Open-Meteo ERA5,Oktober
DI Yogyakarta,2020,11,25.88,29.56,23.29,452.0,87.17,3.36,Open-Meteo ERA5,November
DI Yogyakarta,2020,12,25.28,28.73,22.95,399.8,88.26,3.69,Open-Meteo ERA5,Desember
DI Yogyakarta,2021,1,25.35,29.02,22.94,358.5,87.58,3.52,Open-Meteo ERA5,Januari
DI Yogyakarta,2021,2,25.29,28.94,22.84,486.3,88.64,3.5,Open-Meteo ERA5,Februari
DI Yogyakarta,2021,3,25.72,29.68,22.85,206.6,85.97,3.25,Open-Meteo ERA5,Maret
DI Yogyakarta,2021,4,26.15,30.46,22.84,168.0,83.8,3.06,Open-Meteo ERA5,April
DI Yogyakarta,2021,5,26.96,31.64,23.2,74.4,79.06,3.2,Open-Meteo ERA5,Mei
DI Yogyakarta,2021,6,26.25,30.92,22.92,327.8,83.27,3.04,Open-Meteo ERA5,Juni
DI Yogyakarta,2021,7,25.32,30.24,21.25,30.7,79.81,3.96,Open-Meteo ERA5,Juli
DI Yogyakarta,2021,8,25.85,30.76,21.96,50.2,77.32,4.46,Open-Meteo ERA5,Agustus
DI Yogyakarta,2021,9,25.87,30.64,22.55,125.3,79.87,4.14,Open-Meteo ERA5,September
DI Yogyakarta,2021,10,25.86,30.46,22.62,173.6,80.84,3.85,Open-Meteo ERA5,Oktober
DI Yogyakarta,2021,11,25.33,29.15,22.86,509.0,88.33,3.16,Open-Meteo ERA5,November
DI Yogyakarta,2021,12,25.55,29.41,22.89,314.2,87.71,3.74,Open-Meteo ERA5,Desember
DI Yogyakarta,2022,1,25.34,29.45,22.39,279.3,85.71,3.9,Open-Meteo ERA5,Januari
DI Yogyakarta,2022,2,25.45,29.44,22.7,280.1,86.96,3.39,Open-Meteo ERA5,Februari
DI Yogyakarta,2022,3,25.45,29.65,22.66,345.4,87.9,3.51,Open-Meteo ERA5,Maret
DI Yogyakarta,2022,4,25.54,29.91,22.68,357.5,87.5,2.94,Open-Meteo ERA5,April
DI Yogyakarta,2022,5,26.07,30.3,23.14,252.4,86.26,3.03,Open-Meteo ERA5,Mei
DI Yogyakarta,2022,6,25.22,29.28,22.21,231.3,85.43,3.08,Open-Meteo ERA5,Juni
DI Yogyakarta,2022,7,25.22,29.97,21.42,65.4,81.48,3.77,Open-Meteo ERA5,Juli
DI Yogyakarta,2022,8,25.28,30.01,21.62,115.7,80.13,4.21,Open-Meteo ERA5,Agustus
DI Yogyakarta,2022,9,25.52,30.11,22.27,198.4,82.2,3.8,Open-Meteo ERA5,September
DI Yogyakarta,2022,10,24.98,28.5,22.63,403.9,86.42,3.47,Open-Meteo ERA5,Oktober
DI Yogyakarta,2022,11,25.03,28.77,22.58,505.6,88.9,3.25,Open-Meteo ERA5,November
DI Yogyakarta,2022,12,25.16,29.01,22.32,359.9,87.0,3.78,Open-Meteo ERA5,Desember
DI Yogyakarta,2023,1,25.26,28.94,22.45,215.3,86.48,4.18,Open-Meteo ERA5,Januari
DI Yogyakarta,2023,2,25.05,28.91,22.64,459.6,88.11,3.76,Open-Meteo ERA5,Februari
DI Yogyakarta,2023,3,25.61,29.88,22.6,321.8,86.16,3.21,Open-Meteo ERA5,Maret
DI Yogyakarta,2023,4,25.84,30.01,22.84,236.3,85.07,3.47,Open-Meteo ERA5,April
DI Yogyakarta,2023,5,26.11,30.96,22.24,110.2,79.68,3.69,Open-Meteo ERA5,Mei
DI Yogyakarta,2023,6,26.03,31.16,22.23,62.1,79.4,3.95,Open-Meteo ERA5,Juni
DI Yogyakarta,2023,7,24.71,29.72,20.72,63.8,78.35,4.16,Open-Meteo ERA5,Juli
DI Yogyakarta,2023,8,24.94,31.7,19.99,6.2,73.65,5.02,Open-Meteo ERA5,Agustus
DI Yogyakarta,2023,9,25.39,32.22,20.82,13.7,71.93,5.37,Open-Meteo ERA5,September
DI Yogyakarta,2023,10,27.24,33.81,22.77,40.8,73.58,4.29,Open-Meteo ERA5,Oktober
DI Yogyakarta,2023,11,26.89,31.96,23.35,165.3,80.57,3.7,Open-Meteo ERA5,November
DI Yogyakarta,2023,12,26.49,31.12,23.09,154.5,78.77,3.94,Open-Meteo ERA5,Desember
DI Yogyakarta,2024,1,25.79,29.51,23.28,391.9,87.45,3.76,Open-Meteo ERA5,Januari
DI Yogyakarta,2024,2,26.26,30.21,23.35,287.7,86.45,3.29,Open-Meteo ERA5,Februari
DI Yogyakarta,2024,3,26.44,30.47,23.64,303.9,85.87,3.47,Open-Meteo ERA5,Maret
DI Yogyakarta,2024,4,26.61,30.67,23.9,312.8,87.07,3.15,Open-Meteo ERA5,April
DI Yogyakarta,2024,5,26.36,30.9,22.8,135.5,83.68,3.09,Open-Meteo ERA5,Mei
DI Yogyakarta,2024,6,26.19,31.08,22.47,53.9,81.23,3.37,Open-Meteo ERA5,Juni
DI Yogyakarta,2024,7,25.17,30.88,20.6,44.0,76.87,4.31,Open-Meteo ERA5,Juli
DI Yogyakarta,2024,8,25.23,31.39,20.85,25.9,74.87,4.94,Open-Meteo ERA5,Agustus
DI Yogyakarta,2024,9,26.08,31.99,21.84,86.0,76.83,4.35,Open-Meteo ERA5,September
DI Yogyakarta,2024,10,26.88,32.41,22.78,110.6,75.77,4.31,Open-Meteo ERA5,Oktober
DI Yogyakarta,2024,11,26.11,30.95,23.35,384.4,86.87,3.29,Open-Meteo ERA5,November
DI Yogyakarta,2024,12,25.98,30.3,23.55,381.6,86.84,3.56,Open-Meteo ERA5,Desember
DKI Jakarta,2015,1,25.48,28.11,23.54,254.3,85.52,4.24,Open-Meteo ERA5,Januari
DKI Jakarta,2015,2,25.4,28.22,23.12,335.1,86.96,3.62,Open-Meteo ERA5,Februari
DKI Jakarta,2015,3,25.83,28.89,23.52,269.0,85.97,3.22,Open-Meteo ERA5,Maret
DKI Jakarta,2015,4,26.16,29.27,23.86,254.6,85.83,3.29,Open-Meteo ERA5,April
DKI Jakarta,2015,5,26.7,30.12,23.72,71.6,81.61,2.83,Open-Meteo ERA5,Mei
DKI Jakarta,2015,6,26.87,30.55,23.59,44.7,78.17,3.43,Open-Meteo ERA5,Juni
DKI Jakarta,2015,7,27.03,31.06,23.65,17.7,73.13,4.26,Open-Meteo ERA5,Juli
DKI Jakarta,2015,8,26.94,31.34,23.39,16.6,73.71,4.31,Open-Meteo ERA5,Agustus
DKI Jakarta,2015,9,27.65,32.24,23.51,19.3,69.43,4.38,Open-Meteo ERA5,September
DKI Jakarta,2015,10,28.2,32.95,24.11,20.7,68.87,4.14,Open-Meteo ERA5,Oktober
DKI Jakarta,2015,11,27.32,31.09,24.51,162.6,79.4,3.1,Open-Meteo ERA5,November
DKI Jakarta,2015,12,26.25,29.16,24.02,323.3,85.42,3.5,Open-Meteo ERA5,Desember
DKI Jakarta,2016,1,26.44,29.36,24.2,304.5,87.23,3.28,Open-Meteo ERA5,Januari
DKI Jakarta,2016,2,26.03,28.71,24.12,448.2,88.17,3.56,Open-Meteo ERA5,Februari
DKI Jakarta,2016,3,26.63,29.61,24.41,328.5,87.52,3.21,Open-Meteo ERA5,Maret
DKI Jakarta,2016,4,26.71,29.91,24.45,332.3,87.0,2.76,Open-Meteo ERA5,April
DKI Jakarta,2016,5,26.83,29.78,24.56,199.4,86.16,2.8,Open-Meteo ERA5,Mei
DKI Jakarta,2016,6,26.45,29.63,23.91,103.5,84.67,2.48,Open-Meteo ERA5,Juni
DKI Jakarta,2016,7,26.18,29.63,23.35,119.8,84.13,2.45,Open-Meteo ERA5,Juli
DKI Jakarta,2016,8,26.36,29.77,23.56,116.0,82.48,2.49,Open-Meteo ERA5,Agustus
DKI Jakarta,2016,9,26.43,29.78,23.75,161.5,83.07,2.67,Open-Meteo ERA5,September
DKI Jakarta,2016,10,26.17,29.35,23.91,355.3,85.16,2.75,Open-Meteo ERA5,Oktober
DKI Jakarta,2016,11,26.38,29.65,24.07,262.9,85.23,2.46,Open-Meteo ERA5,November
DKI Jakarta,2016,12,26.23,28.99,24.18,175.9,83.03,4.61,Open-Meteo ERA5,Desember
DKI Jakarta,2017,1,26.45,29.63,24.1,195.6,83.16,4.27,Open-Meteo ERA5,Januari
DKI Jakarta,2017,2,25.75,29.06,23.54,311.8,86.5,3.88,Open-Meteo ERA5,Februari
DKI Jakarta,2017,3,26.75,30.76,23.85,258.1,83.39,3.21,Open-Meteo ERA5,Maret
DKI Jakarta,2017,4,26.82,30.77,24.1,235.2,84.0,3.08,Open-Meteo ERA5,April
DKI Jakarta,2017,5,27.44,31.54,24.3,141.9,81.48,2.7,Open-Meteo ERA5,Mei
DKI Jakarta,2017,6,26.91,30.86,23.81,198.8,82.4,2.92,Open-Meteo ERA5,Juni
DKI Jakarta,2017,7,26.82,30.99,23.56,61.9,79.42,2.92,Open-Meteo ERA5,Juli
DKI Jakarta,2017,8,27.71,32.54,23.93,14.0,70.35,4.16,Open-Meteo ERA5,Agustus
DKI Jakarta,2017,9,28.04,32.77,24.57,115.6,71.8,4.08,Open-Meteo ERA5,September
DKI Jakarta,2017,10,27.25,31.62,24.19,210.1,81.84,2.92,Open-Meteo ERA5,Oktober
DKI Jakarta,2017,11,27.0,31.11,24.28,267.5,82.67,3.52,Open-Meteo ERA5,November
DKI Jakarta,2017,12,26.7,30.65,24.08,205.6,80.87,4.17,Open-Meteo ERA5,Desember
DKI Jakarta,2018,1,26.3,29.62,23.97,191.3,82.29,4.7,Open-Meteo ERA5,Januari
DKI Jakarta,2018,2,25.81,29.04,23.4,266.8,86.32,3.65,Open-Meteo ERA5,Februari
DKI Jakarta,2018,3,26.5,30.49,23.62,252.0,84.16,3.11,Open-Meteo ERA5,Maret
DKI Jakarta,2018,4,26.71,30.67,23.7,189.8,84.8,3.06,Open-Meteo ERA5,April
DKI Jakarta,2018,5,27.27,31.61,23.72,110.6,80.74,3.08,Open-Meteo ERA5,Mei
DKI Jakarta,2018,6,27.16,31.5,23.72,55.3,79.9,3.19,Open-Meteo ERA5,Juni
DKI Jakarta,2018,7,26.97,31.9,22.83,20.3,73.58,3.89,Open-Meteo ERA5,Juli
DKI Jakarta,2018,8,27.65,32.48,23.61,17.9,67.65,4.31,Open-Meteo ERA5,Agustus
DKI Jakarta,2018,9,27.67,32.92,23.55,38.5,69.9,4.57,Open-Meteo ERA5,September
DKI Jakarta,2018,10,28.12,32.88,24.4,99.0,73.77,3.81,Open-Meteo ERA5,Oktober
DKI Jakarta,2018,11,27.03,31.3,24.05,258.7,83.47,3.01,Open-Meteo ERA5,November
DKI Jakarta,2018,12,27.0,30.85,24.21,170.6,81.39,3.93,Open-Meteo ERA5,Desember
DKI Jakarta,2019,1,26.46,29.73,23.87,253.3,85.03,4.07,Open-Meteo ERA5,Januari
DKI Jakarta,2019,2,26.52,30.32,23.69,249.6,86.57,3.32,Open-Meteo ERA5,Februari
DKI Jakarta,2019,3,26.72,30.55,23.98,255.9,85.16,3.15,Open-Meteo ERA5,Maret
DKI Jakarta,2019,4,26.95,31.35,24.03,250.4,86.17,2.91,Open-Meteo ERA5,April
DKI Jakarta,2019,5,27.36,31.55,23.93,133.1,82.16,2.87,Open-Meteo ERA5,Mei
DKI Jakarta,2019,6,27.75,32.71,23.61,31.5,74.1,3.52,Open-Meteo ERA5,Juni
DKI Jakarta,2019,7,27.96,33.51,23.61,21.2,66.58,4.67,Open-Meteo ERA5,Juli
DKI Jakarta,2019,8,27.87,33.2,23.64,26.0,65.32,4.72,Open-Meteo ERA5,Agustus
DKI Jakarta,2019,9,28.34,33.76,24.08,8.4,65.8,4.79,Open-Meteo ERA5,September
DKI Jakarta,2019,10,28.57,33.87,24.44,49.4,69.77,4.25,Open-Meteo ERA5,Oktober
DKI Jakarta,2019,11,28.06,32.9,24.4,134.9,77.37,3.46,Open-Meteo ERA5,November
DKI Jakarta,2019,12,26.93,30.91,24.1,364.2,85.23,2.99,Open-Meteo ERA5,Desember
DKI Jakarta,2020,1,26.45,29.55,24.09,477.0,87.65,3.6,Open-Meteo ERA5,Januari
DKI Jakarta,2020,2,26.31,29.42,24.06,390.6,88.38,3.53,Open-Meteo ERA5,Februari
DKI Jakarta,2020,3,26.78,30.6,24.01,331.8,86.48,3.35,Open-Meteo ERA5,Maret
DKI Jakarta,2020,4,26.98,30.85,24.14,280.9,86.87,2.97,Open-Meteo ERA5,April
DKI Jakarta,2020,5,27.22,31.15,24.17,236.2,85.9,2.77,Open-Meteo ERA5,Mei
DKI Jakarta,2020,6,27.09,31.46,23.63,122.1,82.87,2.9,Open-Meteo ERA5,Juni
DKI Jakarta,2020,7,27.26,32.06,23.41,79.5,76.52,3.62,Open-Meteo ERA5,Juli
DKI Jakarta,2020,8,27.78,33.0,23.82,73.0,73.13,4.09,Open-Meteo ERA5,Agustus
DKI Jakarta,2020,9,27.76,32.94,23.76,88.3,75.43,3.86,Open-Meteo ERA5,September
DKI Jakarta,2020,10,27.22,31.85,23.94,227.6,80.55,3.18,Open-Meteo ERA5,Oktober
DKI Jakarta,2020,11,27.05,31.3,24.04,205.9,83.4,3.36,Open-Meteo ERA5,November
DKI Jakarta,2020,12,26.16,29.55,23.96,243.0,84.52,4.38,Open-Meteo ERA5,Desember
DKI Jakarta,2021,1,25.69,28.62,23.58,427.2,87.58,3.92,Open-Meteo ERA5,Januari
DKI Jakarta,2021,2,25.74,28.92,23.4,402.7,88.21,4.12,Open-Meteo ERA5,Februari
DKI Jakarta,2021,3,26.53,30.47,23.56,235.5,84.97,3.21,Open-Meteo ERA5,Maret
DKI Jakarta,2021,4,26.81,30.72,23.69,152.8,83.87,2.96,Open-Meteo ERA5,April
DKI Jakarta,2021,5,27.3,31.51,24.11,165.5,83.55,2.94,Open-Meteo ERA5,Mei
DKI Jakarta,2021,6,26.49,30.7,23.38,148.8,85.83,2.75,Open-Meteo ERA5,Juni
DKI Jakarta,2021,7,26.96,31.62,23.11,47.9,78.23,3.28,Open-Meteo ERA5,Juli
DKI Jakarta,2021,8,27.16,31.85,23.38,114.1,77.42,3.47,Open-Meteo ERA5,Agustus
DKI Jakarta,2021,9,27.24,31.88,23.7,163.2,79.37,3.23,Open-Meteo ERA5,September
DKI Jakarta,2021,10,27.27,32.21,23.75,167.4,79.77,3.2,Open-Meteo ERA5,Oktober
DKI Jakarta,2021,11,26.67,31.03,23.91,240.9,82.9,3.49,Open-Meteo ERA5,November
DKI Jakarta,2021,12,26.45,30.65,23.59,302.1,84.77,3.46,Open-Meteo ERA5,Desember
DKI Jakarta,2022,1,26.32,30.45,23.31,232.9,83.74,3.94,Open-Meteo ERA5,Januari
DKI Jakarta,2022,2,26.26,30.21,23.52,208.5,83.71,3.7,Open-Meteo ERA5,Februari
DKI Jakarta,2022,3,26.77,31.14,23.86,266.1,83.26,3.8,Open-Meteo ERA5,Maret
DKI Jakarta,2022,4,26.81,31.56,23.69,210.0,83.7,3.1,Open-Meteo ERA5,April
DKI Jakarta,2022,5,26.88,31.36,23.74,153.7,84.87,3.02,Open-Meteo ERA5,Mei
DKI Jakarta,2022,6,26.08,30.7,22.83,188.0,85.33,2.9,Open-Meteo ERA5,Juni
DKI Jakarta,2022,7,26.8,31.35,23.25,122.2,80.77,3.19,Open-Meteo ERA5,Juli
DKI Jakarta,2022,8,26.68,31.95,22.85,143.9,80.13,3.36,Open-Meteo ERA5,Agustus
DKI Jakarta,2022,9,26.62,31.78,23.0,195.7,81.03,3.2,Open-Meteo ERA5,September
DKI Jakarta,2022,10,26.36,30.99,23.35,308.1,84.77,3.19,Open-Meteo ERA5,Oktober
DKI Jakarta,2022,11,26.49,31.14,23.47,280.3,83.73,3.48,Open-Meteo ERA5,November
DKI Jakarta,2022,12,26.18,30.61,23.37,286.2,84.77,3.77,Open-Meteo ERA5,Desember
DKI Jakarta,2023,1,26.25,30.01,23.44,223.8,82.74,4.11,Open-Meteo ERA5,Januari
DKI Jakarta,2023,2,25.71,29.66,23.32,338.0,85.39,4.41,Open-Meteo ERA5,Februari
DKI Jakarta,2023,3,26.1,30.26,23.19,282.3,85.65,3.45,Open-Meteo ERA5,Maret
DKI Jakarta,2023,4,27.2,32.16,23.63,146.2,80.57,3.47,Open-Meteo ERA5,April
DKI Jakarta,2023,5,27.44,32.08,23.95,132.9,81.9,2.94,Open-Meteo ERA5,Mei
DKI Jakarta,2023,6,27.17,32.25,23.47,157.7,81.07,3.29,Open-Meteo ERA5,Juni
DKI Jakarta,2023,7,27.2,32.47,23.24,75.4,76.39,3.59,Open-Meteo ERA5,Juli
DKI Jakarta,2023,8,27.81,33.64,23.19,27.5,70.97,4.52,Open-Meteo ERA5,Agustus
DKI Jakarta,2023,9,28.13,34.32,23.37,21.1,67.13,5.02,Open-Meteo ERA5,September
DKI Jakarta,2023,10,28.86,35.15,24.33,68.0,70.19,4.64,Open-Meteo ERA5,Oktober
DKI Jakarta,2023,11,27.62,33.07,24.05,258.9,81.77,3.31,Open-Meteo ERA5,November
DKI Jakarta,2023,12,27.64,32.74,24.06,195.7,80.13,3.38,Open-Meteo ERA5,Desember
DKI Jakarta,2024,1,26.92,31.22,24.05,352.4,83.97,3.75,Open-Meteo ERA5,Januari
DKI Jakarta,2024,2,26.93,31.1,24.1,265.5,85.83,3.36,Open-Meteo ERA5,Februari
DKI Jakarta,2024,3,26.93,31.27,24.05,275.2,84.9,4.05,Open-Meteo ERA5,Maret
DKI Jakarta,2024,4,27.45,32.17,24.34,281.7,86.53,2.82,Open-Meteo ERA5,April
DKI Jakarta,2024,5,27.8,32.45,24.35,217.5,83.23,2.94,Open-Meteo ERA5,Mei
DKI Jakarta,2024,6,27.12,31.81,23.58,143.7,83.2,3.03,Open-Meteo ERA5,Juni
DKI Jakarta,2024,7,27.01,32.04,22.98,97.0,76.94,3.5,Open-Meteo ERA5,Juli
DKI Jakarta,2024,8,27.76,33.7,23.36,37.7,72.81,4.64,Open-Meteo ERA5,Agustus
DKI Jakarta,2024,9,27.8,33.4,23.67,126.0,75.0,3.97,Open-Meteo ERA5,September
DKI Jakarta,2024,10,28.39,34.04,24.19,105.9,73.9,4.07,Open-Meteo ERA5,Oktober
DKI Jakarta,2024,11,27.48,32.41,24.52,267.5,82.2,3.02,Open-Meteo ERA5,November
DKI Jakarta,2024,12,27.15,30.5,24.71,330.1,81.74,3.48,Open-Meteo ERA5,Desember
Gorontalo,2015,1,26.24,29.52,24.06,333.0,88.68,3.15,Open-Meteo ERA5,Januari
Gorontalo,2015,2,25.86,29.34,23.43,211.4,87.93,3.31,Open-Meteo ERA5,Februari
Gorontalo,2015,3,26.29,29.92,23.64,177.2,86.68,3.24,Open-Meteo ERA5,Maret
Gorontalo,2015,4,26.57,30.24,23.82,249.9,88.13,2.42,Open-Meteo ERA5,April
Gorontalo,2015,5,26.38,29.47,24.25,392.3,88.94,2.16,Open-Meteo ERA5,Mei
Gorontalo,2015,6,26.14,28.99,24.23,333.6,87.8,2.72,Open-Meteo ERA5,Juni
Gorontalo,2015,7,26.29,29.42,23.95,33.5,78.45,4.06,Open-Meteo ERA5,Juli
Gorontalo,2015,8,26.37,30.12,23.48,15.3,72.1,4.27,Open-Meteo ERA5,Agustus
Gorontalo,2015,9,27.27,31.68,23.71,1.1,65.37,3.65,Open-Meteo ERA5,September
Gorontalo,2015,10,27.54,32.05,24.02,185.8,68.35,3.19,Open-Meteo ERA5,Oktober
Gorontalo,2015,11,26.68,30.45,24.15,579.0,88.47,1.93,Open-Meteo ERA5,November
Gorontalo,2015,12,27.04,30.64,24.4,195.2,86.1,2.9,Open-Meteo ERA5,Desember
Gorontalo,2016,1,26.76,30.31,24.3,219.5,86.81,2.92,Open-Meteo ERA5,Januari
Gorontalo,2016,2,27.04,30.55,24.35,154.6,84.1,3.69,Open-Meteo ERA5,Februari
Gorontalo,2016,3,27.53,31.15,24.68,66.4,83.97,3.58,Open-Meteo ERA5,Maret
Gorontalo,2016,4,27.16,30.71,24.5,263.3,88.43,2.39,Open-Meteo ERA5,April
Gorontalo,2016,5,27.02,30.34,24.71,527.1,90.35,1.86,Open-Meteo ERA5,Mei
Gorontalo,2016,6,26.3,29.4,23.96,437.4,90.4,1.96,Open-Meteo ERA5,Juni
Gorontalo,2016,7,26.18,29.18,24.13,219.7,87.0,2.72,Open-Meteo ERA5,Juli
Gorontalo,2016,8,26.69,29.87,24.39,149.8,81.94,3.35,Open-Meteo ERA5,Agustus
Gorontalo,2016,9,26.83,30.28,24.33,300.4,85.3,2.42,Open-Meteo ERA5,September
Gorontalo,2016,10,26.58,30.17,24.05,441.0,88.58,2.07,Open-Meteo ERA5,Oktober
Gorontalo,2016,11,26.75,30.16,24.37,381.6,89.17,2.44,Open-Meteo ERA5,November
Gorontalo,2016,12,26.71,29.95,24.52,356.7,89.13,2.5,Open-Meteo ERA5,Desember
Gorontalo,2017,1,26.36,29.9,23.94,224.2,87.61,2.56,Open-Meteo ERA5,Januari
Gorontalo,2017,2,26.26,29.71,23.94,205.5,86.46,2.62,Open-Meteo ERA5,Februari
Gorontalo,2017,3,26.1,29.77,23.44,246.3,87.48,2.59,Open-Meteo ERA5,Maret
Gorontalo,2017,4,26.36,29.69,24.04,282.9,88.8,2.37,Open-Meteo ERA5,April
Gorontalo,2017,5,26.52,29.42,24.33,308.1,89.71,2.39,Open-Meteo ERA5,Mei
Gorontalo,2017,6,25.85,28.62,23.77,368.1,89.3,2.57,Open-Meteo ERA5,Juni
Gorontalo,2017,7,25.95,28.43,23.79,304.1,87.32,3.18,Open-Meteo ERA5,Juli
Gorontalo,2017,8,26.05,28.63,23.84,308.7,84.39,3.83,Open-Meteo ERA5,Agustus
Gorontalo,2017,9,26.4,29.23,24.16,126.8,84.9,3.45,Open-Meteo ERA5,September
Gorontalo,2017,10,26.58,29.75,24.05,227.3,87.81,2.72,Open-Meteo ERA5,Oktober
Gorontalo,2017,11,26.39,29.74,24.05,265.4,89.0,2.3,Open-Meteo ERA5,November
Gorontalo,2017,12,26.67,30.19,24.22,224.1,87.77,2.46,Open-Meteo ERA5,Desember
Gorontalo,2018,1,26.28,29.9,23.79,282.9,87.1,2.58,Open-Meteo ERA5,Januari
Gorontalo,2018,2,26.18,29.85,23.64,225.5,88.32,2.56,Open-Meteo ERA5,Februari
Gorontalo,2018,3,26.18,30.01,23.49,302.9,86.55,2.56,Open-Meteo ERA5,Maret
Gorontalo,2018,4,26.06,29.28,23.77,278.2,89.8,2.08,Open-Meteo ERA5,April
Gorontalo,2018,5,26.45,29.32,24.14,294.6,88.77,2.84,Open-Meteo ERA5,Mei
Gorontalo,2018,6,26.19,29.04,23.6,175.3,85.9,3.29,Open-Meteo ERA5,Juni
Gorontalo,2018,7,26.61,29.4,24.19,173.7,82.06,3.93,Open-Meteo ERA5,Juli
Gorontalo,2018,8,27.25,30.59,24.47,39.1,74.42,4.46,Open-Meteo ERA5,Agustus
Gorontalo,2018,9,27.42,31.44,23.69,18.6,70.0,4.81,Open-Meteo ERA5,September
Gorontalo,2018,10,27.17,31.25,23.66,112.8,79.39,3.73,Open-Meteo ERA5,Oktober
Gorontalo,2018,11,26.52,30.25,23.91,250.7,89.03,2.46,Open-Meteo ERA5,November
Gorontalo,2018,12,26.51,30.27,24.01,235.4,88.06,2.43,Open-Meteo ERA5,Desember
Gorontalo,2019,1,26.5,30.24,23.93,200.0,86.03,2.76,Open-Meteo ERA5,Januari
Gorontalo,2019,2,26.18,30.21,23.14,174.0,85.21,2.55,Open-Meteo ERA5,Februari
Gorontalo,2019,3,26.77,31.29,23.34,101.4,81.1,3.14,Open-Meteo ERA5,Maret
Gorontalo,2019,4,26.63,30.13,24.18,349.3,88.23,2.37,Open-Meteo ERA5,April
Gorontalo,2019,5,26.95,30.22,24.33,158.2,87.06,2.94,Open-Meteo ERA5,Mei
Gorontalo,2019,6,26.59,29.28,24.48,255.3,85.5,3.54,Open-Meteo ERA5,Juni
Gorontalo,2019,7,26.37,29.18,24.04,99.8,79.61,4.37,Open-Meteo ERA5,Juli
Gorontalo,2019,8,27.41,31.01,24.47,7.3,70.1,5.37,Open-Meteo ERA5,Agustus
Gorontalo,2019,9,27.48,31.81,23.39,15.7,66.77,5.42,Open-Meteo ERA5,September
Gorontalo,2019,10,26.84,30.8,23.41,142.1,81.58,4.0,Open-Meteo ERA5,Oktober
Gorontalo,2019,11,27.43,31.74,23.69,63.0,78.9,3.69,Open-Meteo ERA5,November
Gorontalo,2019,12,27.04,31.42,24.08,149.8,85.26,3.1,Open-Meteo ERA5,Desember
Gorontalo,2020,1,27.18,31.45,23.99,114.0,82.1,2.71,Open-Meteo ERA5,Januari
Gorontalo,2020,2,27.54,32.25,24.19,90.7,78.41,2.87,Open-Meteo ERA5,Februari
Gorontalo,2020,3,26.73,30.74,24.03,324.1,86.55,2.49,Open-Meteo ERA5,Maret
Gorontalo,2020,4,26.82,30.85,24.02,224.7,86.33,2.47,Open-Meteo ERA5,April
Gorontalo,2020,5,27.26,30.55,24.81,243.5,86.68,2.94,Open-Meteo ERA5,Mei
Gorontalo,2020,6,26.25,29.06,24.03,254.7,88.1,2.93,Open-Meteo ERA5,Juni
Gorontalo,2020,7,25.74,28.25,23.61,346.1,89.45,3.44,Open-Meteo ERA5,Juli
Gorontalo,2020,8,26.55,29.69,23.76,155.5,82.16,3.65,Open-Meteo ERA5,Agustus
Gorontalo,2020,9,26.38,29.57,23.84,181.3,86.3,3.35,Open-Meteo ERA5,September
Gorontalo,2020,10,26.74,30.21,23.96,176.7,84.35,2.94,Open-Meteo ERA5,Oktober
Gorontalo,2020,11,26.48,30.27,23.79,201.6,87.57,2.77,Open-Meteo ERA5,November
Gorontalo,2020,12,26.72,30.54,24.18,276.4,87.0,2.6,Open-Meteo ERA5,Desember
Gorontalo,2021,1,26.36,29.95,23.84,281.4,87.23,2.9,Open-Meteo ERA5,Januari
Gorontalo,2021,2,26.61,30.45,23.86,135.6,85.04,3.22,Open-Meteo ERA5,Februari
Gorontalo,2021,3,26.35,30.58,23.66,249.1,87.74,2.54,Open-Meteo ERA5,Maret
Gorontalo,2021,4,26.75,30.45,23.95,331.6,86.77,2.87,Open-Meteo ERA5,April
Gorontalo,2021,5,26.67,29.4,24.35,333.0,88.23,2.89,Open-Meteo ERA5,Mei
Gorontalo,2021,6,26.52,29.54,23.83,256.6,85.43,3.26,Open-Meteo ERA5,Juni
Gorontalo,2021,7,26.38,29.24,23.87,305.7,85.19,3.32,Open-Meteo ERA5,Juli
Gorontalo,2021,8,26.28,29.42,23.55,270.3,86.48,3.66,Open-Meteo ERA5,Agustus
Gorontalo,2021,9,25.99,28.85,23.75,314.9,88.7,2.9,Open-Meteo ERA5,September
Gorontalo,2021,10,26.7,30.38,23.79,202.8,85.48,3.04,Open-Meteo ERA5,Oktober
Gorontalo,2021,11,26.1,30.0,23.5,275.7,89.4,2.24,Open-Meteo ERA5,November
Gorontalo,2021,12,26.94,31.05,24.2,159.1,83.84,3.26,Open-Meteo ERA5,Desember
Gorontalo,2022,1,26.1,30.11,23.39,271.1,86.84,2.78,Open-Meteo ERA5,Januari
Gorontalo,2022,2,25.91,29.61,23.41,162.6,86.14,3.17,Open-Meteo ERA5,Februari
Gorontalo,2022,3,26.26,30.33,23.49,231.4,88.06,2.47,Open-Meteo ERA5,Maret
Gorontalo,2022,4,26.34,29.89,23.83,323.7,88.67,2.49,Open-Meteo ERA5,April
Gorontalo,2022,5,26.36,29.52,24.08,305.0,89.26,2.28,Open-Meteo ERA5,Mei
Gorontalo,2022,6,25.91,29.21,23.28,192.2,88.33,2.71,Open-Meteo ERA5,Juni
Gorontalo,2022,7,26.07,28.78,23.81,318.4,87.03,3.46,Open-Meteo ERA5,Juli
Gorontalo,2022,8,26.2,29.19,23.52,183.9,84.58,3.53,Open-Meteo ERA5,Agustus
Gorontalo,2022,9,26.16,29.68,23.27,215.3,85.63,3.23,Open-Meteo ERA5,September
Gorontalo,2022,10,26.43,30.24,23.72,252.7,87.29,2.91,Open-Meteo ERA5,Oktober
Gorontalo,2022,11,26.29,30.44,23.68,358.2,88.8,2.48,Open-Meteo ERA5,November
Gorontalo,2022,12,26.46,30.38,23.71,256.3,86.52,2.64,Open-Meteo ERA5,Desember
Gorontalo,2023,1,26.46,30.59,23.54,255.3,85.61,2.91,Open-Meteo ERA5,Januari
Gorontalo,2023,2,26.56,30.65,23.74,149.0,83.25,3.32,Open-Meteo ERA5,Februari
Gorontalo,2023,3,26.13,30.08,23.37,225.1,87.71,2.75,Open-Meteo ERA5,Maret
Gorontalo,2023,4,26.69,30.68,23.91,195.2,86.87,2.76,Open-Meteo ERA5,April
Gorontalo,2023,5,27.23,30.3,24.59,227.5,84.58,3.31,Open-Meteo ERA5,Mei
Gorontalo,2023,6,26.75,29.9,23.93,229.5,84.6,3.24,Open-Meteo ERA5,Juni
Gorontalo,2023,7,26.75,30.06,24.05,163.3,80.61,3.76,Open-Meteo ERA5,Juli
Gorontalo,2023,8,27.93,31.77,24.38,19.3,68.77,5.19,Open-Meteo ERA5,Agustus
Gorontalo,2023,9,28.09,32.51,24.02,25.4,65.0,4.89,Open-Meteo ERA5,September
Gorontalo,2023,10,28.56,33.63,23.62,15.6,63.77,4.72,Open-Meteo ERA5,Oktober
Gorontalo,2023,11,27.34,32.41,23.87,169.1,82.13,3.28,Open-Meteo ERA5,November
Gorontalo,2023,12,27.09,32.2,23.86,154.2,84.06,2.88,Open-Meteo ERA5,Desember
Gorontalo,2024,1,26.93,31.59,23.8,159.8,82.48,3.35,Open-Meteo ERA5,Januari
Gorontalo,2024,2,27.22,32.35,23.49,71.7,79.72,3.04,Open-Meteo ERA5,Februari
Gorontalo,2024,3,27.06,32.09,23.86,165.1,82.35,2.8,Open-Meteo ERA5,Maret
Gorontalo,2024,4,27.04,31.69,23.82,156.5,84.2,2.39,Open-Meteo ERA5,April
Gorontalo,2024,5,27.4,31.15,24.64,143.6,85.35,2.93,Open-Meteo ERA5,Mei
Gorontalo,2024,6,26.41,29.72,24.0,195.7,86.5,3.06,Open-Meteo ERA5,Juni
Gorontalo,2024,7,26.48,29.5,23.94,196.7,82.26,3.93,Open-Meteo ERA5,Juli
Gorontalo,2024,8,26.71,30.13,23.91,262.7,79.87,3.95,Open-Meteo ERA5,Agustus
Gorontalo,2024,9,27.52,31.7,23.94,33.5,75.2,4.16,Open-Meteo ERA5,September
Gorontalo,2024,10,27.46,31.93,24.0,60.4,78.1,3.36,Open-Meteo ERA5,Oktober
Gorontalo,2024,11,27.14,31.58,24.13,146.1,82.67,2.88,Open-Meteo ERA5,November
Gorontalo,2024,12,27.86,32.27,24.73,122.0,79.1,3.27,Open-Meteo ERA5,Desember
Jambi,2015,1,25.73,29.43,23.27,149.1,85.74,3.15,Open-Meteo ERA5,Januari
Jambi,2015,2,25.43,29.34,22.86,166.3,86.54,2.93,Open-Meteo ERA5,Februari
Jambi,2015,3,25.73,30.03,23.39,295.1,89.84,2.45,Open-Meteo ERA5,Maret
Jambi,2015,4,26.1,30.06,23.88,263.7,90.7,2.1,Open-Meteo ERA5,April
Jambi,2015,5,26.48,30.21,24.07,162.2,89.26,2.35,Open-Meteo ERA5,Mei
Jambi,2015,6,26.61,30.47,23.82,90.7,85.03,2.55,Open-Meteo ERA5,Juni
Jambi,2015,7,27.57,32.06,24.2,49.9,75.42,2.98,Open-Meteo ERA5,Juli
Jambi,2015,8,27.85,32.7,24.11,46.1,71.9,2.78,Open-Meteo ERA5,Agustus
Jambi,2015,9,28.62,33.84,24.42,35.3,66.6,2.9,Open-Meteo ERA5,September
Jambi,2015,10,28.35,33.66,24.35,76.1,71.32,2.72,Open-Meteo ERA5,Oktober
Jambi,2015,11,26.36,30.38,23.96,268.8,88.03,2.16,Open-Meteo ERA5,November
Jambi,2015,12,26.03,29.71,23.89,259.5,89.87,2.58,Open-Meteo ERA5,Desember
Jambi,2016,1,26.08,30.03,23.86,245.8,90.0,2.47,Open-Meteo ERA5,Januari
Jambi,2016,2,26.0,29.55,23.81,260.3,88.66,3.02,Open-Meteo ERA5,Februari
Jambi,2016,3,26.35,30.18,24.13,378.8,91.06,2.46,Open-Meteo ERA5,Maret
Jambi,2016,4,26.83,30.93,24.56,313.1,90.37,2.1,Open-Meteo ERA5,April
Jambi,2016,5,26.92,30.68,24.63,218.4,90.26,2.25,Open-Meteo ERA5,Mei
Jambi,2016,6,26.55,30.21,24.08,136.4,89.13,2.07,Open-Meteo ERA5,Juni
Jambi,2016,7,26.72,30.55,23.97,174.7,86.58,2.26,Open-Meteo ERA5,Juli
Jambi,2016,8,26.71,30.74,23.93,171.0,87.1,2.41,Open-Meteo ERA5,Agustus
Jambi,2016,9,26.45,30.35,23.75,276.7,88.6,2.08,Open-Meteo ERA5,September
Jambi,2016,10,26.32,30.11,23.92,287.7,89.9,2.08,Open-Meteo ERA5,Oktober
Jambi,2016,11,25.86,29.55,23.74,396.7,91.17,2.2,Open-Meteo ERA5,November
Jambi,2016,12,26.39,30.21,23.85,208.5,88.19,2.65,Open-Meteo ERA5,Desember
Jambi,2017,1,26.25,29.6,23.82,148.7,87.68,3.27,Open-Meteo ERA5,Januari
Jambi,2017,2,25.79,29.36,23.36,274.8,87.57,3.7,Open-Meteo ERA5,Februari
Jambi,2017,3,26.05,29.88,23.56,308.1,89.77,2.96,Open-Meteo ERA5,Maret
Jambi,2017,4,26.37,29.9,24.01,295.5,91.03,2.47,Open-Meteo ERA5,April
Jambi,2017,5,26.68,30.23,24.27,283.1,90.35,2.97,Open-Meteo ERA5,Mei
Jambi,2017,6,26.51,29.95,23.94,127.1,88.7,2.77,Open-Meteo ERA5,Juni
Jambi,2017,7,26.0,29.34,23.46,150.8,88.26,3.2,Open-Meteo ERA5,Juli
Jambi,2017,8,26.08,29.65,23.44,148.9,87.19,3.18,Open-Meteo ERA5,Agustus
Jambi,2017,9,26.33,29.97,23.73,183.9,88.53,2.71,Open-Meteo ERA5,September
Jambi,2017,10,26.35,30.12,23.79,257.4,89.94,2.5,Open-Meteo ERA5,Oktober
Jambi,2017,11,26.31,29.9,23.9,273.9,89.3,2.71,Open-Meteo ERA5,November
Jambi,2017,12,26.0,29.41,23.77,268.9,89.19,3.15,Open-Meteo ERA5,Desember
Jambi,2018,1,26.01,29.57,23.41,126.9,85.58,3.37,Open-Meteo ERA5,Januari
Jambi,2018,2,25.7,29.42,23.35,183.5,86.75,3.54,Open-Meteo ERA5,Februari
Jambi,2018,3,25.63,29.26,23.33,303.5,90.94,2.83,Open-Meteo ERA5,Maret
Jambi,2018,4,26.08,29.61,23.76,279.7,91.43,2.58,Open-Meteo ERA5,April
Jambi,2018,5,26.11,29.47,23.9,233.2,91.42,2.65,Open-Meteo ERA5,Mei
Jambi,2018,6,26.31,29.86,23.76,135.9,89.23,3.04,Open-Meteo ERA5,Juni
Jambi,2018,7,26.53,30.13,23.65,105.8,85.52,3.05,Open-Meteo ERA5,Juli
Jambi,2018,8,26.88,31.01,23.78,143.9,81.97,3.3,Open-Meteo ERA5,Agustus
Jambi,2018,9,26.47,30.67,23.16,97.3,82.7,2.97,Open-Meteo ERA5,September
Jambi,2018,10,26.51,30.29,23.67,250.0,87.13,2.7,Open-Meteo ERA5,Oktober
Jambi,2018,11,25.95,29.12,23.67,300.5,91.37,2.58,Open-Meteo ERA5,November
Jambi,2018,12,26.23,29.71,23.8,267.1,89.29,2.75,Open-Meteo ERA5,Desember
Jambi,2019,1,26.03,29.68,23.6,240.9,88.68,3.57,Open-Meteo ERA5,Januari
Jambi,2019,2,25.92,29.64,23.58,278.7,90.64,3.1,Open-Meteo ERA5,Februari
Jambi,2019,3,26.63,30.55,23.87,204.0,87.94,2.96,Open-Meteo ERA5,Maret
Jambi,2019,4,26.65,30.19,24.31,269.6,90.93,2.66,Open-Meteo ERA5,April
Jambi,2019,5,26.71,30.1,24.26,215.8,91.35,2.67,Open-Meteo ERA5,Mei
Jambi,2019,6,26.32,29.61,24.01,211.6,90.53,2.93,Open-Meteo ERA5,Juni
Jambi,2019,7,26.59,30.45,23.4,75.9,83.03,3.4,Open-Meteo ERA5,Juli
Jambi,2019,8,27.84,32.54,23.87,80.8,71.06,3.67,Open-Meteo ERA5,Agustus
Jambi,2019,9,28.27,33.88,23.89,71.0,68.8,3.55,Open-Meteo ERA5,September
Jambi,2019,10,26.86,31.36,23.67,175.1,83.16,2.98,Open-Meteo ERA5,Oktober
Jambi,2019,11,26.59,30.6,24.03,164.5,88.23,2.72,Open-Meteo ERA5,November
Jambi,2019,12,25.62,29.0,23.63,305.6,91.35,3.08,Open-Meteo ERA5,Desember
Jambi,2020,1,26.18,29.72,23.8,198.1,88.77,3.7,Open-Meteo ERA5,Januari
Jambi,2020,2,26.5,30.22,23.98,170.8,86.76,3.58,Open-Meteo ERA5,Februari
Jambi,2020,3,26.88,30.67,24.15,285.0,88.1,2.94,Open-Meteo ERA5,Maret
Jambi,2020,4,26.55,30.07,24.2,306.2,91.27,2.63,Open-Meteo ERA5,April
Jambi,2020,5,26.85,30.1,24.53,271.5,91.16,2.68,Open-Meteo ERA5,Mei
Jambi,2020,6,26.27,29.52,23.98,191.6,90.07,2.99,Open-Meteo ERA5,Juni
Jambi,2020,7,25.89,29.31,23.49,195.4,90.1,2.92,Open-Meteo ERA5,Juli
Jambi,2020,8,27.02,31.25,23.97,59.2,83.35,3.39,Open-Meteo ERA5,Agustus
Jambi,2020,9,26.2,30.02,23.59,244.1,87.83,3.08,Open-Meteo ERA5,September
Jambi,2020,10,26.46,30.03,23.82,220.1,88.19,2.52,Open-Meteo ERA5,Oktober
Jambi,2020,11,26.03,29.43,23.75,304.1,90.67,2.61,Open-Meteo ERA5,November
Jambi,2020,12,26.36,29.96,23.93,187.9,87.45,3.21,Open-Meteo ERA5,Desember
Jambi,2021,1,25.19,28.23,23.16,265.3,90.06,3.72,Open-Meteo ERA5,Januari
Jambi,2021,2,26.18,29.99,23.62,116.5,85.11,3.94,Open-Meteo ERA5,Februari
Jambi,2021,3,26.1,29.98,23.61,309.4,89.39,2.86,Open-Meteo ERA5,Maret
Jambi,2021,4,26.5,30.29,23.82,233.7,89.13,2.78,Open-Meteo ERA5,April
Jambi,2021,5,26.59,30.01,24.2,268.0,91.03,2.65,Open-Meteo ERA5,Mei
Jambi,2021,6,26.61,30.23,23.96,219.3,89.3,2.5,Open-Meteo ERA5,Juni
Jambi,2021,7,26.39,30.05,23.51,112.4,86.1,2.95,Open-Meteo ERA5,Juli
Jambi,2021,8,25.96,29.49,23.52,249.0,88.94,2.9,Open-Meteo ERA5,Agustus
Jambi,2021,9,26.18,29.86,23.56,235.7,89.43,2.64,Open-Meteo ERA5,September
Jambi,2021,10,26.62,30.67,23.65,278.9,87.65,3.12,Open-Meteo ERA5,Oktober
Jambi,2021,11,26.64,30.7,23.81,262.5,86.73,2.54,Open-Meteo ERA5,November
Jambi,2021,12,26.16,30.19,23.5,300.1,87.74,3.34,Open-Meteo ERA5,Desember
Jambi,2022,1,26.09,30.19,23.22,183.1,85.9,3.39,Open-Meteo ERA5,Januari
Jambi,2022,2,26.18,30.51,23.22,190.9,85.96,3.57,Open-Meteo ERA5,Februari
Jambi,2022,3,26.78,31.39,23.72,220.6,86.55,3.12,Open-Meteo ERA5,Maret
Jambi,2022,4,26.54,30.64,23.62,254.6,88.5,2.75,Open-Meteo ERA5,April
Jambi,2022,5,26.9,30.97,23.94,196.2,88.16,2.84,Open-Meteo ERA5,Mei
Jambi,2022,6,25.87,29.88,23.24,254.7,89.93,3.06,Open-Meteo ERA5,Juni
Jambi,2022,7,26.33,30.19,23.5,186.8,87.71,3.22,Open-Meteo ERA5,Juli
Jambi,2022,8,25.83,29.97,23.05,364.2,88.84,3.23,Open-Meteo ERA5,Agustus
Jambi,2022,9,25.96,29.93,23.22,288.5,88.47,2.93,Open-Meteo ERA5,September
Jambi,2022,10,26.01,29.91,23.43,329.8,89.48,2.89,Open-Meteo ERA5,Oktober
Jambi,2022,11,26.3,30.21,23.69,297.2,89.03,2.9,Open-Meteo ERA5,November
Jambi,2022,12,25.85,29.88,23.28,289.2,88.26,3.37,Open-Meteo ERA5,Desember
Jambi,2023,1,25.63,29.36,23.1,253.7,88.16,3.63,Open-Meteo ERA5,Januari
Jambi,2023,2,26.14,30.49,23.33,192.4,85.25,3.93,Open-Meteo ERA5,Februari
Jambi,2023,3,25.83,29.9,23.06,249.8,87.9,3.4,Open-Meteo ERA5,Maret
Jambi,2023,4,26.53,30.83,23.56,289.7,89.53,2.84,Open-Meteo ERA5,April
Jambi,2023,5,26.81,30.59,23.97,330.4,89.94,2.83,Open-Meteo ERA5,Mei
Jambi,2023,6,26.45,30.41,23.71,257.4,89.87,3.14,Open-Meteo ERA5,Juni
Jambi,2023,7,26.33,30.05,23.52,198.3,88.45,3.31,Open-Meteo ERA5,Juli
Jambi,2023,8,26.55,30.98,23.29,142.4,85.48,3.33,Open-Meteo ERA5,Agustus
Jambi,2023,9,27.06,32.14,23.31,71.2,79.93,3.54,Open-Meteo ERA5,September
Jambi,2023,10,27.59,32.69,23.95,156.1,81.19,3.35,Open-Meteo ERA5,Oktober
Jambi,2023,11,26.63,30.68,23.81,264.3,88.9,3.11,Open-Meteo ERA5,November
Jambi,2023,12,26.28,30.33,23.75,371.0,89.97,3.05,Open-Meteo ERA5,Desember
Jambi,2024,1,26.01,29.95,23.75,339.0,90.1,3.53,Open-Meteo ERA5,Januari
Jambi,2024,2,26.37,30.6,23.83,323.3,89.1,3.55,Open-Meteo ERA5,Februari
Jambi,2024,3,27.0,31.18,24.27,265.7,87.61,3.31,Open-Meteo ERA5,Maret
Jambi,2024,4,26.99,31.06,24.36,377.5,91.03,2.89,Open-Meteo ERA5,April
Jambi,2024,5,27.12,31.08,24.64,420.1,90.71,2.95,Open-Meteo ERA5,Mei
Jambi,2024,6,26.65,30.63,23.89,231.2,89.33,3.18,Open-Meteo ERA5,Juni
Jambi,2024,7,27.2,31.41,23.97,61.1,82.06,3.59,Open-Meteo ERA5,Juli
Jambi,2024,8,27.75,32.96,24.05,73.8,76.77,3.62,Open-Meteo ERA5,Agustus
Jambi,2024,9,27.35,32.1,24.05,195.6,82.1,3.47,Open-Meteo ERA5,September
Jambi,2024,10,27.39,31.97,24.05,166.6,83.81,2.98,Open-Meteo ERA5,Oktober
Jambi,2024,11,26.56,30.56,24.11,268.5,88.8,3.06,Open-Meteo ERA5,November
Jambi,2024,12,27.14,31.0,24.54,193.5,84.77,3.62,Open-Meteo ERA5,Desember
Jawa Barat,2015,1,22.41,25.8,20.13,331.6,89.65,2.54,Open-Meteo ERA5,Januari
Jawa Barat,2015,2,22.39,25.64,20.17,505.3,90.64,2.1,Open-Meteo ERA5,Februari
Jawa Barat,2015,3,22.51,25.91,20.24,424.1,90.23,2.17,Open-Meteo ERA5,Maret
Jawa Barat,2015,4,22.91,26.33,20.63,450.5,90.37,1.95,Open-Meteo ERA5,April
Jawa Barat,2015,5,23.22,27.02,19.69,141.5,84.74,1.58,Open-Meteo ERA5,Mei
Jawa Barat,2015,6,23.42,27.92,19.12,71.5,80.0,1.68,Open-Meteo ERA5,Juni
Jawa Barat,2015,7,23.75,28.38,19.65,25.3,74.13,2.05,Open-Meteo ERA5,Juli
Jawa Barat,2015,8,24.22,29.57,19.5,22.0,70.9,2.06,Open-Meteo ERA5,Agustus
Jawa Barat,2015,9,24.75,30.27,19.76,54.7,67.97,1.98,Open-Meteo ERA5,September
Jawa Barat,2015,10,24.75,29.84,20.16,112.0,71.39,1.91,Open-Meteo ERA5,Oktober
Jawa Barat,2015,11,23.69,27.56,20.97,488.1,85.8,1.54,Open-Meteo ERA5,November
Jawa Barat,2015,12,23.15,26.29,20.93,481.3,89.52,1.96,Open-Meteo ERA5,Desember
Jawa Barat,2016,1,23.34,26.63,21.15,392.1,90.16,1.87,Open-Meteo ERA5,Januari
Jawa Barat,2016,2,22.91,26.02,21.04,584.0,92.14,2.02,Open-Meteo ERA5,Februari
Jawa Barat,2016,3,23.54,26.84,21.41,447.3,90.65,1.82,Open-Meteo ERA5,Maret
Jawa Barat,2016,4,23.54,26.97,21.22,497.7,90.47,1.56,Open-Meteo ERA5,April
Jawa Barat,2016,5,23.73,26.98,21.34,214.1,89.48,1.7,Open-Meteo ERA5,Mei
Jawa Barat,2016,6,23.26,26.75,20.49,205.4,87.57,1.56,Open-Meteo ERA5,Juni
Jawa Barat,2016,7,22.95,26.61,19.93,191.8,87.23,1.41,Open-Meteo ERA5,Juli
Jawa Barat,2016,8,23.31,27.16,20.12,241.4,84.1,1.65,Open-Meteo ERA5,Agustus
Jawa Barat,2016,9,23.05,26.51,20.5,424.0,87.87,1.68,Open-Meteo ERA5,September
Jawa Barat,2016,10,22.92,26.17,20.73,634.3,89.77,1.75,Open-Meteo ERA5,Oktober
Jawa Barat,2016,11,23.16,26.78,21.0,633.3,90.03,1.6,Open-Meteo ERA5,November
Jawa Barat,2016,12,23.1,26.5,20.68,262.4,87.39,2.73,Open-Meteo ERA5,Desember
Jawa Barat,2017,1,22.81,26.43,20.08,109.9,80.42,4.33,Open-Meteo ERA5,Januari
Jawa Barat,2017,2,22.21,25.72,19.62,302.6,84.46,4.13,Open-Meteo ERA5,Februari
Jawa Barat,2017,3,22.85,26.91,19.43,207.3,81.45,3.43,Open-Meteo ERA5,Maret
Jawa Barat,2017,4,22.75,27.02,19.4,159.4,83.4,2.85,Open-Meteo ERA5,April
Jawa Barat,2017,5,23.08,27.77,19.08,52.5,79.58,3.21,Open-Meteo ERA5,Mei
Jawa Barat,2017,6,23.07,28.04,18.9,42.3,78.2,2.93,Open-Meteo ERA5,Juni
Jawa Barat,2017,7,22.71,28.35,18.5,33.6,74.71,3.71,Open-Meteo ERA5,Juli
Jawa Barat,2017,8,23.36,29.73,18.23,7.6,68.48,3.81,Open-Meteo ERA5,Agustus
Jawa Barat,2017,9,23.88,30.23,18.87,167.2,67.83,3.28,Open-Meteo ERA5,September
Jawa Barat,2017,10,23.14,28.04,19.56,278.0,80.74,2.84,Open-Meteo ERA5,Oktober
Jawa Barat,2017,11,23.0,27.46,19.66,155.7,80.5,3.16,Open-Meteo ERA5,November
Jawa Barat,2017,12,22.78,26.65,19.65,83.1,80.0,3.79,Open-Meteo ERA5,Desember
Jawa Barat,2018,1,22.55,25.94,20.0,184.3,80.74,4.61,Open-Meteo ERA5,Januari
Jawa Barat,2018,2,22.33,26.12,19.36,94.9,83.21,4.13,Open-Meteo ERA5,Februari
Jawa Barat,2018,3,22.66,26.71,19.07,146.6,81.97,3.18,Open-Meteo ERA5,Maret
Jawa Barat,2018,4,22.93,27.65,18.95,147.9,81.7,3.0,Open-Meteo ERA5,April
Jawa Barat,2018,5,23.0,28.44,18.29,37.5,77.97,3.06,Open-Meteo ERA5,Mei
Jawa Barat,2018,6,23.03,28.46,18.55,54.5,78.4,3.05,Open-Meteo ERA5,Juni
Jawa Barat,2018,7,22.53,29.21,16.63,4.8,66.03,3.74,Open-Meteo ERA5,Juli
Jawa Barat,2018,8,23.08,29.86,17.24,21.1,64.29,3.56,Open-Meteo ERA5,Agustus
Jawa Barat,2018,9,23.36,30.19,17.97,51.2,66.87,3.55,Open-Meteo ERA5,September
Jawa Barat,2018,10,24.46,30.79,19.32,102.4,67.94,2.88,Open-Meteo ERA5,Oktober
Jawa Barat,2018,11,23.03,27.75,19.52,416.0,82.73,2.86,Open-Meteo ERA5,November
Jawa Barat,2018,12,23.07,27.08,19.91,156.9,82.19,3.1,Open-Meteo ERA5,Desember
Jawa Barat,2019,1,22.66,26.51,19.58,192.4,83.77,4.19,Open-Meteo ERA5,Januari
Jawa Barat,2019,2,22.85,27.16,19.25,331.1,84.64,3.09,Open-Meteo ERA5,Februari
Jawa Barat,2019,3,22.95,26.84,19.7,233.5,82.35,3.17,Open-Meteo ERA5,Maret
Jawa Barat,2019,4,23.09,27.57,19.59,287.7,84.87,2.86,Open-Meteo ERA5,April
Jawa Barat,2019,5,22.92,27.72,19.12,221.0,82.29,2.94,Open-Meteo ERA5,Mei
Jawa Barat,2019,6,22.71,28.7,17.5,10.7,72.87,3.44,Open-Meteo ERA5,Juni
Jawa Barat,2019,7,22.76,29.56,17.14,10.4,67.23,3.72,Open-Meteo ERA5,Juli
Jawa Barat,2019,8,22.92,30.06,17.08,17.7,64.39,3.9,Open-Meteo ERA5,Agustus
Jawa Barat,2019,9,24.16,31.53,17.76,10.0,59.87,3.95,Open-Meteo ERA5,September
Jawa Barat,2019,10,24.71,31.68,18.94,61.5,62.77,3.79,Open-Meteo ERA5,Oktober
Jawa Barat,2019,11,24.16,30.04,19.3,133.4,71.5,2.92,Open-Meteo ERA5,November
Jawa Barat,2019,12,23.4,28.15,19.93,489.4,83.26,2.74,Open-Meteo ERA5,Desember
Jawa Barat,2020,1,22.99,26.69,20.19,443.1,85.29,3.75,Open-Meteo ERA5,Januari
Jawa Barat,2020,2,22.86,26.3,20.06,313.1,85.86,3.6,Open-Meteo ERA5,Februari
Jawa Barat,2020,3,23.2,27.43,19.98,366.0,84.06,3.37,Open-Meteo ERA5,Maret
Jawa Barat,2020,4,23.16,27.35,19.75,297.5,85.5,2.84,Open-Meteo ERA5,April
Jawa Barat,2020,5,23.41,27.69,19.95,297.6,84.61,2.78,Open-Meteo ERA5,Mei
Jawa Barat,2020,6,22.85,27.42,18.9,79.4,81.67,3.14,Open-Meteo ERA5,Juni
Jawa Barat,2020,7,22.39,27.95,17.85,43.1,76.68,3.46,Open-Meteo ERA5,Juli
Jawa Barat,2020,8,23.19,29.0,18.29,78.1,75.29,3.18,Open-Meteo ERA5,Agustus
Jawa Barat,2020,9,23.82,30.08,18.85,84.6,69.4,3.72,Open-Meteo ERA5,September
Jawa Barat,2020,10,23.1,28.01,19.62,315.2,80.23,3.21,Open-Meteo ERA5,Oktober
Jawa Barat,2020,11,23.18,27.74,19.39,132.9,80.4,3.07,Open-Meteo ERA5,November
Jawa Barat,2020,12,22.49,26.03,20.02,260.7,82.68,4.41,Open-Meteo ERA5,Desember
Jawa Barat,2021,1,22.31,25.64,20.02,224.9,83.87,4.05,Open-Meteo ERA5,Januari
Jawa Barat,2021,2,22.33,25.68,19.91,154.7,85.32,4.68,Open-Meteo ERA5,Februari
Jawa Barat,2021,3,22.69,26.77,19.29,235.5,82.39,3.38,Open-Meteo ERA5,Maret
Jawa Barat,2021,4,22.86,27.39,18.93,140.5,80.87,3.45,Open-Meteo ERA5,April
Jawa Barat,2021,5,23.25,27.95,19.11,197.9,81.84,2.46,Open-Meteo ERA5,Mei
Jawa Barat,2021,6,22.56,26.91,18.39,180.6,84.7,2.35,Open-Meteo ERA5,Juni
Jawa Barat,2021,7,22.16,27.85,17.06,47.3,78.55,2.87,Open-Meteo ERA5,Juli
Jawa Barat,2021,8,22.55,28.21,18.16,117.8,77.77,3.42,Open-Meteo ERA5,Agustus
Jawa Barat,2021,9,22.91,28.43,18.57,114.1,78.1,3.44,Open-Meteo ERA5,September
Jawa Barat,2021,10,23.31,28.98,18.95,161.6,78.61,2.88,Open-Meteo ERA5,Oktober
Jawa Barat,2021,11,22.61,27.06,19.69,404.6,84.23,3.03,Open-Meteo ERA5,November
Jawa Barat,2021,12,22.65,26.7,19.43,210.6,84.32,3.23,Open-Meteo ERA5,Desember
Jawa Barat,2022,1,22.55,26.79,19.07,118.0,82.68,4.06,Open-Meteo ERA5,Januari
Jawa Barat,2022,2,22.49,26.59,19.35,168.5,82.0,3.8,Open-Meteo ERA5,Februari
Jawa Barat,2022,3,22.69,27.27,18.97,206.2,83.29,3.62,Open-Meteo ERA5,Maret
Jawa Barat,2022,4,22.66,27.39,18.86,213.7,83.27,2.95,Open-Meteo ERA5,April
Jawa Barat,2022,5,22.96,27.87,18.74,131.5,83.23,2.83,Open-Meteo ERA5,Mei
Jawa Barat,2022,6,22.03,26.94,17.78,81.1,82.83,2.98,Open-Meteo ERA5,Juni
Jawa Barat,2022,7,22.43,27.79,17.83,64.8,80.48,2.88,Open-Meteo ERA5,Juli
Jawa Barat,2022,8,22.88,28.67,18.18,54.2,76.9,3.12,Open-Meteo ERA5,Agustus
Jawa Barat,2022,9,22.72,28.39,18.46,211.3,80.07,2.87,Open-Meteo ERA5,September
Jawa Barat,2022,10,22.42,27.06,18.97,364.7,83.94,3.09,Open-Meteo ERA5,Oktober
Jawa Barat,2022,11,22.58,27.05,19.21,254.2,83.2,3.18,Open-Meteo ERA5,November
Jawa Barat,2022,12,22.28,26.49,19.25,263.5,84.03,3.68,Open-Meteo ERA5,Desember
Jawa Barat,2023,1,22.29,26.41,19.15,130.9,82.97,4.05,Open-Meteo ERA5,Januari
Jawa Barat,2023,2,22.13,25.42,19.6,189.0,83.5,4.67,Open-Meteo ERA5,Februari
Jawa Barat,2023,3,22.52,27.15,18.74,197.0,83.0,3.46,Open-Meteo ERA5,Maret
Jawa Barat,2023,4,22.76,27.75,18.51,101.5,82.13,3.28,Open-Meteo ERA5,April
Jawa Barat,2023,5,22.96,27.87,18.69,187.2,81.94,2.92,Open-Meteo ERA5,Mei
Jawa Barat,2023,6,22.94,28.17,18.57,74.0,80.7,2.89,Open-Meteo ERA5,Juni
Jawa Barat,2023,7,22.04,27.51,17.35,64.3,78.26,3.03,Open-Meteo ERA5,Juli
Jawa Barat,2023,8,22.73,29.32,16.68,22.4,70.81,3.07,Open-Meteo ERA5,Agustus
Jawa Barat,2023,9,23.53,30.72,17.17,13.8,63.7,3.64,Open-Meteo ERA5,September
Jawa Barat,2023,10,24.9,31.99,18.53,36.5,62.68,3.52,Open-Meteo ERA5,Oktober
Jawa Barat,2023,11,23.98,30.15,19.1,220.6,77.0,2.95,Open-Meteo ERA5,November
Jawa Barat,2023,12,23.47,28.62,19.15,185.4,80.42,3.03,Open-Meteo ERA5,Desember
Jawa Barat,2024,1,23.05,27.35,19.79,295.6,83.42,3.63,Open-Meteo ERA5,Januari
Jawa Barat,2024,2,23.17,27.4,19.87,245.0,84.45,3.13,Open-Meteo ERA5,Februari
Jawa Barat,2024,3,23.02,27.32,19.75,257.2,84.26,3.97,Open-Meteo ERA5,Maret
Jawa Barat,2024,4,23.47,28.32,19.7,272.4,85.23,2.88,Open-Meteo ERA5,April
Jawa Barat,2024,5,23.54,28.47,19.05,218.5,82.06,2.85,Open-Meteo ERA5,Mei
Jawa Barat,2024,6,22.67,27.99,17.74,87.3,81.93,2.69,Open-Meteo ERA5,Juni
Jawa Barat,2024,7,22.07,27.78,16.96,69.6,78.16,3.0,Open-Meteo ERA5,Juli
Jawa Barat,2024,8,23.29,30.37,17.26,32.0,67.84,3.43,Open-Meteo ERA5,Agustus
Jawa Barat,2024,9,23.22,29.64,18.02,132.8,71.57,3.4,Open-Meteo ERA5,September
Jawa Barat,2024,10,24.04,30.39,18.49,62.9,71.35,3.47,Open-Meteo ERA5,Oktober
Jawa Barat,2024,11,23.3,28.28,19.96,396.4,81.8,2.59,Open-Meteo ERA5,November
Jawa Barat,2024,12,23.5,27.15,21.24,228.1,79.71,3.77,Open-Meteo ERA5,Desember
Jawa Tengah,2015,1,25.26,27.72,23.48,351.6,88.26,3.88,Open-Meteo ERA5,Januari
Jawa Tengah,2015,2,25.24,27.74,23.39,328.3,88.61,3.75,Open-Meteo ERA5,Februari
Jawa Tengah,2015,3,25.57,28.27,23.55,325.8,87.29,3.48,Open-Meteo ERA5,Maret
Jawa Tengah,2015,4,25.67,28.57,23.59,319.2,88.7,2.41,Open-Meteo ERA5,April
Jawa Tengah,2015,5,26.26,29.94,23.03,80.6,79.81,2.41,Open-Meteo ERA5,Mei
Jawa Tengah,2015,6,26.69,30.85,23.05,27.3,73.3,2.64,Open-Meteo ERA5,Juni
Jawa Tengah,2015,7,27.02,31.47,23.11,3.5,66.48,3.18,Open-Meteo ERA5,Juli
Jawa Tengah,2015,8,27.12,31.83,23.06,1.7,64.32,2.94,Open-Meteo ERA5,Agustus
Jawa Tengah,2015,9,27.83,32.48,23.67,21.3,62.3,3.01,Open-Meteo ERA5,September
Jawa Tengah,2015,10,28.17,33.22,23.66,13.3,64.97,3.44,Open-Meteo ERA5,Oktober
Jawa Tengah,2015,11,27.26,30.92,24.54,208.7,79.93,2.52,Open-Meteo ERA5,November
Jawa Tengah,2015,12,26.03,28.54,24.22,526.0,88.03,3.21,Open-Meteo ERA5,Desember
Jawa Tengah,2016,1,26.3,29.02,24.32,262.1,87.58,2.75,Open-Meteo ERA5,Januari
Jawa Tengah,2016,2,25.76,28.05,24.16,464.1,90.03,3.24,Open-Meteo ERA5,Februari
Jawa Tengah,2016,3,26.52,28.99,24.48,264.2,88.0,2.78,Open-Meteo ERA5,Maret
Jawa Tengah,2016,4,26.52,29.64,24.29,284.1,86.43,2.24,Open-Meteo ERA5,April
Jawa Tengah,2016,5,26.86,29.93,24.4,111.6,84.97,2.3,Open-Meteo ERA5,Mei
Jawa Tengah,2016,6,26.18,29.31,23.61,111.1,84.73,2.19,Open-Meteo ERA5,Juni
Jawa Tengah,2016,7,26.17,29.62,23.39,77.4,81.97,2.44,Open-Meteo ERA5,Juli
Jawa Tengah,2016,8,26.71,30.58,23.33,43.8,74.94,2.61,Open-Meteo ERA5,Agustus
Jawa Tengah,2016,9,26.67,30.16,23.97,194.1,79.8,2.4,Open-Meteo ERA5,September
Jawa Tengah,2016,10,26.04,29.11,23.89,333.5,86.32,2.21,Open-Meteo ERA5,Oktober
Jawa Tengah,2016,11,26.25,29.39,24.01,348.6,86.9,2.17,Open-Meteo ERA5,November
Jawa Tengah,2016,12,25.89,28.59,23.9,335.8,87.55,3.23,Open-Meteo ERA5,Desember
Jawa Tengah,2017,1,26.27,28.42,24.54,210.0,84.94,4.9,Open-Meteo ERA5,Januari
Jawa Tengah,2017,2,25.96,28.3,24.07,196.0,84.96,5.76,Open-Meteo ERA5,Februari
Jawa Tengah,2017,3,26.5,28.98,24.37,142.6,84.84,3.91,Open-Meteo ERA5,Maret
Jawa Tengah,2017,4,26.87,29.55,24.77,121.1,83.43,3.13,Open-Meteo ERA5,April
Jawa Tengah,2017,5,27.6,31.27,24.65,119.1,75.55,3.54,Open-Meteo ERA5,Mei
Jawa Tengah,2017,6,27.56,31.46,24.57,55.6,73.97,3.8,Open-Meteo ERA5,Juni
Jawa Tengah,2017,7,27.9,32.74,24.32,37.1,66.19,4.45,Open-Meteo ERA5,Juli
Jawa Tengah,2017,8,28.46,34.11,24.55,3.7,59.45,5.22,Open-Meteo ERA5,Agustus
Jawa Tengah,2017,9,28.49,33.7,24.81,47.6,63.4,5.17,Open-Meteo ERA5,September
Jawa Tengah,2017,10,28.15,32.22,25.01,105.6,72.55,3.6,Open-Meteo ERA5,Oktober
Jawa Tengah,2017,11,27.07,30.06,24.98,187.5,81.17,3.41,Open-Meteo ERA5,November
Jawa Tengah,2017,12,26.48,28.94,24.25,183.4,83.26,4.31,Open-Meteo ERA5,Desember
Jawa Tengah,2018,1,26.45,28.95,24.51,131.7,82.45,5.49,Open-Meteo ERA5,Januari
Jawa Tengah,2018,2,25.68,27.7,23.86,269.7,86.0,5.24,Open-Meteo ERA5,Februari
Jawa Tengah,2018,3,26.28,28.58,24.18,142.3,85.16,3.58,Open-Meteo ERA5,Maret
Jawa Tengah,2018,4,27.08,30.34,24.58,124.0,80.77,3.36,Open-Meteo ERA5,April
Jawa Tengah,2018,5,27.93,32.07,24.89,65.1,71.52,3.97,Open-Meteo ERA5,Mei
Jawa Tengah,2018,6,27.94,32.52,24.5,27.9,68.9,4.43,Open-Meteo ERA5,Juni
Jawa Tengah,2018,7,27.67,33.26,23.32,3.5,60.45,5.13,Open-Meteo ERA5,Juli
Jawa Tengah,2018,8,27.65,33.39,23.29,5.8,57.94,5.2,Open-Meteo ERA5,Agustus
Jawa Tengah,2018,9,28.39,33.74,24.19,11.2,59.37,5.38,Open-Meteo ERA5,September
Jawa Tengah,2018,10,28.81,33.52,24.78,19.2,64.48,4.95,Open-Meteo ERA5,Oktober
Jawa Tengah,2018,11,27.61,31.24,24.81,134.0,79.03,3.57,Open-Meteo ERA5,November
Jawa Tengah,2018,12,26.68,29.46,24.45,160.8,85.06,3.39,Open-Meteo ERA5,Desember
Jawa Tengah,2019,1,26.3,28.55,24.39,359.4,86.16,5.33,Open-Meteo ERA5,Januari
Jawa Tengah,2019,2,26.35,28.91,24.23,338.6,86.46,3.66,Open-Meteo ERA5,Februari
Jawa Tengah,2019,3,26.37,28.78,24.35,227.4,86.77,3.94,Open-Meteo ERA5,Maret
Jawa Tengah,2019,4,27.13,30.24,24.86,164.4,83.73,3.36,Open-Meteo ERA5,April
Jawa Tengah,2019,5,27.91,31.7,24.69,35.9,74.61,3.5,Open-Meteo ERA5,Mei
Jawa Tengah,2019,6,28.03,33.1,23.96,10.6,64.07,4.41,Open-Meteo ERA5,Juni
Jawa Tengah,2019,7,27.65,33.05,23.57,20.0,61.81,5.13,Open-Meteo ERA5,Juli
Jawa Tengah,2019,8,27.84,33.72,23.7,4.5,59.48,5.46,Open-Meteo ERA5,Agustus
Jawa Tengah,2019,9,28.35,34.45,24.06,5.4,59.53,6.15,Open-Meteo ERA5,September
Jawa Tengah,2019,10,29.2,34.67,24.65,10.9,60.32,5.85,Open-Meteo ERA5,Oktober
Jawa Tengah,2019,11,28.6,33.35,24.8,70.0,71.1,4.31,Open-Meteo ERA5,November
Jawa Tengah,2019,12,27.21,30.14,24.86,218.2,84.13,3.69,Open-Meteo ERA5,Desember
Jawa Tengah,2020,1,26.7,29.0,24.61,451.1,85.65,4.95,Open-Meteo ERA5,Januari
Jawa Tengah,2020,2,26.43,28.69,24.58,292.2,86.62,5.25,Open-Meteo ERA5,Februari
Jawa Tengah,2020,3,26.76,29.41,24.58,250.0,86.32,3.94,Open-Meteo ERA5,Maret
Jawa Tengah,2020,4,27.16,30.15,24.87,112.9,84.2,3.27,Open-Meteo ERA5,April
Jawa Tengah,2020,5,27.72,30.94,25.26,121.8,80.55,3.77,Open-Meteo ERA5,Mei
Jawa Tengah,2020,6,28.08,32.33,24.48,29.0,70.3,3.93,Open-Meteo ERA5,Juni
Jawa Tengah,2020,7,28.3,33.68,24.02,38.6,63.45,4.47,Open-Meteo ERA5,Juli
Jawa Tengah,2020,8,28.45,34.0,24.49,36.4,64.32,5.08,Open-Meteo ERA5,Agustus
Jawa Tengah,2020,9,28.43,33.53,24.39,74.8,67.07,4.62,Open-Meteo ERA5,September
Jawa Tengah,2020,10,27.91,32.2,24.75,148.4,73.68,4.11,Open-Meteo ERA5,Oktober
Jawa Tengah,2020,11,27.49,31.13,24.6,157.6,79.9,3.64,Open-Meteo ERA5,November
Jawa Tengah,2020,12,26.12,28.59,24.13,331.7,86.35,5.05,Open-Meteo ERA5,Desember
Jawa Tengah,2021,1,25.71,27.76,24.07,292.4,87.84,5.03,Open-Meteo ERA5,Januari
Jawa Tengah,2021,2,25.59,27.55,23.99,364.0,87.43,6.55,Open-Meteo ERA5,Februari
Jawa Tengah,2021,3,26.27,28.69,24.13,157.0,86.23,4.06,Open-Meteo ERA5,Maret
Jawa Tengah,2021,4,26.94,30.17,24.11,84.2,81.2,4.28,Open-Meteo ERA5,April
Jawa Tengah,2021,5,27.83,31.77,24.95,153.2,76.71,3.7,Open-Meteo ERA5,Mei
Jawa Tengah,2021,6,27.03,30.67,24.43,111.9,80.2,3.56,Open-Meteo ERA5,Juni
Jawa Tengah,2021,7,28.25,33.52,23.98,9.9,62.9,4.52,Open-Meteo ERA5,Juli
Jawa Tengah,2021,8,28.51,33.79,24.48,64.2,64.35,4.62,Open-Meteo ERA5,Agustus
Jawa Tengah,2021,9,28.4,33.37,24.71,59.2,67.2,4.52,Open-Meteo ERA5,September
Jawa Tengah,2021,10,28.16,32.64,24.59,121.2,71.58,4.13,Open-Meteo ERA5,Oktober
Jawa Tengah,2021,11,26.4,29.44,24.18,246.4,85.47,3.34,Open-Meteo ERA5,November
Jawa Tengah,2021,12,26.29,29.05,24.07,302.2,86.58,4.02,Open-Meteo ERA5,Desember
Jawa Tengah,2022,1,26.0,28.57,23.74,241.8,84.77,5.34,Open-Meteo ERA5,Januari
Jawa Tengah,2022,2,26.13,28.68,23.98,236.4,84.43,5.13,Open-Meteo ERA5,Februari
Jawa Tengah,2022,3,26.38,29.15,24.13,248.5,85.97,4.08,Open-Meteo ERA5,Maret
Jawa Tengah,2022,4,26.84,30.13,24.33,118.1,81.87,3.51,Open-Meteo ERA5,April
Jawa Tengah,2022,5,26.95,30.25,24.5,173.1,82.35,3.77,Open-Meteo ERA5,Mei
Jawa Tengah,2022,6,26.4,30.2,23.39,182.7,80.6,3.4,Open-Meteo ERA5,Juni
Jawa Tengah,2022,7,27.27,31.93,23.62,74.2,71.39,4.26,Open-Meteo ERA5,Juli
Jawa Tengah,2022,8,27.93,33.0,24.0,45.7,67.61,4.24,Open-Meteo ERA5,Agustus
Jawa Tengah,2022,9,28.12,33.23,24.31,76.1,69.23,4.07,Open-Meteo ERA5,September
Jawa Tengah,2022,10,26.37,29.89,23.84,202.5,83.19,3.23,Open-Meteo ERA5,Oktober
Jawa Tengah,2022,11,26.26,29.31,23.93,353.6,85.1,3.48,Open-Meteo ERA5,November
Jawa Tengah,2022,12,26.21,29.0,23.83,215.8,83.87,4.8,Open-Meteo ERA5,Desember
Jawa Tengah,2023,1,25.91,28.47,23.72,214.0,85.68,4.85,Open-Meteo ERA5,Januari
Jawa Tengah,2023,2,25.76,27.96,23.78,302.2,85.75,6.48,Open-Meteo ERA5,Februari
Jawa Tengah,2023,3,26.23,29.05,23.72,295.7,85.0,4.01,Open-Meteo ERA5,Maret
Jawa Tengah,2023,4,26.73,29.92,24.2,178.0,83.3,3.39,Open-Meteo ERA5,April
Jawa Tengah,2023,5,27.65,31.69,24.2,66.1,74.19,3.68,Open-Meteo ERA5,Mei
Jawa Tengah,2023,6,28.17,33.09,24.17,47.5,70.33,4.08,Open-Meteo ERA5,Juni
Jawa Tengah,2023,7,28.12,33.61,23.51,18.5,63.42,4.21,Open-Meteo ERA5,Juli
Jawa Tengah,2023,8,28.29,34.47,23.71,1.8,60.87,5.65,Open-Meteo ERA5,Agustus
Jawa Tengah,2023,9,28.78,35.33,23.82,14.0,56.9,5.63,Open-Meteo ERA5,September
Jawa Tengah,2023,10,29.64,35.56,25.1,25.3,62.77,5.58,Open-Meteo ERA5,Oktober
Jawa Tengah,2023,11,28.29,32.77,24.83,110.9,77.4,4.24,Open-Meteo ERA5,November
Jawa Tengah,2023,12,27.88,31.52,24.76,111.1,77.58,3.83,Open-Meteo ERA5,Desember
Jawa Tengah,2024,1,26.81,29.91,24.42,274.1,85.97,4.14,Open-Meteo ERA5,Januari
Jawa Tengah,2024,2,26.99,29.77,24.6,247.6,85.41,4.45,Open-Meteo ERA5,Februari
Jawa Tengah,2024,3,27.23,30.35,24.81,217.4,83.68,4.94,Open-Meteo ERA5,Maret
Jawa Tengah,2024,4,27.84,31.94,25.13,194.5,82.87,3.47,Open-Meteo ERA5,April
Jawa Tengah,2024,5,29.71,34.81,25.66,29.3,66.35,3.78,Open-Meteo ERA5,Mei
Jawa Tengah,2024,6,28.4,33.55,24.57,69.8,71.53,4.24,Open-Meteo ERA5,Juni
Jawa Tengah,2024,7,28.05,33.62,23.63,36.5,64.9,4.66,Open-Meteo ERA5,Juli
Jawa Tengah,2024,8,28.45,34.62,23.56,14.0,61.87,4.99,Open-Meteo ERA5,Agustus
Jawa Tengah,2024,9,28.5,34.26,24.11,79.3,66.27,4.83,Open-Meteo ERA5,September
Jawa Tengah,2024,10,29.33,34.86,24.87,59.0,65.55,4.39,Open-Meteo ERA5,Oktober
Jawa Tengah,2024,11,27.65,31.62,25.09,287.1,81.43,3.39,Open-Meteo ERA5,November
Jawa Tengah,2024,12,26.78,29.48,24.69,302.6,86.58,4.5,Open-Meteo ERA5,Desember
Jawa Timur,2015,1,26.28,29.49,24.37,254.9,85.35,4.16,Open-Meteo ERA5,Januari
Jawa Timur,2015,2,26.19,29.29,24.07,241.1,85.64,3.35,Open-Meteo ERA5,Februari
Jawa Timur,2015,3,26.55,29.73,24.35,281.5,85.03,3.23,Open-Meteo ERA5,Maret
Jawa Timur,2015,4,26.59,29.56,24.58,287.7,85.73,2.73,Open-Meteo ERA5,April
Jawa Timur,2015,5,26.73,30.24,23.45,69.2,79.19,2.91,Open-Meteo ERA5,Mei
Jawa Timur,2015,6,27.52,31.61,23.22,5.8,68.6,3.14,Open-Meteo ERA5,Juni
Jawa Timur,2015,7,27.0,31.28,22.72,1.9,68.94,4.24,Open-Meteo ERA5,Juli
Jawa Timur,2015,8,27.22,31.98,22.61,1.6,66.13,4.39,Open-Meteo ERA5,Agustus
Jawa Timur,2015,9,28.0,33.53,22.58,0.0,61.97,4.72,Open-Meteo ERA5,September
Jawa Timur,2015,10,28.93,34.51,23.57,1.1,62.77,4.81,Open-Meteo ERA5,Oktober
Jawa Timur,2015,11,29.36,33.74,25.55,62.5,67.5,3.27,Open-Meteo ERA5,November
Jawa Timur,2015,12,27.37,30.66,25.18,262.6,81.84,3.47,Open-Meteo ERA5,Desember
Jawa Timur,2016,1,27.56,30.68,25.29,206.2,81.61,3.12,Open-Meteo ERA5,Januari
Jawa Timur,2016,2,26.64,29.37,24.86,402.9,87.59,3.13,Open-Meteo ERA5,Februari
Jawa Timur,2016,3,27.5,30.43,25.42,260.6,85.0,2.36,Open-Meteo ERA5,Maret
Jawa Timur,2016,4,27.39,30.31,25.27,227.3,84.47,2.83,Open-Meteo ERA5,April
Jawa Timur,2016,5,28.04,31.25,25.5,120.0,79.87,2.81,Open-Meteo ERA5,Mei
Jawa Timur,2016,6,27.22,30.52,24.54,136.9,80.03,2.85,Open-Meteo ERA5,Juni
Jawa Timur,2016,7,26.99,30.33,24.16,69.0,79.48,3.47,Open-Meteo ERA5,Juli
Jawa Timur,2016,8,27.66,31.43,23.96,20.1,70.87,3.59,Open-Meteo ERA5,Agustus
Jawa Timur,2016,9,28.17,32.12,24.78,107.1,72.57,3.31,Open-Meteo ERA5,September
Jawa Timur,2016,10,27.12,30.26,24.74,333.1,82.39,2.88,Open-Meteo ERA5,Oktober
Jawa Timur,2016,11,27.45,30.65,25.06,228.5,81.73,2.32,Open-Meteo ERA5,November
Jawa Timur,2016,12,26.86,29.89,24.81,233.9,84.77,3.72,Open-Meteo ERA5,Desember
Jawa Timur,2017,1,26.85,29.69,25.0,308.7,84.81,4.25,Open-Meteo ERA5,Januari
Jawa Timur,2017,2,26.56,29.52,24.52,268.3,84.57,4.38,Open-Meteo ERA5,Februari
Jawa Timur,2017,3,27.15,30.07,25.01,241.3,84.19,2.96,Open-Meteo ERA5,Maret
Jawa Timur,2017,4,27.5,29.95,25.42,158.3,83.3,3.08,Open-Meteo ERA5,April
Jawa Timur,2017,5,27.98,30.31,25.21,114.6,78.03,4.38,Open-Meteo ERA5,Mei
Jawa Timur,2017,6,27.41,29.54,25.02,113.8,79.03,4.75,Open-Meteo ERA5,Juni
Jawa Timur,2017,7,27.41,30.17,24.31,43.7,73.42,5.85,Open-Meteo ERA5,Juli
Jawa Timur,2017,8,27.59,31.19,23.69,0.3,67.61,6.64,Open-Meteo ERA5,Agustus
Jawa Timur,2017,9,28.27,31.94,24.5,16.8,68.0,6.29,Open-Meteo ERA5,September
Jawa Timur,2017,10,29.26,33.11,25.7,36.7,70.0,4.63,Open-Meteo ERA5,Oktober
Jawa Timur,2017,11,27.9,31.09,25.65,283.0,79.83,3.43,Open-Meteo ERA5,November
Jawa Timur,2017,12,27.18,29.99,25.14,241.3,83.42,3.72,Open-Meteo ERA5,Desember
Jawa Timur,2018,1,26.75,29.65,24.95,272.9,83.71,4.55,Open-Meteo ERA5,Januari
Jawa Timur,2018,2,26.34,29.3,24.48,253.0,85.5,4.45,Open-Meteo ERA5,Februari
Jawa Timur,2018,3,26.97,29.85,24.77,249.1,84.77,3.09,Open-Meteo ERA5,Maret
Jawa Timur,2018,4,27.98,30.53,25.49,88.6,80.17,3.62,Open-Meteo ERA5,April
Jawa Timur,2018,5,28.65,31.39,25.68,11.4,71.1,5.07,Open-Meteo ERA5,Mei
Jawa Timur,2018,6,28.08,31.23,24.69,30.3,71.43,5.54,Open-Meteo ERA5,Juni
Jawa Timur,2018,7,27.28,30.86,23.15,0.1,67.71,6.17,Open-Meteo ERA5,Juli
Jawa Timur,2018,8,27.04,30.67,22.94,0.2,66.55,6.19,Open-Meteo ERA5,Agustus
Jawa Timur,2018,9,27.97,31.94,23.58,4.5,65.7,6.04,Open-Meteo ERA5,September
Jawa Timur,2018,10,29.0,32.85,24.81,4.8,66.39,6.02,Open-Meteo ERA5,Oktober
Jawa Timur,2018,11,28.79,32.27,25.72,123.5,74.97,4.09,Open-Meteo ERA5,November
Jawa Timur,2018,12,27.57,30.45,25.41,235.7,82.19,3.29,Open-Meteo ERA5,Desember
Jawa Timur,2019,1,26.82,29.79,24.88,382.5,85.97,4.48,Open-Meteo ERA5,Januari
Jawa Timur,2019,2,27.05,29.82,24.99,241.3,86.0,3.21,Open-Meteo ERA5,Februari
Jawa Timur,2019,3,26.93,29.7,24.81,362.0,85.81,3.6,Open-Meteo ERA5,Maret
Jawa Timur,2019,4,27.65,30.08,25.38,202.3,83.5,3.2,Open-Meteo ERA5,April
Jawa Timur,2019,5,28.18,30.66,25.08,14.2,75.23,4.51,Open-Meteo ERA5,Mei
Jawa Timur,2019,6,27.82,31.02,23.88,1.7,69.63,5.25,Open-Meteo ERA5,Juni
Jawa Timur,2019,7,27.03,30.38,22.94,12.2,69.13,5.86,Open-Meteo ERA5,Juli
Jawa Timur,2019,8,27.2,30.84,23.23,3.9,66.81,6.48,Open-Meteo ERA5,Agustus
Jawa Timur,2019,9,27.62,31.38,23.45,2.5,66.63,6.76,Open-Meteo ERA5,September
Jawa Timur,2019,10,29.11,33.45,24.17,0.2,63.55,6.57,Open-Meteo ERA5,Oktober
Jawa Timur,2019,11,29.79,33.93,25.57,24.0,67.83,4.76,Open-Meteo ERA5,November
Jawa Timur,2019,12,28.55,32.47,25.47,168.8,78.55,3.38,Open-Meteo ERA5,Desember
Jawa Timur,2020,1,27.54,30.96,25.26,271.1,83.32,4.06,Open-Meteo ERA5,Januari
Jawa Timur,2020,2,27.0,30.11,25.02,358.4,86.41,3.81,Open-Meteo ERA5,Februari
Jawa Timur,2020,3,27.4,30.35,25.37,288.9,85.81,3.36,Open-Meteo ERA5,Maret
Jawa Timur,2020,4,27.71,29.97,25.64,245.2,84.1,3.33,Open-Meteo ERA5,April
Jawa Timur,2020,5,28.23,30.38,26.03,144.6,80.74,3.97,Open-Meteo ERA5,Mei
Jawa Timur,2020,6,27.84,30.29,24.64,18.7,75.17,5.03,Open-Meteo ERA5,Juni
Jawa Timur,2020,7,27.66,30.8,23.92,11.6,70.77,6.04,Open-Meteo ERA5,Juli
Jawa Timur,2020,8,27.86,31.13,24.21,13.7,70.42,6.16,Open-Meteo ERA5,Agustus
Jawa Timur,2020,9,28.85,32.45,24.85,0.6,66.87,6.63,Open-Meteo ERA5,September
Jawa Timur,2020,10,28.7,32.19,25.3,103.5,72.03,5.32,Open-Meteo ERA5,Oktober
Jawa Timur,2020,11,28.31,31.18,25.63,160.9,78.7,4.03,Open-Meteo ERA5,November
Jawa Timur,2020,12,26.68,29.61,24.68,371.6,85.35,3.69,Open-Meteo ERA5,Desember
Jawa Timur,2021,1,26.35,29.24,24.65,402.4,87.16,4.01,Open-Meteo ERA5,Januari
Jawa Timur,2021,2,26.28,29.33,24.38,344.8,86.79,5.29,Open-Meteo ERA5,Februari
Jawa Timur,2021,3,26.88,29.76,24.71,246.3,85.74,3.2,Open-Meteo ERA5,Maret
Jawa Timur,2021,4,27.57,30.47,24.8,108.4,80.47,3.6,Open-Meteo ERA5,April
Jawa Timur,2021,5,28.38,30.91,25.66,39.4,76.52,4.21,Open-Meteo ERA5,Mei
Jawa Timur,2021,6,27.58,29.9,25.34,133.0,81.27,4.12,Open-Meteo ERA5,Juni
Jawa Timur,2021,7,27.49,30.38,23.98,9.0,72.52,5.49,Open-Meteo ERA5,Juli
Jawa Timur,2021,8,28.19,31.56,24.4,4.7,69.94,6.24,Open-Meteo ERA5,Agustus
Jawa Timur,2021,9,28.35,31.73,24.78,38.0,70.27,6.12,Open-Meteo ERA5,September
Jawa Timur,2021,10,28.99,33.02,24.89,48.3,70.03,4.93,Open-Meteo ERA5,Oktober
Jawa Timur,2021,11,27.09,30.2,24.86,383.6,84.47,3.16,Open-Meteo ERA5,November
Jawa Timur,2021,12,26.94,30.14,24.76,338.5,85.19,3.58,Open-Meteo ERA5,Desember
Jawa Timur,2022,1,26.48,29.97,24.35,313.8,85.13,4.68,Open-Meteo ERA5,Januari
Jawa Timur,2022,2,26.3,29.6,24.22,358.8,86.21,4.43,Open-Meteo ERA5,Februari
Jawa Timur,2022,3,26.93,30.15,24.73,405.0,85.74,3.67,Open-Meteo ERA5,Maret
Jawa Timur,2022,4,27.6,30.58,24.94,174.4,82.03,3.23,Open-Meteo ERA5,April
Jawa Timur,2022,5,27.64,29.93,25.45,269.9,83.39,3.84,Open-Meteo ERA5,Mei
Jawa Timur,2022,6,27.31,29.74,24.64,100.4,80.43,4.19,Open-Meteo ERA5,Juni
Jawa Timur,2022,7,27.53,30.06,24.44,40.8,73.65,4.88,Open-Meteo ERA5,Juli
Jawa Timur,2022,8,27.93,30.99,24.34,42.1,71.0,5.85,Open-Meteo ERA5,Agustus
Jawa Timur,2022,9,28.65,32.44,24.49,21.0,68.7,5.7,Open-Meteo ERA5,September
Jawa Timur,2022,10,27.41,31.04,24.48,161.7,79.68,3.49,Open-Meteo ERA5,Oktober
Jawa Timur,2022,11,26.87,29.92,24.55,271.7,84.77,3.4,Open-Meteo ERA5,November
Jawa Timur,2022,12,26.78,29.87,24.4,256.1,84.13,4.22,Open-Meteo ERA5,Desember
Jawa Timur,2023,1,26.68,30.19,24.41,254.7,83.97,4.25,Open-Meteo ERA5,Januari
Jawa Timur,2023,2,26.23,29.63,24.41,362.1,86.39,5.49,Open-Meteo ERA5,Februari
Jawa Timur,2023,3,26.79,30.1,24.29,273.7,85.13,3.45,Open-Meteo ERA5,Maret
Jawa Timur,2023,4,27.31,30.16,25.06,243.4,83.7,3.28,Open-Meteo ERA5,April
Jawa Timur,2023,5,27.95,30.31,25.05,76.1,76.77,4.34,Open-Meteo ERA5,Mei
Jawa Timur,2023,6,28.34,31.28,24.76,3.3,72.13,4.98,Open-Meteo ERA5,Juni
Jawa Timur,2023,7,27.48,31.24,23.02,28.9,69.97,5.11,Open-Meteo ERA5,Juli
Jawa Timur,2023,8,27.52,31.16,23.14,1.1,67.19,5.78,Open-Meteo ERA5,Agustus
Jawa Timur,2023,9,28.04,32.18,22.97,0.1,63.67,6.31,Open-Meteo ERA5,September
Jawa Timur,2023,10,29.52,33.75,24.72,4.0,65.71,6.15,Open-Meteo ERA5,Oktober
Jawa Timur,2023,11,29.7,34.44,25.31,56.0,69.27,4.77,Open-Meteo ERA5,November
Jawa Timur,2023,12,28.5,32.85,24.84,175.6,76.74,3.52,Open-Meteo ERA5,Desember
Jawa Timur,2024,1,27.4,31.68,24.59,339.5,83.45,3.87,Open-Meteo ERA5,Januari
Jawa Timur,2024,2,27.11,31.18,24.69,391.5,86.76,3.49,Open-Meteo ERA5,Februari
Jawa Timur,2024,3,27.45,31.09,24.76,239.4,84.52,4.4,Open-Meteo ERA5,Maret
Jawa Timur,2024,4,28.06,31.11,25.52,225.4,83.6,3.72,Open-Meteo ERA5,April
Jawa Timur,2024,5,29.07,32.06,25.15,5.7,72.74,4.6,Open-Meteo ERA5,Mei
Jawa Timur,2024,6,28.48,31.78,24.63,33.8,72.37,4.78,Open-Meteo ERA5,Juni
Jawa Timur,2024,7,27.77,31.49,22.99,7.5,68.1,5.62,Open-Meteo ERA5,Juli
Jawa Timur,2024,8,27.9,32.14,22.68,3.7,65.61,6.22,Open-Meteo ERA5,Agustus
Jawa Timur,2024,9,28.91,33.07,24.16,11.4,65.47,5.77,Open-Meteo ERA5,September
Jawa Timur,2024,10,29.81,34.18,24.78,19.5,64.13,5.71,Open-Meteo ERA5,Oktober
Jawa Timur,2024,11,28.42,32.07,25.41,284.3,78.97,3.49,Open-Meteo ERA5,November
Jawa Timur,2024,12,27.15,30.82,25.08,426.0,85.0,3.1,Open-Meteo ERA5,Desember
Kalimantan Barat,2015,1,25.22,28.32,23.34,430.8,89.65,4.59,Open-Meteo ERA5,Januari
Kalimantan Barat,2015,2,25.38,29.0,23.11,162.3,88.54,3.21,Open-Meteo ERA5,Februari
Kalimantan Barat,2015,3,25.95,29.73,23.56,162.6,88.19,2.98,Open-Meteo ERA5,Maret
Kalimantan Barat,2015,4,26.06,29.64,23.85,310.4,90.4,2.85,Open-Meteo ERA5,April
Kalimantan Barat,2015,5,26.38,29.89,24.14,219.7,89.9,2.76,Open-Meteo ERA5,Mei
Kalimantan Barat,2015,6,26.53,30.04,24.15,187.0,87.4,2.97,Open-Meteo ERA5,Juni
Kalimantan Barat,2015,7,26.98,31.15,24.17,117.5,81.81,3.29,Open-Meteo ERA5,Juli
Kalimantan Barat,2015,8,26.68,30.84,23.93,65.2,83.39,3.35,Open-Meteo ERA5,Agustus
Kalimantan Barat,2015,9,27.12,31.64,24.19,84.3,80.5,3.37,Open-Meteo ERA5,September
Kalimantan Barat,2015,10,26.42,30.54,23.87,215.5,87.1,2.93,Open-Meteo ERA5,Oktober
Kalimantan Barat,2015,11,25.75,29.23,23.7,379.7,91.1,2.89,Open-Meteo ERA5,November
Kalimantan Barat,2015,12,26.06,29.48,23.86,294.1,89.58,3.29,Open-Meteo ERA5,Desember
Kalimantan Barat,2016,1,26.14,29.73,23.99,277.6,90.35,2.76,Open-Meteo ERA5,Januari
Kalimantan Barat,2016,2,25.92,29.12,24.04,350.6,91.55,3.01,Open-Meteo ERA5,Februari
Kalimantan Barat,2016,3,26.62,30.36,24.32,209.8,89.29,2.81,Open-Meteo ERA5,Maret
Kalimantan Barat,2016,4,26.7,30.36,24.5,269.0,90.57,2.84,Open-Meteo ERA5,April
Kalimantan Barat,2016,5,26.73,30.28,24.65,309.2,91.23,2.77,Open-Meteo ERA5,Mei
Kalimantan Barat,2016,6,26.45,29.91,24.18,228.5,88.93,2.81,Open-Meteo ERA5,Juni
Kalimantan Barat,2016,7,26.61,30.14,24.29,250.1,88.0,2.77,Open-Meteo ERA5,Juli
Kalimantan Barat,2016,8,27.32,31.3,24.69,79.0,83.71,3.4,Open-Meteo ERA5,Agustus
Kalimantan Barat,2016,9,26.56,30.4,24.14,242.9,87.53,3.27,Open-Meteo ERA5,September
Kalimantan Barat,2016,10,26.25,29.66,24.14,299.3,89.55,3.45,Open-Meteo ERA5,Oktober
Kalimantan Barat,2016,11,25.78,29.12,23.85,386.3,92.0,3.38,Open-Meteo ERA5,November
Kalimantan Barat,2016,12,26.04,29.05,24.02,333.7,90.13,4.2,Open-Meteo ERA5,Desember
Kalimantan Barat,2017,1,26.29,30.13,23.75,268.4,88.9,2.91,Open-Meteo ERA5,Januari
Kalimantan Barat,2017,2,25.57,29.19,23.09,278.9,89.21,3.2,Open-Meteo ERA5,Februari
Kalimantan Barat,2017,3,26.02,29.98,23.41,253.0,90.1,2.83,Open-Meteo ERA5,Maret
Kalimantan Barat,2017,4,26.28,30.28,23.86,304.0,91.37,2.74,Open-Meteo ERA5,April
Kalimantan Barat,2017,5,26.49,30.47,24.18,360.8,91.45,2.8,Open-Meteo ERA5,Mei
Kalimantan Barat,2017,6,26.55,30.46,23.93,236.7,89.13,2.74,Open-Meteo ERA5,Juni
Kalimantan Barat,2017,7,26.05,30.13,23.36,232.3,88.9,2.82,Open-Meteo ERA5,Juli
Kalimantan Barat,2017,8,25.72,29.5,23.39,298.4,90.23,2.92,Open-Meteo ERA5,Agustus
Kalimantan Barat,2017,9,26.11,29.82,23.67,229.2,90.03,2.67,Open-Meteo ERA5,September
Kalimantan Barat,2017,10,26.08,30.1,23.59,335.9,91.06,2.89,Open-Meteo ERA5,Oktober
Kalimantan Barat,2017,11,25.67,29.29,23.55,410.3,92.87,2.68,Open-Meteo ERA5,November
Kalimantan Barat,2017,12,25.71,28.98,23.39,337.1,90.32,3.44,Open-Meteo ERA5,Desember
Kalimantan Barat,2018,1,25.61,28.81,23.45,300.7,90.9,3.58,Open-Meteo ERA5,Januari
Kalimantan Barat,2018,2,25.69,29.62,22.92,180.0,86.82,3.29,Open-Meteo ERA5,Februari
Kalimantan Barat,2018,3,25.93,29.81,23.38,280.3,90.26,2.82,Open-Meteo ERA5,Maret
Kalimantan Barat,2018,4,26.21,30.22,23.76,243.2,90.37,2.63,Open-Meteo ERA5,April
Kalimantan Barat,2018,5,25.87,29.47,23.71,428.4,92.55,2.37,Open-Meteo ERA5,Mei
Kalimantan Barat,2018,6,26.28,30.04,23.74,173.2,90.63,2.52,Open-Meteo ERA5,Juni
Kalimantan Barat,2018,7,26.71,30.89,23.79,107.7,85.61,3.12,Open-Meteo ERA5,Juli
Kalimantan Barat,2018,8,27.1,32.1,23.83,44.2,81.35,3.17,Open-Meteo ERA5,Agustus
Kalimantan Barat,2018,9,26.11,30.48,23.34,135.7,87.43,2.86,Open-Meteo ERA5,September
Kalimantan Barat,2018,10,25.61,29.58,23.29,404.4,92.23,2.59,Open-Meteo ERA5,Oktober
Kalimantan Barat,2018,11,25.88,29.76,23.63,360.0,92.37,2.86,Open-Meteo ERA5,November
Kalimantan Barat,2018,12,25.72,29.3,23.45,369.4,92.65,3.22,Open-Meteo ERA5,Desember
Kalimantan Barat,2019,1,26.06,29.79,23.55,211.2,89.87,3.07,Open-Meteo ERA5,Januari
Kalimantan Barat,2019,2,25.8,29.78,23.35,321.6,91.68,2.5,Open-Meteo ERA5,Februari
Kalimantan Barat,2019,3,26.58,30.71,23.5,63.4,86.55,2.87,Open-Meteo ERA5,Maret
Kalimantan Barat,2019,4,26.55,30.49,24.01,265.8,90.9,2.5,Open-Meteo ERA5,April
Kalimantan Barat,2019,5,26.97,30.81,24.31,151.4,89.94,2.37,Open-Meteo ERA5,Mei
Kalimantan Barat,2019,6,26.43,30.15,24.07,197.1,90.53,2.57,Open-Meteo ERA5,Juni
Kalimantan Barat,2019,7,26.51,30.71,23.41,78.2,84.71,2.97,Open-Meteo ERA5,Juli
Kalimantan Barat,2019,8,27.04,32.2,23.62,42.2,79.74,3.32,Open-Meteo ERA5,Agustus
Kalimantan Barat,2019,9,26.69,31.97,23.42,173.7,83.33,3.09,Open-Meteo ERA5,September
Kalimantan Barat,2019,10,25.5,29.86,23.14,449.8,92.1,2.52,Open-Meteo ERA5,Oktober
Kalimantan Barat,2019,11,26.15,30.43,23.48,284.3,90.47,2.65,Open-Meteo ERA5,November
Kalimantan Barat,2019,12,25.74,29.5,23.56,416.8,92.1,2.68,Open-Meteo ERA5,Desember
Kalimantan Barat,2020,1,25.96,29.72,23.61,247.2,91.87,2.81,Open-Meteo ERA5,Januari
Kalimantan Barat,2020,2,26.1,30.17,23.42,301.6,89.97,2.64,Open-Meteo ERA5,Februari
Kalimantan Barat,2020,3,26.44,30.2,23.79,208.2,90.0,2.53,Open-Meteo ERA5,Maret
Kalimantan Barat,2020,4,26.58,30.34,24.11,291.4,90.9,2.61,Open-Meteo ERA5,April
Kalimantan Barat,2020,5,26.88,30.62,24.49,338.8,91.26,2.35,Open-Meteo ERA5,Mei
Kalimantan Barat,2020,6,26.12,29.83,23.8,307.4,91.43,2.56,Open-Meteo ERA5,Juni
Kalimantan Barat,2020,7,25.62,29.34,23.28,312.7,92.03,2.63,Open-Meteo ERA5,Juli
Kalimantan Barat,2020,8,26.36,30.45,23.7,190.4,90.0,2.45,Open-Meteo ERA5,Agustus
Kalimantan Barat,2020,9,25.72,29.6,23.43,285.4,91.47,2.59,Open-Meteo ERA5,September
Kalimantan Barat,2020,10,26.12,30.14,23.75,370.7,90.45,2.82,Open-Meteo ERA5,Oktober
Kalimantan Barat,2020,11,25.71,29.37,23.58,495.9,92.6,2.88,Open-Meteo ERA5,November
Kalimantan Barat,2020,12,26.0,29.4,23.6,246.6,90.06,3.52,Open-Meteo ERA5,Desember
Kalimantan Barat,2021,1,25.4,28.82,23.13,334.1,91.0,3.01,Open-Meteo ERA5,Januari
Kalimantan Barat,2021,2,25.83,30.18,22.66,83.3,85.64,3.54,Open-Meteo ERA5,Februari
Kalimantan Barat,2021,3,25.94,30.0,23.38,231.8,89.94,2.64,Open-Meteo ERA5,Maret
Kalimantan Barat,2021,4,26.57,30.94,23.75,140.2,88.83,2.96,Open-Meteo ERA5,April
Kalimantan Barat,2021,5,26.55,30.31,23.95,275.8,91.39,2.3,Open-Meteo ERA5,Mei
Kalimantan Barat,2021,6,26.17,29.78,23.64,163.7,91.03,2.38,Open-Meteo ERA5,Juni
Kalimantan Barat,2021,7,26.46,30.14,23.82,199.0,88.58,2.82,Open-Meteo ERA5,Juli
Kalimantan Barat,2021,8,25.74,29.35,23.57,449.4,91.39,2.68,Open-Meteo ERA5,Agustus
Kalimantan Barat,2021,9,25.78,29.41,23.37,283.6,91.03,2.52,Open-Meteo ERA5,September
Kalimantan Barat,2021,10,26.42,30.61,23.73,306.3,88.81,2.79,Open-Meteo ERA5,Oktober
Kalimantan Barat,2021,11,26.04,29.99,23.57,295.6,89.77,2.79,Open-Meteo ERA5,November
Kalimantan Barat,2021,12,25.95,29.83,23.3,277.8,89.87,3.55,Open-Meteo ERA5,Desember
Kalimantan Barat,2022,1,25.64,29.64,22.86,163.9,89.45,3.4,Open-Meteo ERA5,Januari
Kalimantan Barat,2022,2,25.72,30.17,22.89,289.1,89.64,2.99,Open-Meteo ERA5,Februari
Kalimantan Barat,2022,3,26.48,30.78,23.5,213.4,87.45,3.28,Open-Meteo ERA5,Maret
Kalimantan Barat,2022,4,26.4,30.73,23.71,284.7,89.93,2.79,Open-Meteo ERA5,April
Kalimantan Barat,2022,5,26.47,30.51,23.75,288.4,90.74,2.88,Open-Meteo ERA5,Mei
Kalimantan Barat,2022,6,25.16,29.18,22.89,513.2,93.7,2.61,Open-Meteo ERA5,Juni
Kalimantan Barat,2022,7,26.11,30.15,23.43,221.7,90.1,2.76,Open-Meteo ERA5,Juli
Kalimantan Barat,2022,8,25.56,29.51,23.09,387.7,91.35,3.0,Open-Meteo ERA5,Agustus
Kalimantan Barat,2022,9,25.47,29.53,23.04,335.7,91.43,2.92,Open-Meteo ERA5,September
Kalimantan Barat,2022,10,25.26,29.0,23.02,527.3,93.03,3.08,Open-Meteo ERA5,Oktober
Kalimantan Barat,2022,11,25.47,29.16,23.15,381.4,92.07,3.29,Open-Meteo ERA5,November
Kalimantan Barat,2022,12,25.5,29.41,22.85,320.4,89.32,3.32,Open-Meteo ERA5,Desember
Kalimantan Barat,2023,1,25.36,29.06,22.81,314.1,90.74,3.41,Open-Meteo ERA5,Januari
Kalimantan Barat,2023,2,25.73,29.51,23.05,309.3,89.93,3.44,Open-Meteo ERA5,Februari
Kalimantan Barat,2023,3,25.37,29.51,22.96,401.9,91.52,2.91,Open-Meteo ERA5,Maret
Kalimantan Barat,2023,4,26.59,30.95,23.65,220.2,88.63,2.82,Open-Meteo ERA5,April
Kalimantan Barat,2023,5,27.05,31.18,24.11,201.1,89.87,2.65,Open-Meteo ERA5,Mei
Kalimantan Barat,2023,6,26.71,30.79,23.92,205.5,88.77,2.66,Open-Meteo ERA5,Juni
Kalimantan Barat,2023,7,26.43,30.58,23.56,269.2,87.52,2.96,Open-Meteo ERA5,Juli
Kalimantan Barat,2023,8,26.55,31.08,23.68,220.6,88.16,3.08,Open-Meteo ERA5,Agustus
Kalimantan Barat,2023,9,26.66,31.3,23.78,258.9,86.87,3.21,Open-Meteo ERA5,September
Kalimantan Barat,2023,10,26.35,31.08,23.64,263.5,90.58,2.88,Open-Meteo ERA5,Oktober
Kalimantan Barat,2023,11,26.11,30.21,23.77,490.7,92.27,2.84,Open-Meteo ERA5,November
Kalimantan Barat,2023,12,26.0,29.97,23.68,518.4,92.71,2.82,Open-Meteo ERA5,Desember
Kalimantan Barat,2024,1,25.98,29.87,23.76,471.8,92.74,2.98,Open-Meteo ERA5,Januari
Kalimantan Barat,2024,2,26.35,30.79,23.73,323.0,90.93,2.99,Open-Meteo ERA5,Februari
Kalimantan Barat,2024,3,26.51,30.79,23.85,403.0,90.65,2.98,Open-Meteo ERA5,Maret
Kalimantan Barat,2024,4,26.76,31.06,24.41,471.8,92.3,2.63,Open-Meteo ERA5,April
Kalimantan Barat,2024,5,26.79,30.62,24.55,558.4,93.03,2.83,Open-Meteo ERA5,Mei
Kalimantan Barat,2024,6,26.53,30.48,23.91,273.8,90.53,2.62,Open-Meteo ERA5,Juni
Kalimantan Barat,2024,7,26.99,31.42,23.87,113.3,84.35,3.15,Open-Meteo ERA5,Juli
Kalimantan Barat,2024,8,25.87,30.11,23.34,433.2,90.45,2.83,Open-Meteo ERA5,Agustus
Kalimantan Barat,2024,9,27.07,31.55,24.07,144.9,84.6,3.02,Open-Meteo ERA5,September
Kalimantan Barat,2024,10,26.51,30.95,23.79,287.0,88.52,2.83,Open-Meteo ERA5,Oktober
Kalimantan Barat,2024,11,26.26,30.32,23.95,421.6,90.13,2.98,Open-Meteo ERA5,November
Kalimantan Barat,2024,12,26.61,30.12,24.24,256.4,88.19,3.45,Open-Meteo ERA5,Desember
Kalimantan Selatan,2015,1,25.68,28.85,23.7,287.2,88.23,3.62,Open-Meteo ERA5,Januari
Kalimantan Selatan,2015,2,25.67,28.79,23.42,241.4,87.89,2.66,Open-Meteo ERA5,Februari
Kalimantan Selatan,2015,3,26.26,29.76,23.87,253.9,86.94,2.58,Open-Meteo ERA5,Maret
Kalimantan Selatan,2015,4,26.46,30.1,24.07,236.4,86.83,2.69,Open-Meteo ERA5,April
Kalimantan Selatan,2015,5,26.56,29.93,24.2,149.4,86.19,2.91,Open-Meteo ERA5,Mei
Kalimantan Selatan,2015,6,26.16,29.41,23.86,130.1,84.7,3.2,Open-Meteo ERA5,Juni
Kalimantan Selatan,2015,7,26.74,30.58,23.64,13.4,76.06,3.77,Open-Meteo ERA5,Juli
Kalimantan Selatan,2015,8,27.46,32.2,23.7,5.7,69.1,4.43,Open-Meteo ERA5,Agustus
Kalimantan Selatan,2015,9,28.09,33.57,23.84,0.4,65.93,4.9,Open-Meteo ERA5,September
Kalimantan Selatan,2015,10,28.74,34.11,24.42,27.6,67.19,4.45,Open-Meteo ERA5,Oktober
Kalimantan Selatan,2015,11,27.12,30.85,24.55,201.0,84.17,2.93,Open-Meteo ERA5,November
Kalimantan Selatan,2015,12,26.49,29.84,24.35,255.2,87.13,3.01,Open-Meteo ERA5,Desember
Kalimantan Selatan,2016,1,26.82,30.25,24.49,289.5,86.23,2.7,Open-Meteo ERA5,Januari
Kalimantan Selatan,2016,2,26.42,29.79,24.39,381.9,88.48,2.5,Open-Meteo ERA5,Februari
Kalimantan Selatan,2016,3,26.84,30.28,24.65,343.6,88.19,2.61,Open-Meteo ERA5,Maret
Kalimantan Selatan,2016,4,26.88,30.33,24.75,265.3,88.2,2.66,Open-Meteo ERA5,April
Kalimantan Selatan,2016,5,27.29,30.69,25.1,238.0,87.29,2.35,Open-Meteo ERA5,Mei
Kalimantan Selatan,2016,6,26.64,29.93,24.22,124.5,85.63,2.47,Open-Meteo ERA5,Juni
Kalimantan Selatan,2016,7,26.66,30.11,24.08,102.1,84.35,2.72,Open-Meteo ERA5,Juli
Kalimantan Selatan,2016,8,27.32,31.22,24.36,29.3,78.16,3.44,Open-Meteo ERA5,Agustus
Kalimantan Selatan,2016,9,27.32,31.26,24.63,190.9,80.9,3.04,Open-Meteo ERA5,September
Kalimantan Selatan,2016,10,26.52,29.73,24.24,265.8,86.94,2.88,Open-Meteo ERA5,Oktober
Kalimantan Selatan,2016,11,26.56,29.86,24.25,313.2,87.6,3.01,Open-Meteo ERA5,November
Kalimantan Selatan,2016,12,26.4,29.71,24.21,308.5,87.35,3.75,Open-Meteo ERA5,Desember
Kalimantan Selatan,2017,1,26.52,29.91,24.05,348.0,88.19,3.06,Open-Meteo ERA5,Januari
Kalimantan Selatan,2017,2,26.46,29.91,24.1,297.0,86.68,3.44,Open-Meteo ERA5,Februari
Kalimantan Selatan,2017,3,26.35,29.99,23.83,343.2,88.61,2.96,Open-Meteo ERA5,Maret
Kalimantan Selatan,2017,4,26.56,30.31,24.04,359.9,89.03,2.72,Open-Meteo ERA5,April
Kalimantan Selatan,2017,5,26.81,30.65,24.52,315.8,88.58,2.91,Open-Meteo ERA5,Mei
Kalimantan Selatan,2017,6,26.17,29.75,23.77,229.1,88.33,2.69,Open-Meteo ERA5,Juni
Kalimantan Selatan,2017,7,25.95,29.77,23.41,114.7,86.87,3.23,Open-Meteo ERA5,Juli
Kalimantan Selatan,2017,8,25.99,29.86,23.41,156.6,84.19,3.2,Open-Meteo ERA5,Agustus
Kalimantan Selatan,2017,9,26.73,31.05,23.66,213.7,82.87,3.35,Open-Meteo ERA5,September
Kalimantan Selatan,2017,10,26.79,30.82,24.11,217.0,86.94,3.28,Open-Meteo ERA5,Oktober
Kalimantan Selatan,2017,11,26.3,29.9,23.94,420.9,90.07,2.88,Open-Meteo ERA5,November
Kalimantan Selatan,2017,12,26.42,29.8,24.16,384.3,88.97,3.35,Open-Meteo ERA5,Desember
Kalimantan Selatan,2018,1,26.41,29.84,24.06,375.9,87.42,3.85,Open-Meteo ERA5,Januari
Kalimantan Selatan,2018,2,26.21,29.58,23.91,401.6,88.79,3.35,Open-Meteo ERA5,Februari
Kalimantan Selatan,2018,3,25.83,29.4,23.57,421.1,90.61,3.04,Open-Meteo ERA5,Maret
Kalimantan Selatan,2018,4,26.4,30.36,23.97,252.4,88.73,2.99,Open-Meteo ERA5,April
Kalimantan Selatan,2018,5,26.57,30.41,23.86,184.4,87.35,3.13,Open-Meteo ERA5,Mei
Kalimantan Selatan,2018,6,26.29,30.14,23.33,160.3,86.8,2.99,Open-Meteo ERA5,Juni
Kalimantan Selatan,2018,7,26.09,30.16,23.02,113.0,84.55,3.17,Open-Meteo ERA5,Juli
Kalimantan Selatan,2018,8,26.83,31.82,23.11,75.1,77.55,3.55,Open-Meteo ERA5,Agustus
Kalimantan Selatan,2018,9,26.83,32.16,22.8,92.1,78.4,3.64,Open-Meteo ERA5,September
Kalimantan Selatan,2018,10,27.38,32.48,23.75,150.6,79.74,3.59,Open-Meteo ERA5,Oktober
Kalimantan Selatan,2018,11,26.74,30.88,24.06,327.9,88.5,3.08,Open-Meteo ERA5,November
Kalimantan Selatan,2018,12,26.13,29.64,23.85,421.8,90.42,3.36,Open-Meteo ERA5,Desember
Kalimantan Selatan,2019,1,26.49,30.22,23.86,332.4,88.97,3.15,Open-Meteo ERA5,Januari
Kalimantan Selatan,2019,2,26.49,30.48,23.86,273.3,88.57,2.73,Open-Meteo ERA5,Februari
Kalimantan Selatan,2019,3,26.59,30.41,23.87,345.0,88.58,3.17,Open-Meteo ERA5,Maret
Kalimantan Selatan,2019,4,26.59,30.42,24.17,341.0,90.57,2.65,Open-Meteo ERA5,April
Kalimantan Selatan,2019,5,27.15,31.25,24.27,167.0,86.29,2.77,Open-Meteo ERA5,Mei
Kalimantan Selatan,2019,6,26.22,30.0,23.6,187.4,87.47,3.14,Open-Meteo ERA5,Juni
Kalimantan Selatan,2019,7,26.46,31.57,22.5,27.1,77.23,3.61,Open-Meteo ERA5,Juli
Kalimantan Selatan,2019,8,27.46,33.33,22.88,20.9,69.97,4.43,Open-Meteo ERA5,Agustus
Kalimantan Selatan,2019,9,28.01,34.68,22.72,27.8,68.7,4.83,Open-Meteo ERA5,September
Kalimantan Selatan,2019,10,28.01,34.07,23.75,120.3,75.16,3.95,Open-Meteo ERA5,Oktober
Kalimantan Selatan,2019,11,27.46,32.41,24.15,187.7,83.27,3.48,Open-Meteo ERA5,November
Kalimantan Selatan,2019,12,26.59,30.12,24.11,332.3,89.55,2.79,Open-Meteo ERA5,Desember
Kalimantan Selatan,2020,1,26.63,30.13,24.31,523.7,89.87,3.02,Open-Meteo ERA5,Januari
Kalimantan Selatan,2020,2,26.4,29.79,24.17,722.2,90.41,2.86,Open-Meteo ERA5,Februari
Kalimantan Selatan,2020,3,26.86,30.69,24.41,386.0,89.65,2.73,Open-Meteo ERA5,Maret
Kalimantan Selatan,2020,4,26.61,30.18,24.26,313.0,90.17,2.58,Open-Meteo ERA5,April
Kalimantan Selatan,2020,5,27.12,30.92,24.62,315.2,89.61,2.71,Open-Meteo ERA5,Mei
Kalimantan Selatan,2020,6,26.31,29.97,23.62,194.6,88.1,2.98,Open-Meteo ERA5,Juni
Kalimantan Selatan,2020,7,25.99,29.9,23.26,195.8,87.48,3.32,Open-Meteo ERA5,Juli
Kalimantan Selatan,2020,8,26.52,30.99,23.46,120.0,84.61,3.02,Open-Meteo ERA5,Agustus
Kalimantan Selatan,2020,9,26.5,30.66,23.54,205.0,85.7,3.16,Open-Meteo ERA5,September
Kalimantan Selatan,2020,10,26.68,30.68,23.8,208.1,86.26,2.93,Open-Meteo ERA5,Oktober
Kalimantan Selatan,2020,11,26.41,30.01,24.14,345.3,89.7,2.96,Open-Meteo ERA5,November
Kalimantan Selatan,2020,12,26.28,29.6,23.98,411.6,89.97,3.57,Open-Meteo ERA5,Desember
Kalimantan Selatan,2021,1,25.77,28.73,23.74,738.9,90.35,3.45,Open-Meteo ERA5,Januari
Kalimantan Selatan,2021,2,26.31,29.92,23.8,398.4,88.89,3.3,Open-Meteo ERA5,Februari
Kalimantan Selatan,2021,3,26.16,29.83,23.72,385.1,89.9,2.85,Open-Meteo ERA5,Maret
Kalimantan Selatan,2021,4,26.81,31.08,23.68,217.9,86.1,3.27,Open-Meteo ERA5,April
Kalimantan Selatan,2021,5,26.83,30.58,24.22,262.8,88.9,2.76,Open-Meteo ERA5,Mei
Kalimantan Selatan,2021,6,26.52,30.41,23.8,187.9,88.43,2.76,Open-Meteo ERA5,Juni
Kalimantan Selatan,2021,7,26.13,30.19,23.27,162.0,86.48,2.94,Open-Meteo ERA5,Juli
Kalimantan Selatan,2021,8,26.01,29.82,23.37,307.7,88.84,3.1,Open-Meteo ERA5,Agustus
Kalimantan Selatan,2021,9,26.01,29.67,23.35,185.9,88.4,2.95,Open-Meteo ERA5,September
Kalimantan Selatan,2021,10,26.45,30.64,23.7,233.0,88.19,3.18,Open-Meteo ERA5,Oktober
Kalimantan Selatan,2021,11,25.86,29.63,23.51,603.7,90.73,2.92,Open-Meteo ERA5,November
Kalimantan Selatan,2021,12,25.96,29.43,23.62,560.6,90.29,3.36,Open-Meteo ERA5,Desember
Kalimantan Selatan,2022,1,26.17,30.07,23.34,346.7,87.68,3.42,Open-Meteo ERA5,Januari
Kalimantan Selatan,2022,2,26.03,30.11,23.44,432.5,88.46,3.14,Open-Meteo ERA5,Februari
Kalimantan Selatan,2022,3,26.45,30.58,23.52,499.0,88.13,3.16,Open-Meteo ERA5,Maret
Kalimantan Selatan,2022,4,26.68,30.84,23.63,311.2,87.33,3.16,Open-Meteo ERA5,April
Kalimantan Selatan,2022,5,26.58,30.76,23.96,440.4,89.65,2.96,Open-Meteo ERA5,Mei
Kalimantan Selatan,2022,6,25.74,29.77,23.19,347.4,90.67,3.06,Open-Meteo ERA5,Juni
Kalimantan Selatan,2022,7,25.86,30.01,23.3,260.2,89.32,2.97,Open-Meteo ERA5,Juli
Kalimantan Selatan,2022,8,26.03,30.05,23.19,250.1,86.74,3.23,Open-Meteo ERA5,Agustus
Kalimantan Selatan,2022,9,25.9,30.04,23.08,339.4,88.17,3.16,Open-Meteo ERA5,September
Kalimantan Selatan,2022,10,25.74,29.63,23.25,488.1,90.35,3.4,Open-Meteo ERA5,Oktober
Kalimantan Selatan,2022,11,26.22,29.94,23.62,470.6,89.07,3.24,Open-Meteo ERA5,November
Kalimantan Selatan,2022,12,26.26,30.22,23.45,344.0,87.26,3.64,Open-Meteo ERA5,Desember
Kalimantan Selatan,2023,1,25.92,29.54,23.46,494.1,88.29,3.86,Open-Meteo ERA5,Januari
Kalimantan Selatan,2023,2,26.02,29.86,23.41,487.7,89.0,3.67,Open-Meteo ERA5,Februari
Kalimantan Selatan,2023,3,25.71,29.66,23.26,549.4,90.58,3.14,Open-Meteo ERA5,Maret
Kalimantan Selatan,2023,4,26.39,30.55,23.6,433.3,89.23,3.21,Open-Meteo ERA5,April
Kalimantan Selatan,2023,5,27.12,31.37,24.25,186.3,86.55,2.88,Open-Meteo ERA5,Mei
Kalimantan Selatan,2023,6,26.7,30.96,23.77,203.9,86.43,3.13,Open-Meteo ERA5,Juni
Kalimantan Selatan,2023,7,26.08,30.13,23.14,288.1,86.32,3.19,Open-Meteo ERA5,Juli
Kalimantan Selatan,2023,8,27.59,33.2,23.31,25.0,73.77,3.96,Open-Meteo ERA5,Agustus
Kalimantan Selatan,2023,9,27.88,34.01,23.24,85.7,72.53,4.35,Open-Meteo ERA5,September
Kalimantan Selatan,2023,10,28.48,34.87,23.97,100.6,76.03,3.81,Open-Meteo ERA5,Oktober
Kalimantan Selatan,2023,11,27.13,32.33,24.12,327.9,86.73,3.48,Open-Meteo ERA5,November
Kalimantan Selatan,2023,12,26.64,31.16,23.99,503.4,89.52,3.18,Open-Meteo ERA5,Desember
Kalimantan Selatan,2024,1,26.34,30.29,23.97,620.4,90.81,3.14,Open-Meteo ERA5,Januari
Kalimantan Selatan,2024,2,26.75,31.18,24.07,534.3,89.41,3.07,Open-Meteo ERA5,Februari
Kalimantan Selatan,2024,3,27.05,31.31,24.38,549.4,89.06,3.09,Open-Meteo ERA5,Maret
Kalimantan Selatan,2024,4,27.08,31.61,24.5,470.6,90.33,2.92,Open-Meteo ERA5,April
Kalimantan Selatan,2024,5,27.4,31.59,24.84,313.7,88.9,2.96,Open-Meteo ERA5,Mei
Kalimantan Selatan,2024,6,26.32,30.46,23.76,294.2,90.17,2.77,Open-Meteo ERA5,Juni
Kalimantan Selatan,2024,7,26.41,30.56,23.39,148.0,85.1,2.83,Open-Meteo ERA5,Juli
Kalimantan Selatan,2024,8,26.68,31.29,23.47,135.1,82.55,3.25,Open-Meteo ERA5,Agustus
Kalimantan Selatan,2024,9,27.4,32.66,23.8,125.1,80.33,3.53,Open-Meteo ERA5,September
Kalimantan Selatan,2024,10,27.19,32.13,24.18,193.3,84.84,3.56,Open-Meteo ERA5,Oktober
Kalimantan Selatan,2024,11,26.62,31.43,24.0,512.6,88.57,3.19,Open-Meteo ERA5,November
Kalimantan Selatan,2024,12,26.85,30.61,24.37,471.3,87.16,3.68,Open-Meteo ERA5,Desember
Kalimantan Tengah,2015,1,25.69,29.92,23.11,267.6,88.94,2.51,Open-Meteo ERA5,Januari
Kalimantan Tengah,2015,2,25.39,29.23,23.03,348.0,90.93,1.92,Open-Meteo ERA5,Februari
Kalimantan Tengah,2015,3,25.92,29.96,23.31,297.8,90.0,1.86,Open-Meteo ERA5,Maret
Kalimantan Tengah,2015,4,26.03,30.16,23.49,317.8,90.6,2.02,Open-Meteo ERA5,April
Kalimantan Tengah,2015,5,26.2,30.01,23.71,199.1,90.1,1.89,Open-Meteo ERA5,Mei
Kalimantan Tengah,2015,6,26.08,29.94,23.48,113.8,87.47,2.25,Open-Meteo ERA5,Juni
Kalimantan Tengah,2015,7,27.15,31.78,23.41,33.2,75.1,2.66,Open-Meteo ERA5,Juli
Kalimantan Tengah,2015,8,27.75,32.95,23.38,117.9,69.48,2.87,Open-Meteo ERA5,Agustus
Kalimantan Tengah,2015,9,28.17,33.51,23.63,2.0,66.47,3.15,Open-Meteo ERA5,September
Kalimantan Tengah,2015,10,28.65,34.41,24.05,66.9,68.32,2.71,Open-Meteo ERA5,Oktober
Kalimantan Tengah,2015,11,26.29,30.6,23.7,393.9,89.07,1.9,Open-Meteo ERA5,November
Kalimantan Tengah,2015,12,26.28,30.31,23.74,283.8,89.32,2.2,Open-Meteo ERA5,Desember
Kalimantan Tengah,2016,1,26.46,30.51,23.89,270.4,89.19,2.03,Open-Meteo ERA5,Januari
Kalimantan Tengah,2016,2,26.19,29.91,23.82,339.2,91.34,1.86,Open-Meteo ERA5,Februari
Kalimantan Tengah,2016,3,26.52,30.41,24.1,377.3,90.68,1.93,Open-Meteo ERA5,Maret
Kalimantan Tengah,2016,4,26.64,30.46,24.17,321.5,91.1,1.89,Open-Meteo ERA5,April
Kalimantan Tengah,2016,5,26.86,30.63,24.47,255.9,90.97,2.01,Open-Meteo ERA5,Mei
Kalimantan Tengah,2016,6,26.33,29.92,23.75,164.5,88.97,1.89,Open-Meteo ERA5,Juni
Kalimantan Tengah,2016,7,26.38,30.12,23.63,117.7,88.03,2.01,Open-Meteo ERA5,Juli
Kalimantan Tengah,2016,8,26.93,31.1,23.79,100.0,83.61,2.28,Open-Meteo ERA5,Agustus
Kalimantan Tengah,2016,9,26.45,30.54,23.66,307.3,87.97,2.15,Open-Meteo ERA5,September
Kalimantan Tengah,2016,10,26.36,30.57,23.69,353.9,89.03,2.24,Open-Meteo ERA5,Oktober
Kalimantan Tengah,2016,11,26.22,30.32,23.7,386.1,90.13,2.18,Open-Meteo ERA5,November
Kalimantan Tengah,2016,12,26.49,30.65,23.79,185.1,87.06,2.94,Open-Meteo ERA5,Desember
Kalimantan Tengah,2017,1,26.32,30.75,23.73,285.2,89.03,2.51,Open-Meteo ERA5,Januari
Kalimantan Tengah,2017,2,26.28,30.56,23.41,336.6,86.07,2.86,Open-Meteo ERA5,Februari
Kalimantan Tengah,2017,3,25.98,29.99,23.4,331.1,90.61,2.51,Open-Meteo ERA5,Maret
Kalimantan Tengah,2017,4,26.17,30.2,23.73,345.3,91.4,2.26,Open-Meteo ERA5,April
Kalimantan Tengah,2017,5,26.44,30.14,24.17,289.6,91.13,2.36,Open-Meteo ERA5,Mei
Kalimantan Tengah,2017,6,26.01,29.68,23.61,226.1,90.23,2.11,Open-Meteo ERA5,Juni
Kalimantan Tengah,2017,7,25.75,29.42,23.24,154.5,88.71,2.55,Open-Meteo ERA5,Juli
Kalimantan Tengah,2017,8,25.74,29.23,23.39,126.6,87.48,2.78,Open-Meteo ERA5,Agustus
Kalimantan Tengah,2017,9,26.34,30.56,23.47,161.2,86.97,2.73,Open-Meteo ERA5,September
Kalimantan Tengah,2017,10,26.18,30.65,23.48,294.7,89.84,2.7,Open-Meteo ERA5,Oktober
Kalimantan Tengah,2017,11,25.89,29.94,23.55,368.3,91.63,2.36,Open-Meteo ERA5,November
Kalimantan Tengah,2017,12,26.36,30.62,23.77,247.2,88.19,2.93,Open-Meteo ERA5,Desember
Kalimantan Tengah,2018,1,26.28,30.46,23.51,242.5,86.71,3.16,Open-Meteo ERA5,Januari
Kalimantan Tengah,2018,2,25.88,29.8,23.51,334.0,90.75,2.51,Open-Meteo ERA5,Februari
Kalimantan Tengah,2018,3,25.67,29.73,23.25,403.2,91.45,2.29,Open-Meteo ERA5,Maret
Kalimantan Tengah,2018,4,26.01,29.95,23.58,287.3,91.2,2.35,Open-Meteo ERA5,April
Kalimantan Tengah,2018,5,26.21,29.9,23.76,169.5,90.26,2.18,Open-Meteo ERA5,Mei
Kalimantan Tengah,2018,6,26.34,30.38,23.51,175.8,87.27,2.38,Open-Meteo ERA5,Juni
Kalimantan Tengah,2018,7,25.97,30.04,23.06,80.8,87.1,2.71,Open-Meteo ERA5,Juli
Kalimantan Tengah,2018,8,26.35,30.94,22.9,92.2,82.03,2.72,Open-Meteo ERA5,Agustus
Kalimantan Tengah,2018,9,26.36,31.16,22.8,113.1,82.43,2.71,Open-Meteo ERA5,September
Kalimantan Tengah,2018,10,26.53,31.21,23.5,216.1,86.97,2.35,Open-Meteo ERA5,Oktober
Kalimantan Tengah,2018,11,26.17,30.53,23.52,359.6,91.17,2.39,Open-Meteo ERA5,November
Kalimantan Tengah,2018,12,26.03,30.32,23.38,333.6,90.48,2.88,Open-Meteo ERA5,Desember
Kalimantan Tengah,2019,1,26.17,30.49,23.53,301.6,90.39,2.45,Open-Meteo ERA5,Januari
Kalimantan Tengah,2019,2,26.03,30.08,23.38,313.2,90.82,2.32,Open-Meteo ERA5,Februari
Kalimantan Tengah,2019,3,26.3,30.6,23.5,288.9,90.32,2.34,Open-Meteo ERA5,Maret
Kalimantan Tengah,2019,4,26.3,30.06,23.78,407.3,92.03,2.14,Open-Meteo ERA5,April
Kalimantan Tengah,2019,5,26.75,30.8,24.15,197.8,90.29,2.12,Open-Meteo ERA5,Mei
Kalimantan Tengah,2019,6,26.08,29.67,23.64,179.5,89.87,2.5,Open-Meteo ERA5,Juni
Kalimantan Tengah,2019,7,26.68,31.57,22.87,27.4,77.94,2.88,Open-Meteo ERA5,Juli
Kalimantan Tengah,2019,8,27.16,32.44,23.05,58.4,74.16,3.15,Open-Meteo ERA5,Agustus
Kalimantan Tengah,2019,9,27.83,33.87,23.1,57.7,70.73,3.27,Open-Meteo ERA5,September
Kalimantan Tengah,2019,10,26.65,31.36,23.5,350.3,85.74,2.52,Open-Meteo ERA5,Oktober
Kalimantan Tengah,2019,11,26.54,30.91,23.59,189.1,88.67,2.48,Open-Meteo ERA5,November
Kalimantan Tengah,2019,12,25.96,29.87,23.56,397.3,92.52,2.08,Open-Meteo ERA5,Desember
Kalimantan Tengah,2020,1,26.25,30.03,23.78,447.4,91.39,2.35,Open-Meteo ERA5,Januari
Kalimantan Tengah,2020,2,26.21,29.83,23.68,486.2,90.86,2.3,Open-Meteo ERA5,Februari
Kalimantan Tengah,2020,3,26.43,30.47,23.96,389.1,91.61,2.27,Open-Meteo ERA5,Maret
Kalimantan Tengah,2020,4,26.39,30.14,24.06,513.8,92.1,2.16,Open-Meteo ERA5,April
Kalimantan Tengah,2020,5,26.73,30.45,24.35,411.7,91.97,1.98,Open-Meteo ERA5,Mei
Kalimantan Tengah,2020,6,26.07,29.76,23.66,150.6,90.73,2.3,Open-Meteo ERA5,Juni
Kalimantan Tengah,2020,7,25.78,29.61,23.26,208.3,90.39,2.61,Open-Meteo ERA5,Juli
Kalimantan Tengah,2020,8,26.31,30.37,23.44,178.1,87.9,2.52,Open-Meteo ERA5,Agustus
Kalimantan Tengah,2020,9,26.1,30.14,23.43,210.0,88.63,2.55,Open-Meteo ERA5,September
Kalimantan Tengah,2020,10,26.3,30.42,23.64,378.1,89.26,2.39,Open-Meteo ERA5,Oktober
Kalimantan Tengah,2020,11,26.23,30.49,23.57,355.0,90.73,2.6,Open-Meteo ERA5,November
Kalimantan Tengah,2020,12,26.44,30.92,23.56,246.8,88.32,2.95,Open-Meteo ERA5,Desember
Kalimantan Tengah,2021,1,25.67,29.37,23.29,424.5,90.9,2.77,Open-Meteo ERA5,Januari
Kalimantan Tengah,2021,2,26.02,30.07,23.36,281.7,90.61,2.34,Open-Meteo ERA5,Februari
Kalimantan Tengah,2021,3,26.02,30.13,23.46,347.5,90.52,2.32,Open-Meteo ERA5,Maret
Kalimantan Tengah,2021,4,26.61,31.17,23.54,202.8,87.73,2.38,Open-Meteo ERA5,April
Kalimantan Tengah,2021,5,26.44,30.17,24.02,319.9,91.58,2.12,Open-Meteo ERA5,Mei
Kalimantan Tengah,2021,6,26.23,30.04,23.62,169.8,90.7,2.09,Open-Meteo ERA5,Juni
Kalimantan Tengah,2021,7,26.02,29.96,23.23,144.5,88.84,2.48,Open-Meteo ERA5,Juli
Kalimantan Tengah,2021,8,25.74,29.36,23.37,290.1,91.81,2.47,Open-Meteo ERA5,Agustus
Kalimantan Tengah,2021,9,25.59,29.25,23.21,254.5,91.57,2.62,Open-Meteo ERA5,September
Kalimantan Tengah,2021,10,26.35,31.18,23.37,294.8,88.26,2.79,Open-Meteo ERA5,Oktober
Kalimantan Tengah,2021,11,25.69,30.02,23.17,563.8,91.3,2.63,Open-Meteo ERA5,November
Kalimantan Tengah,2021,12,25.91,30.77,23.15,452.0,89.94,2.98,Open-Meteo ERA5,Desember
Kalimantan Tengah,2022,1,26.0,30.8,23.14,348.1,88.32,2.74,Open-Meteo ERA5,Januari
Kalimantan Tengah,2022,2,25.96,30.64,23.05,265.8,88.64,2.62,Open-Meteo ERA5,Februari
Kalimantan Tengah,2022,3,26.28,31.11,23.2,344.2,88.58,2.72,Open-Meteo ERA5,Maret
Kalimantan Tengah,2022,4,26.32,30.85,23.4,344.8,89.73,2.71,Open-Meteo ERA5,April
Kalimantan Tengah,2022,5,26.44,30.77,23.78,396.8,90.84,2.55,Open-Meteo ERA5,Mei
Kalimantan Tengah,2022,6,25.55,29.84,22.96,409.1,91.93,2.61,Open-Meteo ERA5,Juni
Kalimantan Tengah,2022,7,25.74,29.92,23.14,229.3,90.55,2.56,Open-Meteo ERA5,Juli
Kalimantan Tengah,2022,8,25.57,29.92,23.0,281.5,90.52,2.66,Open-Meteo ERA5,Agustus
Kalimantan Tengah,2022,9,25.8,30.36,22.8,394.6,88.87,2.88,Open-Meteo ERA5,September
Kalimantan Tengah,2022,10,25.51,30.42,22.87,587.3,91.68,2.88,Open-Meteo ERA5,Oktober
Kalimantan Tengah,2022,11,25.99,30.69,23.24,454.8,90.03,2.78,Open-Meteo ERA5,November
Kalimantan Tengah,2022,12,26.15,30.96,22.99,307.7,86.19,3.14,Open-Meteo ERA5,Desember
Kalimantan Tengah,2023,1,25.88,30.85,22.97,407.6,88.0,3.18,Open-Meteo ERA5,Januari
Kalimantan Tengah,2023,2,26.0,30.67,23.11,335.4,89.18,2.96,Open-Meteo ERA5,Februari
Kalimantan Tengah,2023,3,25.45,29.82,22.97,546.6,91.74,2.64,Open-Meteo ERA5,Maret
Kalimantan Tengah,2023,4,26.24,30.72,23.38,293.9,90.07,2.55,Open-Meteo ERA5,April
Kalimantan Tengah,2023,5,26.84,31.21,23.93,214.3,88.52,2.44,Open-Meteo ERA5,Mei
Kalimantan Tengah,2023,6,26.36,30.84,23.42,255.2,88.67,2.57,Open-Meteo ERA5,Juni
Kalimantan Tengah,2023,7,25.95,30.15,23.08,276.3,87.55,2.7,Open-Meteo ERA5,Juli
Kalimantan Tengah,2023,8,27.32,32.77,23.24,68.5,76.65,3.02,Open-Meteo ERA5,Agustus
Kalimantan Tengah,2023,9,27.28,32.88,23.24,99.9,77.1,3.3,Open-Meteo ERA5,September
Kalimantan Tengah,2023,10,27.66,33.47,23.72,202.7,80.71,3.16,Open-Meteo ERA5,Oktober
Kalimantan Tengah,2023,11,26.68,31.97,23.69,445.3,88.73,2.71,Open-Meteo ERA5,November
Kalimantan Tengah,2023,12,26.45,31.21,23.61,444.7,89.84,2.77,Open-Meteo ERA5,Desember
Kalimantan Tengah,2024,1,26.43,31.05,23.63,463.3,89.71,2.75,Open-Meteo ERA5,Januari
Kalimantan Tengah,2024,2,26.71,31.75,23.8,518.7,89.45,2.73,Open-Meteo ERA5,Februari
Kalimantan Tengah,2024,3,26.83,31.28,23.91,463.8,89.71,2.68,Open-Meteo ERA5,Maret
Kalimantan Tengah,2024,4,26.97,31.51,24.13,532.1,90.9,2.49,Open-Meteo ERA5,April
Kalimantan Tengah,2024,5,26.8,31.03,24.23,383.8,91.35,2.42,Open-Meteo ERA5,Mei
Kalimantan Tengah,2024,6,26.2,30.25,23.59,235.8,90.3,2.43,Open-Meteo ERA5,Juni
Kalimantan Tengah,2024,7,26.35,30.57,23.41,165.3,85.87,2.77,Open-Meteo ERA5,Juli
Kalimantan Tengah,2024,8,26.31,31.13,23.24,251.4,85.29,2.97,Open-Meteo ERA5,Agustus
Kalimantan Tengah,2024,9,26.95,32.3,23.32,217.8,82.2,3.02,Open-Meteo ERA5,September
Kalimantan Tengah,2024,10,26.53,31.56,23.34,340.4,86.65,2.79,Open-Meteo ERA5,Oktober
Kalimantan Tengah,2024,11,26.44,31.34,23.62,555.2,88.93,2.8,Open-Meteo ERA5,November
Kalimantan Tengah,2024,12,26.88,31.26,24.2,347.4,86.94,3.43,Open-Meteo ERA5,Desember
Kalimantan Timur,2015,1,25.44,29.45,23.16,400.6,91.9,1.98,Open-Meteo ERA5,Januari
Kalimantan Timur,2015,2,25.44,29.11,23.2,353.8,90.39,2.37,Open-Meteo ERA5,Februari
Kalimantan Timur,2015,3,25.82,29.45,23.42,348.5,89.87,2.45,Open-Meteo ERA5,Maret
Kalimantan Timur,2015,4,26.22,30.2,23.58,283.2,89.37,2.1,Open-Meteo ERA5,April
Kalimantan Timur,2015,5,26.24,30.31,23.85,275.8,90.94,1.92,Open-Meteo ERA5,Mei
Kalimantan Timur,2015,6,25.83,29.36,23.65,263.4,90.97,2.27,Open-Meteo ERA5,Juni
Kalimantan Timur,2015,7,26.22,30.03,23.62,105.0,84.94,2.75,Open-Meteo ERA5,Juli
Kalimantan Timur,2015,8,26.54,30.56,23.63,54.8,80.77,3.28,Open-Meteo ERA5,Agustus
Kalimantan Timur,2015,9,27.39,31.85,24.16,31.0,77.13,3.29,Open-Meteo ERA5,September
Kalimantan Timur,2015,10,27.74,32.59,24.13,41.3,77.03,3.3,Open-Meteo ERA5,Oktober
Kalimantan Timur,2015,11,26.5,30.81,23.87,237.2,88.1,2.23,Open-Meteo ERA5,November
Kalimantan Timur,2015,12,26.72,30.47,24.08,197.8,87.45,2.48,Open-Meteo ERA5,Desember
Kalimantan Timur,2016,1,26.89,30.53,24.45,175.6,85.74,3.18,Open-Meteo ERA5,Januari
Kalimantan Timur,2016,2,27.03,31.0,24.4,149.4,84.83,2.84,Open-Meteo ERA5,Februari
Kalimantan Timur,2016,3,27.09,30.85,24.6,228.6,87.23,2.43,Open-Meteo ERA5,Maret
Kalimantan Timur,2016,4,27.13,30.78,24.58,234.6,87.87,2.4,Open-Meteo ERA5,April
Kalimantan Timur,2016,5,26.84,30.46,24.49,389.7,91.39,2.21,Open-Meteo ERA5,Mei
Kalimantan Timur,2016,6,26.13,29.78,23.84,258.3,91.07,2.15,Open-Meteo ERA5,Juni
Kalimantan Timur,2016,7,26.25,29.89,23.76,240.7,89.48,2.12,Open-Meteo ERA5,Juli
Kalimantan Timur,2016,8,26.74,30.5,24.32,159.6,86.48,2.72,Open-Meteo ERA5,Agustus
Kalimantan Timur,2016,9,26.23,30.21,23.88,377.5,90.67,2.22,Open-Meteo ERA5,September
Kalimantan Timur,2016,10,26.23,29.93,24.01,424.2,91.32,2.32,Open-Meteo ERA5,Oktober
Kalimantan Timur,2016,11,26.34,30.2,23.98,348.2,90.83,2.3,Open-Meteo ERA5,November
Kalimantan Timur,2016,12,26.29,30.22,23.87,348.8,90.48,2.29,Open-Meteo ERA5,Desember
Kalimantan Timur,2017,1,25.88,29.8,23.5,358.8,91.03,2.54,Open-Meteo ERA5,Januari
Kalimantan Timur,2017,2,26.0,29.83,23.65,284.0,89.93,2.58,Open-Meteo ERA5,Februari
Kalimantan Timur,2017,3,25.89,29.85,23.45,342.9,90.94,2.51,Open-Meteo ERA5,Maret
Kalimantan Timur,2017,4,26.11,29.85,23.73,433.4,91.37,2.38,Open-Meteo ERA5,April
Kalimantan Timur,2017,5,26.33,29.85,24.11,386.1,92.19,2.46,Open-Meteo ERA5,Mei
Kalimantan Timur,2017,6,25.74,29.14,23.61,384.4,92.6,2.43,Open-Meteo ERA5,Juni
Kalimantan Timur,2017,7,25.87,29.61,23.53,227.9,90.03,2.55,Open-Meteo ERA5,Juli
Kalimantan Timur,2017,8,25.49,29.18,23.42,334.1,91.06,2.66,Open-Meteo ERA5,Agustus
Kalimantan Timur,2017,9,25.97,29.67,23.68,254.4,90.43,2.54,Open-Meteo ERA5,September
Kalimantan Timur,2017,10,26.5,30.56,23.99,282.3,89.13,2.7,Open-Meteo ERA5,Oktober
Kalimantan Timur,2017,11,26.24,30.01,23.84,353.1,91.17,2.31,Open-Meteo ERA5,November
Kalimantan Timur,2017,12,26.19,30.16,23.68,342.8,90.58,2.67,Open-Meteo ERA5,Desember
Kalimantan Timur,2018,1,25.82,29.64,23.52,417.3,91.26,2.38,Open-Meteo ERA5,Januari
Kalimantan Timur,2018,2,25.68,29.28,23.44,374.6,91.96,2.37,Open-Meteo ERA5,Februari
Kalimantan Timur,2018,3,25.86,29.69,23.43,331.7,90.52,2.53,Open-Meteo ERA5,Maret
Kalimantan Timur,2018,4,25.89,29.59,23.56,323.4,91.9,2.28,Open-Meteo ERA5,April
Kalimantan Timur,2018,5,26.05,29.48,23.84,254.2,91.9,2.26,Open-Meteo ERA5,Mei
Kalimantan Timur,2018,6,25.93,29.52,23.72,198.6,91.17,2.46,Open-Meteo ERA5,Juni
Kalimantan Timur,2018,7,25.89,29.44,23.62,238.0,90.03,2.98,Open-Meteo ERA5,Juli
Kalimantan Timur,2018,8,26.17,29.97,23.53,163.4,87.13,3.14,Open-Meteo ERA5,Agustus
Kalimantan Timur,2018,9,26.26,30.54,23.37,136.7,86.83,3.0,Open-Meteo ERA5,September
Kalimantan Timur,2018,10,26.14,30.27,23.46,234.9,90.52,2.65,Open-Meteo ERA5,Oktober
Kalimantan Timur,2018,11,26.26,30.34,23.73,257.4,91.43,2.45,Open-Meteo ERA5,November
Kalimantan Timur,2018,12,26.27,30.17,23.72,249.1,90.26,2.57,Open-Meteo ERA5,Desember
Kalimantan Timur,2019,1,26.17,29.92,23.68,239.5,89.9,2.68,Open-Meteo ERA5,Januari
Kalimantan Timur,2019,2,26.55,30.7,23.61,135.4,85.07,3.37,Open-Meteo ERA5,Februari
Kalimantan Timur,2019,3,26.35,30.5,23.59,298.7,88.23,2.52,Open-Meteo ERA5,Maret
Kalimantan Timur,2019,4,26.3,29.79,23.96,330.2,92.5,2.18,Open-Meteo ERA5,April
Kalimantan Timur,2019,5,26.34,29.82,24.15,341.6,92.9,2.22,Open-Meteo ERA5,Mei
Kalimantan Timur,2019,6,25.93,29.36,23.8,356.8,92.1,2.44,Open-Meteo ERA5,Juni
Kalimantan Timur,2019,7,26.04,30.03,23.45,114.9,86.55,2.9,Open-Meteo ERA5,Juli
Kalimantan Timur,2019,8,26.61,31.32,23.59,113.9,82.48,3.36,Open-Meteo ERA5,Agustus
Kalimantan Timur,2019,9,27.28,32.71,23.73,54.5,79.1,3.67,Open-Meteo ERA5,September
Kalimantan Timur,2019,10,26.34,30.68,23.66,198.3,89.55,2.54,Open-Meteo ERA5,Oktober
Kalimantan Timur,2019,11,26.75,31.2,24.0,203.9,89.17,2.68,Open-Meteo ERA5,November
Kalimantan Timur,2019,12,26.18,30.01,23.75,362.6,91.71,2.23,Open-Meteo ERA5,Desember
Kalimantan Timur,2020,1,26.5,30.3,23.84,210.5,88.68,2.82,Open-Meteo ERA5,Januari
Kalimantan Timur,2020,2,26.74,30.99,23.91,167.8,86.69,3.18,Open-Meteo ERA5,Februari
Kalimantan Timur,2020,3,26.76,30.55,24.31,281.3,89.26,2.59,Open-Meteo ERA5,Maret
Kalimantan Timur,2020,4,26.72,30.61,24.28,224.8,89.63,2.52,Open-Meteo ERA5,April
Kalimantan Timur,2020,5,26.89,30.38,24.52,284.3,91.81,2.14,Open-Meteo ERA5,Mei
Kalimantan Timur,2020,6,25.75,29.21,23.7,317.0,93.67,2.25,Open-Meteo ERA5,Juni
Kalimantan Timur,2020,7,25.48,28.91,23.28,347.5,92.74,2.45,Open-Meteo ERA5,Juli
Kalimantan Timur,2020,8,25.97,29.96,23.53,347.2,91.55,2.38,Open-Meteo ERA5,Agustus
Kalimantan Timur,2020,9,25.82,29.56,23.61,397.7,92.0,2.44,Open-Meteo ERA5,September
Kalimantan Timur,2020,10,26.07,29.86,23.79,357.9,91.39,2.49,Open-Meteo ERA5,Oktober
Kalimantan Timur,2020,11,26.32,30.4,23.75,284.6,90.47,2.54,Open-Meteo ERA5,November
Kalimantan Timur,2020,12,26.06,29.91,23.68,344.4,90.97,2.5,Open-Meteo ERA5,Desember
Kalimantan Timur,2021,1,25.9,29.98,23.56,320.3,90.35,2.33,Open-Meteo ERA5,Januari
Kalimantan Timur,2021,2,25.89,29.8,23.51,286.0,91.5,2.35,Open-Meteo ERA5,Februari
Kalimantan Timur,2021,3,26.0,29.93,23.49,250.9,90.87,2.27,Open-Meteo ERA5,Maret
Kalimantan Timur,2021,4,26.16,30.16,23.72,294.4,90.93,2.58,Open-Meteo ERA5,April
Kalimantan Timur,2021,5,26.28,29.66,24.13,291.3,92.55,2.18,Open-Meteo ERA5,Mei
Kalimantan Timur,2021,6,26.09,29.81,23.7,253.6,91.5,2.29,Open-Meteo ERA5,Juni
Kalimantan Timur,2021,7,25.81,29.17,23.56,271.5,91.03,2.69,Open-Meteo ERA5,Juli
Kalimantan Timur,2021,8,25.61,29.1,23.42,388.5,92.97,2.19,Open-Meteo ERA5,Agustus
Kalimantan Timur,2021,9,25.63,29.27,23.49,504.3,92.8,2.59,Open-Meteo ERA5,September
Kalimantan Timur,2021,10,26.3,30.48,23.57,358.3,90.35,2.71,Open-Meteo ERA5,Oktober
Kalimantan Timur,2021,11,25.82,29.81,23.29,536.4,91.33,2.72,Open-Meteo ERA5,November
Kalimantan Timur,2021,12,25.81,29.97,23.25,360.2,90.68,2.7,Open-Meteo ERA5,Desember
Kalimantan Timur,2022,1,25.7,30.14,23.12,368.2,90.0,2.81,Open-Meteo ERA5,Januari
Kalimantan Timur,2022,2,25.78,30.36,23.12,317.2,88.96,2.88,Open-Meteo ERA5,Februari
Kalimantan Timur,2022,3,25.99,30.29,23.25,378.7,90.45,2.86,Open-Meteo ERA5,Maret
Kalimantan Timur,2022,4,26.17,30.75,23.35,361.6,90.4,2.77,Open-Meteo ERA5,April
Kalimantan Timur,2022,5,26.41,30.59,23.8,349.9,90.74,2.66,Open-Meteo ERA5,Mei
Kalimantan Timur,2022,6,25.68,29.73,23.14,287.0,91.8,2.54,Open-Meteo ERA5,Juni
Kalimantan Timur,2022,7,25.75,29.6,23.42,299.1,91.61,2.63,Open-Meteo ERA5,Juli
Kalimantan Timur,2022,8,25.63,29.62,23.05,353.9,91.19,2.54,Open-Meteo ERA5,Agustus
Kalimantan Timur,2022,9,25.81,30.31,23.12,339.7,89.67,2.9,Open-Meteo ERA5,September
Kalimantan Timur,2022,10,26.05,30.25,23.33,352.0,89.84,2.75,Open-Meteo ERA5,Oktober
Kalimantan Timur,2022,11,25.95,30.39,23.23,391.9,90.4,2.77,Open-Meteo ERA5,November
Kalimantan Timur,2022,12,25.99,30.33,23.2,292.3,89.42,2.75,Open-Meteo ERA5,Desember
Kalimantan Timur,2023,1,25.6,29.6,23.06,361.2,91.16,2.67,Open-Meteo ERA5,Januari
Kalimantan Timur,2023,2,25.78,30.04,23.14,310.7,90.04,2.62,Open-Meteo ERA5,Februari
Kalimantan Timur,2023,3,25.55,29.62,22.97,514.9,91.65,2.47,Open-Meteo ERA5,Maret
Kalimantan Timur,2023,4,26.22,30.66,23.47,351.7,90.9,2.52,Open-Meteo ERA5,April
Kalimantan Timur,2023,5,26.49,30.63,24.0,342.0,90.81,2.73,Open-Meteo ERA5,Mei
Kalimantan Timur,2023,6,26.04,29.97,23.75,279.1,91.43,2.61,Open-Meteo ERA5,Juni
Kalimantan Timur,2023,7,26.09,30.03,23.6,243.7,88.06,3.13,Open-Meteo ERA5,Juli
Kalimantan Timur,2023,8,26.86,31.63,23.79,106.1,83.35,3.3,Open-Meteo ERA5,Agustus
Kalimantan Timur,2023,9,26.93,31.91,23.8,163.2,83.53,3.34,Open-Meteo ERA5,September
Kalimantan Timur,2023,10,27.32,32.64,23.96,136.6,85.81,3.07,Open-Meteo ERA5,Oktober
Kalimantan Timur,2023,11,26.63,31.25,23.9,450.6,90.63,2.74,Open-Meteo ERA5,November
Kalimantan Timur,2023,12,26.6,30.95,23.91,333.2,90.19,2.7,Open-Meteo ERA5,Desember
Kalimantan Timur,2024,1,26.86,31.68,24.02,271.9,87.71,2.81,Open-Meteo ERA5,Januari
Kalimantan Timur,2024,2,27.13,31.61,24.07,251.5,85.45,3.22,Open-Meteo ERA5,Februari
Kalimantan Timur,2024,3,27.11,31.54,24.29,271.6,87.52,3.01,Open-Meteo ERA5,Maret
Kalimantan Timur,2024,4,27.7,32.69,24.47,175.9,85.17,3.05,Open-Meteo ERA5,April
Kalimantan Timur,2024,5,26.8,30.53,24.55,405.8,92.84,2.47,Open-Meteo ERA5,Mei
Kalimantan Timur,2024,6,26.04,29.54,23.85,418.4,92.27,2.53,Open-Meteo ERA5,Juni
Kalimantan Timur,2024,7,25.97,29.67,23.72,280.6,90.61,2.81,Open-Meteo ERA5,Juli
Kalimantan Timur,2024,8,25.67,29.45,23.51,489.9,91.84,2.5,Open-Meteo ERA5,Agustus
Kalimantan Timur,2024,9,26.98,31.89,24.01,143.7,84.97,3.23,Open-Meteo ERA5,September
Kalimantan Timur,2024,10,26.6,31.11,23.9,274.0,88.81,3.07,Open-Meteo ERA5,Oktober
Kalimantan Timur,2024,11,26.54,30.41,23.85,380.5,89.47,2.97,Open-Meteo ERA5,November
Kalimantan Timur,2024,12,26.96,30.77,24.45,230.0,87.0,3.09,Open-Meteo ERA5,Desember
Kalimantan Utara,2015,1,25.46,29.28,23.13,473.5,90.77,2.18,Open-Meteo ERA5,Januari
Kalimantan Utara,2015,2,25.69,29.39,22.99,156.7,86.43,2.82,Open-Meteo ERA5,Februari
Kalimantan Utara,2015,3,25.66,29.17,23.24,220.5,88.45,2.65,Open-Meteo ERA5,Maret
Kalimantan Utara,2015,4,26.48,30.42,23.79,172.0,87.9,2.25,Open-Meteo ERA5,April
Kalimantan Utara,2015,5,26.45,30.51,24.01,285.0,90.52,1.85,Open-Meteo ERA5,Mei
Kalimantan Utara,2015,6,26.39,30.4,23.76,247.9,89.8,2.08,Open-Meteo ERA5,Juni
Kalimantan Utara,2015,7,26.98,31.05,23.94,91.6,83.81,2.76,Open-Meteo ERA5,Juli
Kalimantan Utara,2015,8,27.04,31.39,23.99,91.0,84.61,2.62,Open-Meteo ERA5,Agustus
Kalimantan Utara,2015,9,26.75,31.23,23.84,228.2,87.17,2.22,Open-Meteo ERA5,September
Kalimantan Utara,2015,10,26.76,30.78,23.91,184.2,86.97,2.37,Open-Meteo ERA5,Oktober
Kalimantan Utara,2015,11,25.96,29.61,23.62,319.8,91.2,2.07,Open-Meteo ERA5,November
Kalimantan Utara,2015,12,26.45,30.14,23.93,171.6,88.84,2.41,Open-Meteo ERA5,Desember
Kalimantan Utara,2016,1,26.24,29.59,23.75,194.4,88.77,2.69,Open-Meteo ERA5,Januari
Kalimantan Utara,2016,2,26.53,30.11,23.93,169.8,86.59,2.96,Open-Meteo ERA5,Februari
Kalimantan Utara,2016,3,26.83,30.47,24.35,154.4,87.35,2.79,Open-Meteo ERA5,Maret
Kalimantan Utara,2016,4,27.21,31.06,24.24,105.9,86.3,2.62,Open-Meteo ERA5,April
Kalimantan Utara,2016,5,26.85,30.43,24.58,280.9,91.52,2.09,Open-Meteo ERA5,Mei
Kalimantan Utara,2016,6,26.44,30.27,23.99,241.1,90.53,1.99,Open-Meteo ERA5,Juni
Kalimantan Utara,2016,7,26.35,30.45,23.8,285.0,90.32,2.1,Open-Meteo ERA5,Juli
Kalimantan Utara,2016,8,27.05,31.29,24.22,219.2,88.16,2.38,Open-Meteo ERA5,Agustus
Kalimantan Utara,2016,9,26.36,30.67,23.81,422.4,91.07,2.07,Open-Meteo ERA5,September
Kalimantan Utara,2016,10,26.42,30.25,23.97,439.7,90.94,2.06,Open-Meteo ERA5,Oktober
Kalimantan Utara,2016,11,26.36,30.28,23.97,359.3,91.1,2.05,Open-Meteo ERA5,November
Kalimantan Utara,2016,12,26.22,30.11,23.84,410.5,90.84,1.94,Open-Meteo ERA5,Desember
Kalimantan Utara,2017,1,25.66,29.46,23.26,347.6,90.87,2.5,Open-Meteo ERA5,Januari
Kalimantan Utara,2017,2,25.56,29.08,23.16,316.5,88.54,2.8,Open-Meteo ERA5,Februari
Kalimantan Utara,2017,3,25.53,29.48,23.15,468.0,91.1,2.46,Open-Meteo ERA5,Maret
Kalimantan Utara,2017,4,25.82,29.51,23.5,513.3,92.07,2.41,Open-Meteo ERA5,April
Kalimantan Utara,2017,5,26.43,30.37,24.05,426.1,91.39,2.31,Open-Meteo ERA5,Mei
Kalimantan Utara,2017,6,25.84,29.57,23.55,538.6,92.07,2.33,Open-Meteo ERA5,Juni
Kalimantan Utara,2017,7,25.88,29.83,23.23,368.3,90.97,2.44,Open-Meteo ERA5,Juli
Kalimantan Utara,2017,8,25.82,29.59,23.45,377.0,91.42,2.49,Open-Meteo ERA5,Agustus
Kalimantan Utara,2017,9,26.08,30.09,23.63,385.2,90.87,2.44,Open-Meteo ERA5,September
Kalimantan Utara,2017,10,26.5,30.46,23.84,377.2,88.97,2.62,Open-Meteo ERA5,Oktober
Kalimantan Utara,2017,11,25.67,29.2,23.41,503.4,92.53,2.28,Open-Meteo ERA5,November
Kalimantan Utara,2017,12,26.17,30.18,23.58,367.3,90.0,2.53,Open-Meteo ERA5,Desember
Kalimantan Utara,2018,1,25.23,28.71,22.95,597.8,92.26,2.3,Open-Meteo ERA5,Januari
Kalimantan Utara,2018,2,25.61,29.53,23.26,307.6,89.82,2.57,Open-Meteo ERA5,Februari
Kalimantan Utara,2018,3,25.75,29.5,23.24,294.9,89.16,2.58,Open-Meteo ERA5,Maret
Kalimantan Utara,2018,4,25.65,29.27,23.34,273.1,91.47,2.33,Open-Meteo ERA5,April
Kalimantan Utara,2018,5,26.02,29.58,23.69,286.5,91.39,2.29,Open-Meteo ERA5,Mei
Kalimantan Utara,2018,6,26.31,30.26,23.69,235.6,90.7,2.34,Open-Meteo ERA5,Juni
Kalimantan Utara,2018,7,26.35,30.31,23.71,239.8,90.16,2.58,Open-Meteo ERA5,Juli
Kalimantan Utara,2018,8,26.48,30.85,23.58,261.7,88.1,2.82,Open-Meteo ERA5,Agustus
Kalimantan Utara,2018,9,26.22,30.64,23.3,351.9,89.5,2.62,Open-Meteo ERA5,September
Kalimantan Utara,2018,10,25.84,29.81,23.25,361.9,91.77,2.27,Open-Meteo ERA5,Oktober
Kalimantan Utara,2018,11,25.88,29.46,23.43,394.5,92.4,2.34,Open-Meteo ERA5,November
Kalimantan Utara,2018,12,25.82,29.51,23.37,383.6,91.58,2.51,Open-Meteo ERA5,Desember
Kalimantan Utara,2019,1,25.44,28.91,23.3,417.1,91.13,2.68,Open-Meteo ERA5,Januari
Kalimantan Utara,2019,2,25.76,29.36,23.19,152.5,87.25,3.18,Open-Meteo ERA5,Februari
Kalimantan Utara,2019,3,25.8,29.88,22.94,352.7,88.65,2.68,Open-Meteo ERA5,Maret
Kalimantan Utara,2019,4,26.23,29.68,23.78,301.9,91.03,2.45,Open-Meteo ERA5,April
Kalimantan Utara,2019,5,26.49,30.3,23.92,300.9,91.61,2.35,Open-Meteo ERA5,Mei
Kalimantan Utara,2019,6,26.27,29.96,23.91,343.2,92.53,2.35,Open-Meteo ERA5,Juni
Kalimantan Utara,2019,7,26.06,30.03,23.48,249.2,88.52,2.7,Open-Meteo ERA5,Juli
Kalimantan Utara,2019,8,26.6,30.83,23.69,210.9,86.0,2.92,Open-Meteo ERA5,Agustus
Kalimantan Utara,2019,9,26.9,31.6,23.69,130.0,85.53,2.8,Open-Meteo ERA5,September
Kalimantan Utara,2019,10,25.87,29.7,23.46,316.9,92.52,2.3,Open-Meteo ERA5,Oktober
Kalimantan Utara,2019,11,26.22,30.28,23.56,342.1,91.27,2.52,Open-Meteo ERA5,November
Kalimantan Utara,2019,12,25.49,29.09,23.46,573.9,93.77,2.32,Open-Meteo ERA5,Desember
Kalimantan Utara,2020,1,25.81,29.2,23.53,350.4,91.52,2.55,Open-Meteo ERA5,Januari
Kalimantan Utara,2020,2,26.1,29.74,23.71,234.1,87.41,3.19,Open-Meteo ERA5,Februari
Kalimantan Utara,2020,3,26.07,29.74,23.74,332.1,90.84,2.81,Open-Meteo ERA5,Maret
Kalimantan Utara,2020,4,26.27,29.87,23.8,274.2,91.37,2.59,Open-Meteo ERA5,April
Kalimantan Utara,2020,5,26.65,30.14,24.37,279.6,92.26,2.5,Open-Meteo ERA5,Mei
Kalimantan Utara,2020,6,25.92,29.37,23.7,259.5,93.03,2.28,Open-Meteo ERA5,Juni
Kalimantan Utara,2020,7,25.8,29.52,23.4,288.6,91.84,2.43,Open-Meteo ERA5,Juli
Kalimantan Utara,2020,8,26.37,30.3,23.63,162.5,89.68,2.54,Open-Meteo ERA5,Agustus
Kalimantan Utara,2020,9,25.86,29.76,23.51,427.3,91.67,2.37,Open-Meteo ERA5,September
Kalimantan Utara,2020,10,26.05,29.83,23.57,373.2,91.39,2.38,Open-Meteo ERA5,Oktober
Kalimantan Utara,2020,11,25.82,29.55,23.49,394.9,92.57,2.35,Open-Meteo ERA5,November
Kalimantan Utara,2020,12,25.7,29.42,23.39,476.9,92.32,2.28,Open-Meteo ERA5,Desember
Kalimantan Utara,2021,1,25.3,28.75,23.2,480.4,93.16,2.27,Open-Meteo ERA5,Januari
Kalimantan Utara,2021,2,25.6,29.16,23.17,282.1,90.21,2.54,Open-Meteo ERA5,Februari
Kalimantan Utara,2021,3,25.72,29.51,23.26,463.6,91.19,2.46,Open-Meteo ERA5,Maret
Kalimantan Utara,2021,4,26.18,30.53,23.52,283.2,90.3,2.53,Open-Meteo ERA5,April
Kalimantan Utara,2021,5,26.03,29.55,23.81,404.4,93.19,2.37,Open-Meteo ERA5,Mei
Kalimantan Utara,2021,6,26.04,30.16,23.54,231.6,91.33,2.51,Open-Meteo ERA5,Juni
Kalimantan Utara,2021,7,26.38,30.27,23.68,240.1,89.06,2.5,Open-Meteo ERA5,Juli
Kalimantan Utara,2021,8,25.79,29.34,23.45,355.0,92.71,2.4,Open-Meteo ERA5,Agustus
Kalimantan Utara,2021,9,25.51,29.08,23.24,400.8,93.27,2.22,Open-Meteo ERA5,September
Kalimantan Utara,2021,10,26.42,30.85,23.56,356.4,89.29,2.78,Open-Meteo ERA5,Oktober
Kalimantan Utara,2021,11,25.67,29.77,23.09,403.1,91.7,2.61,Open-Meteo ERA5,November
Kalimantan Utara,2021,12,25.69,29.58,23.11,499.2,90.58,2.63,Open-Meteo ERA5,Desember
Kalimantan Utara,2022,1,25.13,29.11,22.53,462.7,90.61,2.67,Open-Meteo ERA5,Januari
Kalimantan Utara,2022,2,25.49,29.79,22.7,334.9,88.21,2.99,Open-Meteo ERA5,Februari
Kalimantan Utara,2022,3,25.9,30.61,23.08,489.8,89.35,2.84,Open-Meteo ERA5,Maret
Kalimantan Utara,2022,4,26.08,30.75,23.25,421.4,89.43,2.64,Open-Meteo ERA5,April
Kalimantan Utara,2022,5,26.0,29.99,23.43,466.2,91.71,2.67,Open-Meteo ERA5,Mei
Kalimantan Utara,2022,6,25.71,30.04,22.99,252.8,90.97,2.62,Open-Meteo ERA5,Juni
Kalimantan Utara,2022,7,25.73,29.9,23.18,381.4,91.84,2.7,Open-Meteo ERA5,Juli
Kalimantan Utara,2022,8,25.59,29.88,22.91,372.4,91.39,2.65,Open-Meteo ERA5,Agustus
Kalimantan Utara,2022,9,25.59,30.1,22.7,445.0,90.73,2.69,Open-Meteo ERA5,September
Kalimantan Utara,2022,10,25.96,30.2,23.34,454.2,90.87,2.88,Open-Meteo ERA5,Oktober
Kalimantan Utara,2022,11,25.71,30.27,22.96,393.9,91.47,2.52,Open-Meteo ERA5,November
Kalimantan Utara,2022,12,25.63,30.16,22.83,482.0,90.52,2.63,Open-Meteo ERA5,Desember
Kalimantan Utara,2023,1,25.45,29.89,22.8,424.4,90.48,2.56,Open-Meteo ERA5,Januari
Kalimantan Utara,2023,2,25.39,29.79,22.77,428.7,89.93,2.77,Open-Meteo ERA5,Februari
Kalimantan Utara,2023,3,25.58,29.9,22.83,337.2,89.55,2.85,Open-Meteo ERA5,Maret
Kalimantan Utara,2023,4,26.0,30.65,23.17,362.4,90.07,2.78,Open-Meteo ERA5,April
Kalimantan Utara,2023,5,26.35,30.58,23.61,441.3,91.16,2.63,Open-Meteo ERA5,Mei
Kalimantan Utara,2023,6,26.22,30.86,23.41,393.7,90.6,2.68,Open-Meteo ERA5,Juni
Kalimantan Utara,2023,7,26.47,30.77,23.63,286.1,87.74,2.8,Open-Meteo ERA5,Juli
Kalimantan Utara,2023,8,26.44,31.25,23.41,228.4,89.13,2.85,Open-Meteo ERA5,Agustus
Kalimantan Utara,2023,9,26.3,31.27,23.27,462.6,89.47,2.7,Open-Meteo ERA5,September
Kalimantan Utara,2023,10,26.44,31.13,23.31,236.5,89.19,2.7,Open-Meteo ERA5,Oktober
Kalimantan Utara,2023,11,26.32,31.1,23.43,356.9,90.0,2.58,Open-Meteo ERA5,November
Kalimantan Utara,2023,12,26.31,30.42,23.56,409.8,89.65,2.72,Open-Meteo ERA5,Desember
Kalimantan Utara,2024,1,25.96,29.95,23.32,451.7,89.58,2.99,Open-Meteo ERA5,Januari
Kalimantan Utara,2024,2,25.88,29.68,23.37,404.3,89.38,3.25,Open-Meteo ERA5,Februari
Kalimantan Utara,2024,3,26.15,30.35,23.5,351.3,89.26,3.34,Open-Meteo ERA5,Maret
Kalimantan Utara,2024,4,26.65,30.88,23.95,235.3,89.47,2.94,Open-Meteo ERA5,April
Kalimantan Utara,2024,5,26.83,30.9,24.33,416.7,92.06,2.45,Open-Meteo ERA5,Mei
Kalimantan Utara,2024,6,26.07,29.93,23.66,395.2,91.4,2.45,Open-Meteo ERA5,Juni
Kalimantan Utara,2024,7,26.23,30.37,23.61,208.1,89.74,2.55,Open-Meteo ERA5,Juli
Kalimantan Utara,2024,8,26.02,30.1,23.45,290.7,90.16,2.6,Open-Meteo ERA5,Agustus
Kalimantan Utara,2024,9,26.91,31.51,23.91,217.2,84.87,2.96,Open-Meteo ERA5,September
Kalimantan Utara,2024,10,26.66,31.17,23.67,296.0,86.97,2.7,Open-Meteo ERA5,Oktober
Kalimantan Utara,2024,11,26.1,29.96,23.43,325.8,89.43,2.54,Open-Meteo ERA5,November
Kalimantan Utara,2024,12,26.2,29.69,23.86,414.2,90.68,2.68,Open-Meteo ERA5,Desember
Kepulauan Bangka Belitung,2015,1,26.04,28.46,24.39,194.1,85.81,4.24,Open-Meteo ERA5,Januari
Kepulauan Bangka Belitung,2015,2,25.84,28.38,24.03,182.0,85.71,3.68,Open-Meteo ERA5,Februari
Kepulauan Bangka Belitung,2015,3,26.23,29.08,24.26,333.7,87.61,2.87,Open-Meteo ERA5,Maret
Kepulauan Bangka Belitung,2015,4,26.44,29.4,24.43,385.5,89.2,2.44,Open-Meteo ERA5,April
Kepulauan Bangka Belitung,2015,5,26.95,29.33,25.11,176.7,86.06,3.09,Open-Meteo ERA5,Mei
Kepulauan Bangka Belitung,2015,6,26.81,29.3,24.85,138.7,83.9,3.57,Open-Meteo ERA5,Juni
Kepulauan Bangka Belitung,2015,7,27.21,30.04,24.99,42.8,78.61,4.21,Open-Meteo ERA5,Juli
Kepulauan Bangka Belitung,2015,8,27.37,30.58,24.73,24.8,75.35,4.44,Open-Meteo ERA5,Agustus
Kepulauan Bangka Belitung,2015,9,27.84,31.64,24.63,6.8,71.9,4.61,Open-Meteo ERA5,September
Kepulauan Bangka Belitung,2015,10,27.93,31.79,24.69,48.9,74.39,4.0,Open-Meteo ERA5,Oktober
Kepulauan Bangka Belitung,2015,11,26.82,29.7,24.65,262.6,85.97,2.28,Open-Meteo ERA5,November
Kepulauan Bangka Belitung,2015,12,26.43,29.06,24.71,332.6,89.1,3.17,Open-Meteo ERA5,Desember
Kepulauan Bangka Belitung,2016,1,26.46,29.14,24.64,366.8,89.39,2.85,Open-Meteo ERA5,Januari
Kepulauan Bangka Belitung,2016,2,26.35,28.76,24.77,385.8,88.83,3.46,Open-Meteo ERA5,Februari
Kepulauan Bangka Belitung,2016,3,26.77,29.48,24.92,424.4,89.1,2.97,Open-Meteo ERA5,Maret
Kepulauan Bangka Belitung,2016,4,27.0,29.9,24.94,381.1,89.03,2.15,Open-Meteo ERA5,April
Kepulauan Bangka Belitung,2016,5,27.19,29.89,25.18,272.3,89.1,2.54,Open-Meteo ERA5,Mei
Kepulauan Bangka Belitung,2016,6,26.77,29.47,24.76,204.5,87.23,2.76,Open-Meteo ERA5,Juni
Kepulauan Bangka Belitung,2016,7,26.82,29.46,24.89,174.1,85.94,2.98,Open-Meteo ERA5,Juli
Kepulauan Bangka Belitung,2016,8,26.86,29.47,25.07,168.8,85.52,3.39,Open-Meteo ERA5,Agustus
Kepulauan Bangka Belitung,2016,9,26.84,29.58,24.78,245.6,86.37,2.59,Open-Meteo ERA5,September
Kepulauan Bangka Belitung,2016,10,26.51,29.31,24.59,389.0,88.58,2.58,Open-Meteo ERA5,Oktober
Kepulauan Bangka Belitung,2016,11,26.33,28.96,24.49,351.8,89.5,2.52,Open-Meteo ERA5,November
Kepulauan Bangka Belitung,2016,12,26.59,29.08,24.74,253.5,87.65,3.51,Open-Meteo ERA5,Desember
Kepulauan Bangka Belitung,2017,1,26.16,28.75,24.26,275.9,89.23,3.87,Open-Meteo ERA5,Januari
Kepulauan Bangka Belitung,2017,2,25.88,28.46,23.94,313.7,87.75,4.46,Open-Meteo ERA5,Februari
Kepulauan Bangka Belitung,2017,3,26.38,29.2,24.19,223.9,88.35,3.46,Open-Meteo ERA5,Maret
Kepulauan Bangka Belitung,2017,4,26.6,29.1,24.52,314.0,89.6,2.98,Open-Meteo ERA5,April
Kepulauan Bangka Belitung,2017,5,27.21,29.27,25.27,261.0,86.77,3.87,Open-Meteo ERA5,Mei
Kepulauan Bangka Belitung,2017,6,26.81,29.01,24.79,170.4,86.47,3.84,Open-Meteo ERA5,Juni
Kepulauan Bangka Belitung,2017,7,26.32,28.3,24.58,333.5,86.74,4.39,Open-Meteo ERA5,Juli
Kepulauan Bangka Belitung,2017,8,26.82,28.76,25.03,109.4,82.48,4.92,Open-Meteo ERA5,Agustus
Kepulauan Bangka Belitung,2017,9,26.93,29.1,24.96,142.5,84.0,4.44,Open-Meteo ERA5,September
Kepulauan Bangka Belitung,2017,10,26.71,29.62,24.53,246.2,88.0,3.2,Open-Meteo ERA5,Oktober
Kepulauan Bangka Belitung,2017,11,26.39,29.14,24.3,326.1,89.47,3.41,Open-Meteo ERA5,November
Kepulauan Bangka Belitung,2017,12,25.89,28.59,24.01,324.8,89.29,3.93,Open-Meteo ERA5,Desember
Kepulauan Bangka Belitung,2018,1,26.07,28.8,24.17,196.5,87.0,4.4,Open-Meteo ERA5,Januari
Kepulauan Bangka Belitung,2018,2,26.01,28.76,23.99,168.0,84.43,4.55,Open-Meteo ERA5,Februari
Kepulauan Bangka Belitung,2018,3,25.81,28.75,23.63,444.7,90.48,3.35,Open-Meteo ERA5,Maret
Kepulauan Bangka Belitung,2018,4,26.45,29.03,24.29,218.5,89.23,3.17,Open-Meteo ERA5,April
Kepulauan Bangka Belitung,2018,5,26.68,28.76,24.84,303.0,87.74,3.69,Open-Meteo ERA5,Mei
Kepulauan Bangka Belitung,2018,6,26.72,28.68,24.82,200.2,86.9,4.28,Open-Meteo ERA5,Juni
Kepulauan Bangka Belitung,2018,7,26.84,28.93,24.87,58.6,82.61,4.91,Open-Meteo ERA5,Juli
Kepulauan Bangka Belitung,2018,8,27.32,29.64,25.01,40.3,78.0,5.32,Open-Meteo ERA5,Agustus
Kepulauan Bangka Belitung,2018,9,26.89,29.47,24.48,80.2,80.63,4.82,Open-Meteo ERA5,September
Kepulauan Bangka Belitung,2018,10,27.1,29.83,24.78,132.6,83.1,3.68,Open-Meteo ERA5,Oktober
Kepulauan Bangka Belitung,2018,11,26.3,28.94,24.23,452.0,89.57,3.15,Open-Meteo ERA5,November
Kepulauan Bangka Belitung,2018,12,26.11,29.04,23.9,383.4,90.81,3.13,Open-Meteo ERA5,Desember
Kepulauan Bangka Belitung,2019,1,26.2,28.95,24.17,264.6,88.35,4.43,Open-Meteo ERA5,Januari
Kepulauan Bangka Belitung,2019,2,26.06,28.86,24.04,316.8,90.75,3.73,Open-Meteo ERA5,Februari
Kepulauan Bangka Belitung,2019,3,26.65,29.59,24.28,195.0,87.23,3.69,Open-Meteo ERA5,Maret
Kepulauan Bangka Belitung,2019,4,26.77,29.45,24.61,251.4,90.07,2.87,Open-Meteo ERA5,April
Kepulauan Bangka Belitung,2019,5,27.1,29.23,25.18,244.5,88.74,3.7,Open-Meteo ERA5,Mei
Kepulauan Bangka Belitung,2019,6,26.88,28.71,25.21,221.4,86.93,4.57,Open-Meteo ERA5,Juni
Kepulauan Bangka Belitung,2019,7,27.01,29.02,25.17,94.6,80.35,5.4,Open-Meteo ERA5,Juli
Kepulauan Bangka Belitung,2019,8,27.32,30.02,24.89,12.0,75.55,6.29,Open-Meteo ERA5,Agustus
Kepulauan Bangka Belitung,2019,9,27.33,30.13,24.64,34.9,76.53,5.94,Open-Meteo ERA5,September
Kepulauan Bangka Belitung,2019,10,27.46,29.98,25.08,47.6,79.35,4.51,Open-Meteo ERA5,Oktober
Kepulauan Bangka Belitung,2019,11,27.24,30.33,24.56,157.3,83.73,3.63,Open-Meteo ERA5,November
Kepulauan Bangka Belitung,2019,12,25.88,28.57,24.15,380.9,91.55,3.5,Open-Meteo ERA5,Desember
Kepulauan Bangka Belitung,2020,1,26.33,28.96,24.4,206.4,89.48,4.48,Open-Meteo ERA5,Januari
Kepulauan Bangka Belitung,2020,2,26.65,29.09,24.72,165.4,87.24,4.68,Open-Meteo ERA5,Februari
Kepulauan Bangka Belitung,2020,3,26.89,29.63,24.59,193.3,87.9,3.77,Open-Meteo ERA5,Maret
Kepulauan Bangka Belitung,2020,4,26.87,29.6,24.51,226.3,88.83,2.95,Open-Meteo ERA5,April
Kepulauan Bangka Belitung,2020,5,27.26,29.6,25.2,226.1,89.03,3.35,Open-Meteo ERA5,Mei
Kepulauan Bangka Belitung,2020,6,26.93,28.77,25.32,240.8,86.33,4.53,Open-Meteo ERA5,Juni
Kepulauan Bangka Belitung,2020,7,26.35,28.16,24.63,211.8,86.9,4.52,Open-Meteo ERA5,Juli
Kepulauan Bangka Belitung,2020,8,27.27,29.38,25.45,76.4,82.52,4.86,Open-Meteo ERA5,Agustus
Kepulauan Bangka Belitung,2020,9,26.68,28.97,24.64,167.7,85.43,4.61,Open-Meteo ERA5,September
Kepulauan Bangka Belitung,2020,10,26.54,29.11,24.51,293.4,87.87,3.5,Open-Meteo ERA5,Oktober
Kepulauan Bangka Belitung,2020,11,26.19,28.74,24.16,353.6,89.63,3.39,Open-Meteo ERA5,November
Kepulauan Bangka Belitung,2020,12,26.05,28.65,24.23,249.1,89.55,4.2,Open-Meteo ERA5,Desember
Kepulauan Bangka Belitung,2021,1,25.35,27.87,23.78,362.5,90.45,4.39,Open-Meteo ERA5,Januari
Kepulauan Bangka Belitung,2021,2,26.07,28.66,24.21,106.9,84.86,5.49,Open-Meteo ERA5,Februari
Kepulauan Bangka Belitung,2021,3,26.18,29.08,23.86,260.2,89.1,3.64,Open-Meteo ERA5,Maret
Kepulauan Bangka Belitung,2021,4,26.83,29.51,24.49,166.1,87.87,3.32,Open-Meteo ERA5,April
Kepulauan Bangka Belitung,2021,5,27.16,29.49,25.02,215.6,87.9,3.63,Open-Meteo ERA5,Mei
Kepulauan Bangka Belitung,2021,6,26.94,29.36,24.75,159.2,86.53,3.57,Open-Meteo ERA5,Juni
Kepulauan Bangka Belitung,2021,7,26.64,28.85,24.54,192.7,84.94,4.37,Open-Meteo ERA5,Juli
Kepulauan Bangka Belitung,2021,8,26.38,28.28,24.71,268.4,86.97,4.46,Open-Meteo ERA5,Agustus
Kepulauan Bangka Belitung,2021,9,26.65,28.82,24.76,188.7,86.23,4.04,Open-Meteo ERA5,September
Kepulauan Bangka Belitung,2021,10,26.74,29.54,24.4,217.5,87.0,3.49,Open-Meteo ERA5,Oktober
Kepulauan Bangka Belitung,2021,11,26.31,29.26,24.17,384.1,88.37,3.13,Open-Meteo ERA5,November
Kepulauan Bangka Belitung,2021,12,25.73,28.63,23.52,419.7,90.35,3.74,Open-Meteo ERA5,Desember
Kepulauan Bangka Belitung,2022,1,25.84,28.75,23.58,177.0,87.71,4.32,Open-Meteo ERA5,Januari
Kepulauan Bangka Belitung,2022,2,26.19,29.11,23.81,174.0,87.32,4.12,Open-Meteo ERA5,Februari
Kepulauan Bangka Belitung,2022,3,26.48,29.59,24.19,265.7,88.71,3.46,Open-Meteo ERA5,Maret
Kepulauan Bangka Belitung,2022,4,26.68,29.75,24.09,235.9,88.1,3.19,Open-Meteo ERA5,April
Kepulauan Bangka Belitung,2022,5,27.07,29.56,24.79,224.4,87.52,3.36,Open-Meteo ERA5,Mei
Kepulauan Bangka Belitung,2022,6,25.95,28.39,23.96,287.4,89.13,3.55,Open-Meteo ERA5,Juni
Kepulauan Bangka Belitung,2022,7,26.67,28.89,24.53,177.2,85.68,4.11,Open-Meteo ERA5,Juli
Kepulauan Bangka Belitung,2022,8,26.41,28.79,24.28,220.6,85.81,4.49,Open-Meteo ERA5,Agustus
Kepulauan Bangka Belitung,2022,9,26.19,28.71,24.07,221.5,87.17,3.78,Open-Meteo ERA5,September
Kepulauan Bangka Belitung,2022,10,25.68,28.54,23.53,447.9,90.52,3.22,Open-Meteo ERA5,Oktober
Kepulauan Bangka Belitung,2022,11,26.04,29.04,23.74,350.3,89.5,3.41,Open-Meteo ERA5,November
Kepulauan Bangka Belitung,2022,12,25.8,28.72,23.68,315.9,88.52,3.85,Open-Meteo ERA5,Desember
Kepulauan Bangka Belitung,2023,1,25.34,28.16,23.33,313.0,90.06,4.37,Open-Meteo ERA5,Januari
Kepulauan Bangka Belitung,2023,2,26.08,28.87,24.1,176.3,87.07,4.54,Open-Meteo ERA5,Februari
Kepulauan Bangka Belitung,2023,3,25.78,28.77,23.52,233.9,89.29,3.96,Open-Meteo ERA5,Maret
Kepulauan Bangka Belitung,2023,4,26.5,29.74,23.99,258.0,89.13,3.32,Open-Meteo ERA5,April
Kepulauan Bangka Belitung,2023,5,27.37,30.05,25.02,192.3,86.19,3.87,Open-Meteo ERA5,Mei
Kepulauan Bangka Belitung,2023,6,27.34,29.62,25.29,120.2,83.9,4.38,Open-Meteo ERA5,Juni
Kepulauan Bangka Belitung,2023,7,27.15,29.58,24.98,130.2,81.58,4.68,Open-Meteo ERA5,Juli
Kepulauan Bangka Belitung,2023,8,28.27,31.3,25.57,19.6,72.1,5.88,Open-Meteo ERA5,Agustus
Kepulauan Bangka Belitung,2023,9,28.45,31.88,25.27,23.6,70.57,6.26,Open-Meteo ERA5,September
Kepulauan Bangka Belitung,2023,10,28.43,32.03,25.09,53.0,75.23,4.93,Open-Meteo ERA5,Oktober
Kepulauan Bangka Belitung,2023,11,27.46,31.29,24.67,278.9,82.6,3.41,Open-Meteo ERA5,November
Kepulauan Bangka Belitung,2023,12,26.14,29.48,23.84,441.0,90.35,3.47,Open-Meteo ERA5,Desember
Kepulauan Bangka Belitung,2024,1,25.88,28.78,23.9,507.4,91.32,3.87,Open-Meteo ERA5,Januari
Kepulauan Bangka Belitung,2024,2,26.4,29.41,24.19,331.2,89.0,4.15,Open-Meteo ERA5,Februari
Kepulauan Bangka Belitung,2024,3,27.0,29.72,24.87,257.1,87.74,4.22,Open-Meteo ERA5,Maret
Kepulauan Bangka Belitung,2024,4,27.15,30.08,24.85,382.2,89.5,3.14,Open-Meteo ERA5,April
Kepulauan Bangka Belitung,2024,5,27.86,30.23,25.76,218.6,85.68,4.48,Open-Meteo ERA5,Mei
Kepulauan Bangka Belitung,2024,6,27.12,29.57,24.88,161.8,85.9,3.81,Open-Meteo ERA5,Juni
Kepulauan Bangka Belitung,2024,7,27.44,29.76,25.37,87.8,79.74,4.94,Open-Meteo ERA5,Juli
Kepulauan Bangka Belitung,2024,8,27.96,30.45,25.54,54.4,75.35,5.67,Open-Meteo ERA5,Agustus
Kepulauan Bangka Belitung,2024,9,27.95,31.21,25.28,140.3,77.67,5.05,Open-Meteo ERA5,September
Kepulauan Bangka Belitung,2024,10,28.17,31.51,25.29,81.6,77.45,4.14,Open-Meteo ERA5,Oktober
Kepulauan Bangka Belitung,2024,11,26.76,29.9,24.41,316.7,86.7,2.98,Open-Meteo ERA5,November
Kepulauan Bangka Belitung,2024,12,26.87,29.86,24.61,260.8,86.19,4.11,Open-Meteo ERA5,Desember
Kepulauan Riau,2015,1,26.16,27.33,25.25,115.7,80.52,6.98,Open-Meteo ERA5,Januari
Kepulauan Riau,2015,2,26.14,27.49,25.08,95.4,79.68,6.6,Open-Meteo ERA5,Februari
Kepulauan Riau,2015,3,27.02,28.62,25.72,106.0,80.45,5.0,Open-Meteo ERA5,Maret
Kepulauan Riau,2015,4,27.35,28.81,25.76,185.8,82.63,3.68,Open-Meteo ERA5,April
Kepulauan Riau,2015,5,27.54,28.68,26.17,225.9,82.97,4.01,Open-Meteo ERA5,Mei
Kepulauan Riau,2015,6,27.7,28.77,26.65,165.4,81.2,4.6,Open-Meteo ERA5,Juni
Kepulauan Riau,2015,7,27.77,28.88,26.77,62.3,80.03,5.38,Open-Meteo ERA5,Juli
Kepulauan Riau,2015,8,27.24,28.4,26.29,102.5,81.19,5.0,Open-Meteo ERA5,Agustus
Kepulauan Riau,2015,9,27.73,29.27,26.43,47.0,78.43,4.98,Open-Meteo ERA5,September
Kepulauan Riau,2015,10,27.76,29.6,26.27,88.6,78.13,4.1,Open-Meteo ERA5,Oktober
Kepulauan Riau,2015,11,26.84,28.08,25.63,318.2,84.03,3.15,Open-Meteo ERA5,November
Kepulauan Riau,2015,12,26.87,28.06,25.66,285.5,84.52,5.0,Open-Meteo ERA5,Desember
Kepulauan Riau,2016,1,26.97,28.13,25.87,231.0,85.0,5.14,Open-Meteo ERA5,Januari
Kepulauan Riau,2016,2,26.82,27.96,25.91,281.4,83.97,6.8,Open-Meteo ERA5,Februari
Kepulauan Riau,2016,3,27.56,28.86,26.48,122.5,82.1,5.47,Open-Meteo ERA5,Maret
Kepulauan Riau,2016,4,28.1,29.46,26.69,157.4,82.3,3.69,Open-Meteo ERA5,April
Kepulauan Riau,2016,5,28.02,29.41,26.58,300.8,83.39,3.51,Open-Meteo ERA5,Mei
Kepulauan Riau,2016,6,27.83,29.09,26.58,171.7,81.47,4.3,Open-Meteo ERA5,Juni
Kepulauan Riau,2016,7,27.73,28.88,26.52,163.7,81.39,4.31,Open-Meteo ERA5,Juli
Kepulauan Riau,2016,8,27.78,28.91,26.71,135.0,81.71,4.9,Open-Meteo ERA5,Agustus
Kepulauan Riau,2016,9,27.64,28.91,26.16,129.4,81.3,4.28,Open-Meteo ERA5,September
Kepulauan Riau,2016,10,27.29,28.62,25.87,235.1,82.71,4.29,Open-Meteo ERA5,Oktober
Kepulauan Riau,2016,11,26.82,28.06,25.51,370.8,84.7,4.02,Open-Meteo ERA5,November
Kepulauan Riau,2016,12,26.93,28.25,25.74,267.5,83.71,5.53,Open-Meteo ERA5,Desember
Kepulauan Riau,2017,1,26.55,28.66,24.86,313.2,86.35,4.21,Open-Meteo ERA5,Januari
Kepulauan Riau,2017,2,26.47,28.71,24.73,93.4,83.57,5.32,Open-Meteo ERA5,Februari
Kepulauan Riau,2017,3,26.73,29.41,24.59,150.9,84.61,3.8,Open-Meteo ERA5,Maret
Kepulauan Riau,2017,4,27.19,29.29,25.27,237.6,86.73,3.21,Open-Meteo ERA5,April
Kepulauan Riau,2017,5,27.77,29.4,26.23,178.3,85.19,3.97,Open-Meteo ERA5,Mei
Kepulauan Riau,2017,6,27.71,29.51,26.02,108.2,82.9,3.96,Open-Meteo ERA5,Juni
Kepulauan Riau,2017,7,27.55,29.01,26.19,109.7,81.06,5.17,Open-Meteo ERA5,Juli
Kepulauan Riau,2017,8,27.27,28.93,25.65,123.9,81.84,4.98,Open-Meteo ERA5,Agustus
Kepulauan Riau,2017,9,27.19,29.0,25.51,124.8,84.23,4.07,Open-Meteo ERA5,September
Kepulauan Riau,2017,10,27.03,29.02,25.15,175.5,86.68,3.36,Open-Meteo ERA5,Oktober
Kepulauan Riau,2017,11,26.76,28.8,25.11,247.2,87.1,3.73,Open-Meteo ERA5,November
Kepulauan Riau,2017,12,26.59,28.62,24.99,147.2,84.97,4.68,Open-Meteo ERA5,Desember
Kepulauan Riau,2018,1,25.99,28.04,24.45,351.2,86.55,4.82,Open-Meteo ERA5,Januari
Kepulauan Riau,2018,2,26.96,30.22,24.62,31.4,74.86,5.93,Open-Meteo ERA5,Februari
Kepulauan Riau,2018,3,27.26,30.45,24.68,120.7,80.9,4.06,Open-Meteo ERA5,Maret
Kepulauan Riau,2018,4,27.13,29.64,25.04,142.8,85.4,3.32,Open-Meteo ERA5,April
Kepulauan Riau,2018,5,27.19,29.22,25.35,208.3,85.81,3.23,Open-Meteo ERA5,Mei
Kepulauan Riau,2018,6,27.58,29.09,26.09,128.5,82.9,4.49,Open-Meteo ERA5,Juni
Kepulauan Riau,2018,7,27.6,29.13,26.31,68.5,80.97,5.24,Open-Meteo ERA5,Juli
Kepulauan Riau,2018,8,27.66,29.35,26.24,53.5,79.45,5.29,Open-Meteo ERA5,Agustus
Kepulauan Riau,2018,9,27.27,29.46,25.22,69.9,80.5,4.39,Open-Meteo ERA5,September
Kepulauan Riau,2018,10,26.97,29.54,24.87,249.8,84.55,3.41,Open-Meteo ERA5,Oktober
Kepulauan Riau,2018,11,26.44,28.33,24.8,331.2,89.03,3.3,Open-Meteo ERA5,November
Kepulauan Riau,2018,12,26.64,28.7,24.92,270.8,88.13,3.71,Open-Meteo ERA5,Desember
Kepulauan Riau,2019,1,26.97,29.17,25.24,78.3,81.71,5.62,Open-Meteo ERA5,Januari
Kepulauan Riau,2019,2,27.6,30.82,25.08,42.8,76.71,5.02,Open-Meteo ERA5,Februari
Kepulauan Riau,2019,3,27.96,31.57,24.67,86.7,75.94,4.42,Open-Meteo ERA5,Maret
Kepulauan Riau,2019,4,27.63,30.17,25.33,285.1,83.6,3.11,Open-Meteo ERA5,April
Kepulauan Riau,2019,5,27.91,29.85,25.9,152.1,84.16,3.71,Open-Meteo ERA5,Mei
Kepulauan Riau,2019,6,27.48,29.0,25.97,190.7,84.57,4.38,Open-Meteo ERA5,Juni
Kepulauan Riau,2019,7,28.07,29.98,26.42,43.9,76.03,5.27,Open-Meteo ERA5,Juli
Kepulauan Riau,2019,8,28.34,30.73,26.53,40.2,73.58,5.97,Open-Meteo ERA5,Agustus
Kepulauan Riau,2019,9,28.07,31.13,25.68,75.6,76.17,5.36,Open-Meteo ERA5,September
Kepulauan Riau,2019,10,27.13,29.98,24.84,141.3,83.68,3.66,Open-Meteo ERA5,Oktober
Kepulauan Riau,2019,11,27.14,29.66,24.95,164.3,84.57,3.31,Open-Meteo ERA5,November
Kepulauan Riau,2019,12,26.22,28.34,24.7,314.4,85.97,4.94,Open-Meteo ERA5,Desember
Kepulauan Riau,2020,1,26.92,29.48,24.94,72.0,82.45,5.62,Open-Meteo ERA5,Januari
Kepulauan Riau,2020,2,27.41,30.52,25.16,42.1,77.79,6.02,Open-Meteo ERA5,Februari
Kepulauan Riau,2020,3,28.22,32.01,25.09,79.1,77.13,4.52,Open-Meteo ERA5,Maret
Kepulauan Riau,2020,4,28.12,31.52,25.21,228.1,79.8,3.48,Open-Meteo ERA5,April
Kepulauan Riau,2020,5,27.92,30.03,25.95,326.8,85.06,3.47,Open-Meteo ERA5,Mei
Kepulauan Riau,2020,6,27.33,28.91,25.71,280.9,84.63,4.32,Open-Meteo ERA5,Juni
Kepulauan Riau,2020,7,26.9,28.52,25.32,197.7,84.97,4.2,Open-Meteo ERA5,Juli
Kepulauan Riau,2020,8,27.48,29.13,25.88,104.0,83.39,4.62,Open-Meteo ERA5,Agustus
Kepulauan Riau,2020,9,26.66,28.4,25.11,267.2,86.03,4.35,Open-Meteo ERA5,September
Kepulauan Riau,2020,10,27.06,28.78,25.42,213.2,85.19,4.22,Open-Meteo ERA5,Oktober
Kepulauan Riau,2020,11,26.44,28.37,24.85,334.8,88.47,3.4,Open-Meteo ERA5,November
Kepulauan Riau,2020,12,26.53,28.56,24.99,146.8,85.9,4.75,Open-Meteo ERA5,Desember
Kepulauan Riau,2021,1,25.77,27.75,24.35,381.7,84.16,6.09,Open-Meteo ERA5,Januari
Kepulauan Riau,2021,2,26.98,30.35,24.47,23.8,74.0,6.47,Open-Meteo ERA5,Februari
Kepulauan Riau,2021,3,27.05,30.24,24.4,215.2,81.74,4.32,Open-Meteo ERA5,Maret
Kepulauan Riau,2021,4,27.24,29.61,25.13,163.0,84.57,3.39,Open-Meteo ERA5,April
Kepulauan Riau,2021,5,27.47,29.47,25.43,262.5,86.39,3.31,Open-Meteo ERA5,Mei
Kepulauan Riau,2021,6,27.44,29.19,25.54,133.2,83.67,3.91,Open-Meteo ERA5,Juni
Kepulauan Riau,2021,7,27.65,29.39,25.89,117.6,80.97,4.56,Open-Meteo ERA5,Juli
Kepulauan Riau,2021,8,26.87,28.55,25.35,201.5,83.77,4.55,Open-Meteo ERA5,Agustus
Kepulauan Riau,2021,9,27.16,29.14,25.23,161.8,83.23,4.32,Open-Meteo ERA5,September
Kepulauan Riau,2021,10,27.39,29.34,25.58,137.8,84.29,4.03,Open-Meteo ERA5,Oktober
Kepulauan Riau,2021,11,26.71,29.03,24.82,268.8,86.63,3.79,Open-Meteo ERA5,November
Kepulauan Riau,2021,12,26.6,28.58,24.87,230.8,84.35,5.13,Open-Meteo ERA5,Desember
Kepulauan Riau,2022,1,26.49,29.1,24.38,68.4,81.32,5.5,Open-Meteo ERA5,Januari
Kepulauan Riau,2022,2,26.42,29.07,24.35,185.5,83.93,4.74,Open-Meteo ERA5,Februari
Kepulauan Riau,2022,3,27.3,30.03,25.04,96.1,83.13,3.88,Open-Meteo ERA5,Maret
Kepulauan Riau,2022,4,27.52,30.21,25.14,94.3,83.03,3.53,Open-Meteo ERA5,April
Kepulauan Riau,2022,5,28.06,30.33,25.79,122.4,82.03,3.97,Open-Meteo ERA5,Mei
Kepulauan Riau,2022,6,26.76,28.77,24.82,391.1,84.67,3.76,Open-Meteo ERA5,Juni
Kepulauan Riau,2022,7,27.6,29.49,25.81,110.6,81.84,4.38,Open-Meteo ERA5,Juli
Kepulauan Riau,2022,8,27.0,28.86,25.25,284.0,83.13,4.61,Open-Meteo ERA5,Agustus
Kepulauan Riau,2022,9,26.85,28.64,25.06,206.2,83.77,4.46,Open-Meteo ERA5,September
Kepulauan Riau,2022,10,26.48,28.43,24.69,319.3,86.42,3.95,Open-Meteo ERA5,Oktober
Kepulauan Riau,2022,11,26.58,28.63,24.71,244.3,86.8,3.87,Open-Meteo ERA5,November
Kepulauan Riau,2022,12,26.11,28.1,24.55,245.1,85.16,4.76,Open-Meteo ERA5,Desember
Kepulauan Riau,2023,1,25.96,28.16,24.14,297.0,84.42,5.34,Open-Meteo ERA5,Januari
Kepulauan Riau,2023,2,26.38,28.81,24.69,120.9,81.82,5.89,Open-Meteo ERA5,Februari
Kepulauan Riau,2023,3,26.13,28.51,24.28,249.7,84.71,4.84,Open-Meteo ERA5,Maret
Kepulauan Riau,2023,4,27.31,29.93,24.96,175.4,85.1,3.41,Open-Meteo ERA5,April
Kepulauan Riau,2023,5,28.05,29.98,26.01,187.8,83.23,4.05,Open-Meteo ERA5,Mei
Kepulauan Riau,2023,6,27.88,29.65,25.92,200.0,82.0,4.52,Open-Meteo ERA5,Juni
Kepulauan Riau,2023,7,27.97,29.22,26.57,366.3,80.35,5.48,Open-Meteo ERA5,Juli
Kepulauan Riau,2023,8,28.05,29.13,26.63,166.1,79.23,5.77,Open-Meteo ERA5,Agustus
Kepulauan Riau,2023,9,28.08,29.32,26.73,125.6,79.43,5.84,Open-Meteo ERA5,September
Kepulauan Riau,2023,10,28.11,29.91,26.32,181.2,82.06,4.56,Open-Meteo ERA5,Oktober
Kepulauan Riau,2023,11,27.47,29.23,26.04,301.5,85.6,4.05,Open-Meteo ERA5,November
Kepulauan Riau,2023,12,26.86,28.45,25.41,357.3,86.0,4.85,Open-Meteo ERA5,Desember
Kepulauan Riau,2024,1,26.63,28.15,25.31,350.4,85.06,5.93,Open-Meteo ERA5,Januari
Kepulauan Riau,2024,2,27.59,29.33,26.09,65.2,81.31,6.02,Open-Meteo ERA5,Februari
Kepulauan Riau,2024,3,28.2,30.24,26.57,100.9,79.61,5.28,Open-Meteo ERA5,Maret
Kepulauan Riau,2024,4,28.56,30.19,26.9,417.5,82.8,3.89,Open-Meteo ERA5,April
Kepulauan Riau,2024,5,28.76,30.06,27.04,297.1,81.87,4.65,Open-Meteo ERA5,Mei
Kepulauan Riau,2024,6,28.36,29.64,26.92,245.1,80.77,4.38,Open-Meteo ERA5,Juni
Kepulauan Riau,2024,7,28.49,29.49,27.25,72.1,78.32,6.06,Open-Meteo ERA5,Juli
Kepulauan Riau,2024,8,27.94,29.17,26.35,180.8,80.03,5.54,Open-Meteo ERA5,Agustus
Kepulauan Riau,2024,9,28.03,29.28,26.41,177.0,81.27,5.58,Open-Meteo ERA5,September
Kepulauan Riau,2024,10,27.96,29.2,26.32,217.6,82.52,4.36,Open-Meteo ERA5,Oktober
Kepulauan Riau,2024,11,27.09,28.79,25.49,312.5,86.87,4.07,Open-Meteo ERA5,November
Kepulauan Riau,2024,12,27.35,29.1,25.92,113.8,83.45,5.36,Open-Meteo ERA5,Desember
Lampung,2015,1,25.31,29.29,22.92,330.8,89.77,2.45,Open-Meteo ERA5,Januari
Lampung,2015,2,25.48,29.35,23.0,244.5,88.82,2.4,Open-Meteo ERA5,Februari
Lampung,2015,3,25.68,29.52,23.23,244.6,89.32,2.54,Open-Meteo ERA5,Maret
Lampung,2015,4,25.91,29.49,23.36,289.9,90.0,2.43,Open-Meteo ERA5,April
Lampung,2015,5,26.22,29.62,23.8,156.1,89.0,2.31,Open-Meteo ERA5,Mei
Lampung,2015,6,25.91,29.32,23.18,83.4,87.13,2.37,Open-Meteo ERA5,Juni
Lampung,2015,7,25.91,29.41,23.17,53.4,82.94,3.14,Open-Meteo ERA5,Juli
Lampung,2015,8,26.15,29.93,23.2,43.0,80.9,2.9,Open-Meteo ERA5,Agustus
Lampung,2015,9,26.55,30.99,23.3,51.8,77.97,3.21,Open-Meteo ERA5,September
Lampung,2015,10,27.65,32.35,24.05,25.2,73.97,3.0,Open-Meteo ERA5,Oktober
Lampung,2015,11,26.78,31.04,24.02,272.5,84.93,2.6,Open-Meteo ERA5,November
Lampung,2015,12,25.9,29.57,23.57,315.1,90.13,2.64,Open-Meteo ERA5,Desember
Lampung,2016,1,26.37,30.31,24.01,298.0,88.48,2.66,Open-Meteo ERA5,Januari
Lampung,2016,2,26.02,29.73,23.86,379.7,90.24,2.59,Open-Meteo ERA5,Februari
Lampung,2016,3,26.4,30.3,23.97,403.8,90.29,2.44,Open-Meteo ERA5,Maret
Lampung,2016,4,26.27,29.94,24.0,471.6,91.9,2.32,Open-Meteo ERA5,April
Lampung,2016,5,26.41,29.79,24.13,283.7,91.23,2.21,Open-Meteo ERA5,Mei
Lampung,2016,6,26.08,29.52,23.72,173.6,89.13,2.41,Open-Meteo ERA5,Juni
Lampung,2016,7,25.92,29.47,23.52,183.3,89.42,2.34,Open-Meteo ERA5,Juli
Lampung,2016,8,26.02,29.44,23.63,152.4,87.0,2.73,Open-Meteo ERA5,Agustus
Lampung,2016,9,25.94,29.72,23.64,291.3,88.77,2.7,Open-Meteo ERA5,September
Lampung,2016,10,25.56,28.98,23.56,355.5,90.58,2.94,Open-Meteo ERA5,Oktober
Lampung,2016,11,25.72,29.14,23.57,360.2,90.7,2.6,Open-Meteo ERA5,November
Lampung,2016,12,25.91,29.54,23.43,278.7,89.13,2.97,Open-Meteo ERA5,Desember
Lampung,2017,1,25.51,29.19,22.87,238.5,86.87,2.76,Open-Meteo ERA5,Januari
Lampung,2017,2,25.05,28.72,22.61,302.3,87.82,3.1,Open-Meteo ERA5,Februari
Lampung,2017,3,25.71,29.65,23.08,264.4,85.9,2.95,Open-Meteo ERA5,Maret
Lampung,2017,4,25.83,29.01,23.55,208.3,86.33,3.1,Open-Meteo ERA5,April
Lampung,2017,5,26.13,28.91,24.01,170.9,86.29,2.6,Open-Meteo ERA5,Mei
Lampung,2017,6,25.7,28.63,23.4,172.9,86.6,2.65,Open-Meteo ERA5,Juni
Lampung,2017,7,25.56,28.2,23.43,132.6,84.94,2.98,Open-Meteo ERA5,Juli
Lampung,2017,8,25.6,28.47,23.35,92.3,82.68,3.22,Open-Meteo ERA5,Agustus
Lampung,2017,9,25.86,28.85,23.6,106.3,82.53,3.6,Open-Meteo ERA5,September
Lampung,2017,10,25.91,28.65,24.13,157.2,84.77,4.28,Open-Meteo ERA5,Oktober
Lampung,2017,11,25.8,28.92,23.81,206.4,85.87,3.56,Open-Meteo ERA5,November
Lampung,2017,12,25.34,28.87,22.9,291.6,87.13,2.93,Open-Meteo ERA5,Desember
Lampung,2018,1,25.45,29.1,22.89,192.9,84.84,2.45,Open-Meteo ERA5,Januari
Lampung,2018,2,24.92,28.91,22.45,291.2,88.54,3.3,Open-Meteo ERA5,Februari
Lampung,2018,3,25.36,29.1,22.79,218.4,87.58,2.93,Open-Meteo ERA5,Maret
Lampung,2018,4,25.66,29.18,23.12,188.1,87.53,2.57,Open-Meteo ERA5,April
Lampung,2018,5,25.62,28.61,23.25,184.2,87.84,2.48,Open-Meteo ERA5,Mei
Lampung,2018,6,25.6,28.66,23.24,155.6,87.3,2.62,Open-Meteo ERA5,Juni
Lampung,2018,7,25.36,28.1,23.05,33.7,81.48,3.42,Open-Meteo ERA5,Juli
Lampung,2018,8,25.45,28.31,23.1,74.2,79.97,3.64,Open-Meteo ERA5,Agustus
Lampung,2018,9,25.41,28.22,23.17,104.7,82.57,3.8,Open-Meteo ERA5,September
Lampung,2018,10,26.14,29.06,23.9,95.9,83.39,3.69,Open-Meteo ERA5,Oktober
Lampung,2018,11,25.65,28.32,23.87,221.6,87.63,3.71,Open-Meteo ERA5,November
Lampung,2018,12,25.51,28.39,23.29,280.8,87.29,3.2,Open-Meteo ERA5,Desember
Lampung,2019,1,25.34,29.03,22.84,343.4,88.74,3.3,Open-Meteo ERA5,Januari
Lampung,2019,2,25.43,29.28,22.72,235.9,88.96,2.84,Open-Meteo ERA5,Februari
Lampung,2019,3,25.72,29.48,23.21,271.5,88.29,2.96,Open-Meteo ERA5,Maret
Lampung,2019,4,25.95,29.32,23.4,300.8,88.97,2.82,Open-Meteo ERA5,April
Lampung,2019,5,26.16,28.99,23.71,162.5,86.87,2.93,Open-Meteo ERA5,Mei
Lampung,2019,6,25.87,28.51,23.51,78.6,84.83,2.94,Open-Meteo ERA5,Juni
Lampung,2019,7,25.43,28.6,22.86,71.0,83.03,3.17,Open-Meteo ERA5,Juli
Lampung,2019,8,25.07,28.25,22.48,37.2,80.1,3.85,Open-Meteo ERA5,Agustus
Lampung,2019,9,25.48,29.43,22.31,32.1,79.87,3.84,Open-Meteo ERA5,September
Lampung,2019,10,26.15,29.86,23.42,23.8,79.23,4.21,Open-Meteo ERA5,Oktober
Lampung,2019,11,26.41,29.9,23.75,61.9,80.07,4.16,Open-Meteo ERA5,November
Lampung,2019,12,25.89,29.78,23.31,185.8,86.58,3.02,Open-Meteo ERA5,Desember
Lampung,2020,1,25.52,29.4,23.07,356.3,90.16,3.25,Open-Meteo ERA5,Januari
Lampung,2020,2,25.72,29.57,23.31,274.0,87.97,4.2,Open-Meteo ERA5,Februari
Lampung,2020,3,25.95,30.13,23.37,341.6,88.68,2.9,Open-Meteo ERA5,Maret
Lampung,2020,4,26.03,29.33,23.72,290.2,89.1,2.58,Open-Meteo ERA5,April
Lampung,2020,5,26.07,29.41,23.65,311.7,89.71,2.57,Open-Meteo ERA5,Mei
Lampung,2020,6,25.65,28.68,23.16,203.5,88.87,2.53,Open-Meteo ERA5,Juni
Lampung,2020,7,25.42,28.46,22.99,176.3,87.1,2.96,Open-Meteo ERA5,Juli
Lampung,2020,8,25.9,29.13,23.32,105.0,84.16,2.94,Open-Meteo ERA5,Agustus
Lampung,2020,9,25.91,28.8,23.68,120.2,84.63,3.6,Open-Meteo ERA5,September
Lampung,2020,10,25.87,28.75,23.99,144.5,85.35,3.78,Open-Meteo ERA5,Oktober
Lampung,2020,11,25.91,29.02,23.68,186.2,86.77,3.05,Open-Meteo ERA5,November
Lampung,2020,12,25.21,28.73,22.94,251.6,88.35,2.65,Open-Meteo ERA5,Desember
Lampung,2021,1,24.87,28.43,22.65,266.3,89.29,3.69,Open-Meteo ERA5,Januari
Lampung,2021,2,25.13,29.2,22.73,229.6,88.79,4.28,Open-Meteo ERA5,Februari
Lampung,2021,3,25.65,29.68,22.85,219.9,86.45,2.83,Open-Meteo ERA5,Maret
Lampung,2021,4,25.86,29.39,23.31,164.2,86.4,2.87,Open-Meteo ERA5,April
Lampung,2021,5,26.21,29.51,23.86,170.8,87.16,2.62,Open-Meteo ERA5,Mei
Lampung,2021,6,25.78,28.54,23.56,178.2,86.77,2.96,Open-Meteo ERA5,Juni
Lampung,2021,7,25.64,28.76,23.18,84.2,84.06,2.9,Open-Meteo ERA5,Juli
Lampung,2021,8,25.78,28.76,23.46,133.2,84.55,3.14,Open-Meteo ERA5,Agustus
Lampung,2021,9,25.64,28.6,23.33,206.5,86.77,3.2,Open-Meteo ERA5,September
Lampung,2021,10,26.15,29.08,24.01,79.3,82.74,4.17,Open-Meteo ERA5,Oktober
Lampung,2021,11,25.56,29.35,23.07,343.0,87.17,2.9,Open-Meteo ERA5,November
Lampung,2021,12,25.34,29.03,22.86,228.6,87.81,3.38,Open-Meteo ERA5,Desember
Lampung,2022,1,25.13,29.45,22.54,274.2,87.52,3.26,Open-Meteo ERA5,Januari
Lampung,2022,2,25.41,29.58,22.72,185.1,85.43,3.08,Open-Meteo ERA5,Februari
Lampung,2022,3,25.79,29.97,23.01,237.0,85.84,2.93,Open-Meteo ERA5,Maret
Lampung,2022,4,25.93,29.99,23.22,228.7,85.53,3.22,Open-Meteo ERA5,April
Lampung,2022,5,26.17,29.42,23.89,146.1,86.23,3.05,Open-Meteo ERA5,Mei
Lampung,2022,6,25.3,28.54,23.0,191.1,86.8,2.97,Open-Meteo ERA5,Juni
Lampung,2022,7,25.49,28.93,22.94,282.9,86.0,2.99,Open-Meteo ERA5,Juli
Lampung,2022,8,25.41,28.91,22.88,135.1,85.52,3.15,Open-Meteo ERA5,Agustus
Lampung,2022,9,25.5,28.74,23.22,158.2,85.33,3.48,Open-Meteo ERA5,September
Lampung,2022,10,25.41,28.37,23.25,291.8,85.35,3.79,Open-Meteo ERA5,Oktober
Lampung,2022,11,25.51,29.06,23.33,287.1,86.47,3.56,Open-Meteo ERA5,November
Lampung,2022,12,25.27,29.0,23.01,215.5,86.45,3.29,Open-Meteo ERA5,Desember
Lampung,2023,1,25.03,28.66,22.44,215.7,87.61,3.18,Open-Meteo ERA5,Januari
Lampung,2023,2,25.01,29.26,22.52,247.2,87.61,3.24,Open-Meteo ERA5,Februari
Lampung,2023,3,25.21,29.56,22.51,236.6,88.0,2.9,Open-Meteo ERA5,Maret
Lampung,2023,4,26.02,29.81,23.32,164.7,85.33,3.05,Open-Meteo ERA5,April
Lampung,2023,5,26.62,30.06,23.88,126.1,83.61,3.03,Open-Meteo ERA5,Mei
Lampung,2023,6,25.97,29.24,23.5,176.0,85.13,3.01,Open-Meteo ERA5,Juni
Lampung,2023,7,25.6,28.81,23.27,164.4,84.65,3.37,Open-Meteo ERA5,Juli
Lampung,2023,8,25.71,29.11,22.88,57.5,81.32,3.7,Open-Meteo ERA5,Agustus
Lampung,2023,9,25.74,29.82,22.8,22.7,77.07,4.67,Open-Meteo ERA5,September
Lampung,2023,10,26.9,31.19,23.83,26.0,77.61,4.35,Open-Meteo ERA5,Oktober
Lampung,2023,11,26.59,30.1,24.17,103.3,82.2,4.38,Open-Meteo ERA5,November
Lampung,2023,12,26.34,29.73,23.98,92.3,82.16,4.16,Open-Meteo ERA5,Desember
Lampung,2024,1,25.61,29.69,23.1,430.6,89.32,3.21,Open-Meteo ERA5,Januari
Lampung,2024,2,25.82,30.1,23.21,265.0,89.31,2.99,Open-Meteo ERA5,Februari
Lampung,2024,3,26.17,30.37,23.65,329.3,88.32,3.03,Open-Meteo ERA5,Maret
Lampung,2024,4,26.4,29.77,24.1,256.8,89.17,2.84,Open-Meteo ERA5,April
Lampung,2024,5,26.49,29.69,24.22,300.3,88.65,2.44,Open-Meteo ERA5,Mei
Lampung,2024,6,26.0,29.6,23.25,176.5,87.07,2.79,Open-Meteo ERA5,Juni
Lampung,2024,7,25.83,29.03,23.05,127.7,82.84,3.17,Open-Meteo ERA5,Juli
Lampung,2024,8,25.97,29.4,23.31,64.3,82.16,3.79,Open-Meteo ERA5,Agustus
Lampung,2024,9,26.44,30.24,23.89,93.2,79.6,4.05,Open-Meteo ERA5,September
Lampung,2024,10,27.03,30.56,24.45,76.5,77.87,4.54,Open-Meteo ERA5,Oktober
Lampung,2024,11,26.36,29.9,24.12,252.4,85.5,3.37,Open-Meteo ERA5,November
Lampung,2024,12,26.3,29.75,24.05,295.7,85.84,2.64,Open-Meteo ERA5,Desember
Maluku,2015,1,27.28,28.25,26.33,122.9,82.39,7.97,Open-Meteo ERA5,Januari
Maluku,2015,2,26.91,27.81,26.03,119.5,81.86,7.57,Open-Meteo ERA5,Februari
Maluku,2015,3,27.14,28.2,26.05,168.8,81.0,6.67,Open-Meteo ERA5,Maret
Maluku,2015,4,26.86,27.97,25.51,238.2,84.0,4.24,Open-Meteo ERA5,April
Maluku,2015,5,26.75,27.63,25.79,98.4,82.74,5.89,Open-Meteo ERA5,Mei
Maluku,2015,6,25.83,26.57,25.09,182.5,86.07,7.26,Open-Meteo ERA5,Juni
Maluku,2015,7,25.12,25.92,24.38,45.9,84.39,7.33,Open-Meteo ERA5,Juli
Maluku,2015,8,24.79,25.65,23.97,16.0,81.71,7.1,Open-Meteo ERA5,Agustus
Maluku,2015,9,25.52,26.52,24.64,6.5,81.27,6.47,Open-Meteo ERA5,September
Maluku,2015,10,25.93,27.04,24.88,21.6,82.29,6.06,Open-Meteo ERA5,Oktober
Maluku,2015,11,27.38,28.66,25.91,24.7,82.0,3.81,Open-Meteo ERA5,November
Maluku,2015,12,27.95,29.11,26.85,50.3,80.84,6.38,Open-Meteo ERA5,Desember
Maluku,2016,1,27.92,29.05,26.72,110.8,79.81,5.57,Open-Meteo ERA5,Januari
Maluku,2016,2,27.83,28.89,26.89,71.9,80.52,6.48,Open-Meteo ERA5,Februari
Maluku,2016,3,28.14,29.06,27.15,163.9,80.13,6.2,Open-Meteo ERA5,Maret
Maluku,2016,4,27.57,28.63,26.24,253.6,83.5,4.96,Open-Meteo ERA5,April
Maluku,2016,5,27.59,28.69,26.42,98.0,84.23,4.19,Open-Meteo ERA5,Mei
Maluku,2016,6,26.55,27.43,25.57,122.4,85.0,5.3,Open-Meteo ERA5,Juni
Maluku,2016,7,25.85,26.63,25.09,382.0,85.61,6.99,Open-Meteo ERA5,Juli
Maluku,2016,8,26.16,26.9,25.44,41.4,82.48,6.62,Open-Meteo ERA5,Agustus
Maluku,2016,9,26.54,27.56,25.52,118.9,84.87,4.9,Open-Meteo ERA5,September
Maluku,2016,10,26.93,28.1,25.73,113.6,84.06,4.49,Open-Meteo ERA5,Oktober
Maluku,2016,11,27.79,28.98,26.3,50.2,81.33,3.42,Open-Meteo ERA5,November
Maluku,2016,12,27.98,29.04,26.8,167.4,80.13,6.05,Open-Meteo ERA5,Desember
Maluku,2017,1,27.35,30.11,25.35,236.4,86.19,3.15,Open-Meteo ERA5,Januari
Maluku,2017,2,27.1,29.85,25.22,225.7,87.11,3.25,Open-Meteo ERA5,Februari
Maluku,2017,3,26.93,29.82,25.1,243.6,87.52,2.93,Open-Meteo ERA5,Maret
Maluku,2017,4,26.8,29.17,25.02,300.1,88.8,2.9,Open-Meteo ERA5,April
Maluku,2017,5,26.27,28.05,24.82,558.6,92.68,3.4,Open-Meteo ERA5,Mei
Maluku,2017,6,25.29,26.81,24.16,682.1,93.8,4.01,Open-Meteo ERA5,Juni
Maluku,2017,7,25.13,26.62,23.93,628.4,92.48,4.21,Open-Meteo ERA5,Juli
Maluku,2017,8,25.51,26.86,24.5,278.1,87.61,4.8,Open-Meteo ERA5,Agustus
Maluku,2017,9,25.6,27.28,24.35,249.5,90.5,3.98,Open-Meteo ERA5,September
Maluku,2017,10,26.78,29.07,24.77,116.4,87.74,3.01,Open-Meteo ERA5,Oktober
Maluku,2017,11,27.05,29.68,24.89,292.8,87.8,2.86,Open-Meteo ERA5,November
Maluku,2017,12,27.16,29.82,25.18,258.1,87.48,2.97,Open-Meteo ERA5,Desember
Maluku,2018,1,26.88,29.65,25.15,349.9,87.58,3.45,Open-Meteo ERA5,Januari
Maluku,2018,2,27.14,29.89,25.28,188.9,86.32,3.24,Open-Meteo ERA5,Februari
Maluku,2018,3,26.97,29.83,24.99,175.5,86.48,3.65,Open-Meteo ERA5,Maret
Maluku,2018,4,26.48,28.65,24.72,254.6,89.73,2.64,Open-Meteo ERA5,April
Maluku,2018,5,25.85,27.52,24.51,545.0,93.03,3.73,Open-Meteo ERA5,Mei
Maluku,2018,6,25.64,27.09,24.41,284.1,90.67,4.25,Open-Meteo ERA5,Juni
Maluku,2018,7,25.47,27.14,24.22,345.2,89.45,4.57,Open-Meteo ERA5,Juli
Maluku,2018,8,25.7,27.26,24.5,151.4,85.19,4.61,Open-Meteo ERA5,Agustus
Maluku,2018,9,25.81,27.58,24.33,92.5,84.1,4.34,Open-Meteo ERA5,September
Maluku,2018,10,26.55,28.78,24.59,60.3,85.35,3.62,Open-Meteo ERA5,Oktober
Maluku,2018,11,27.24,29.96,24.98,182.4,86.83,2.89,Open-Meteo ERA5,November
Maluku,2018,12,27.43,30.11,25.4,154.9,86.58,3.51,Open-Meteo ERA5,Desember
Maluku,2019,1,27.42,30.19,25.52,126.7,84.81,3.93,Open-Meteo ERA5,Januari
Maluku,2019,2,27.42,30.38,25.43,65.4,82.75,3.51,Open-Meteo ERA5,Februari
Maluku,2019,3,27.19,30.15,25.06,256.5,85.29,3.36,Open-Meteo ERA5,Maret
Maluku,2019,4,26.73,29.12,25.06,385.4,91.07,3.13,Open-Meteo ERA5,April
Maluku,2019,5,26.31,28.2,24.81,294.6,91.71,3.51,Open-Meteo ERA5,Mei
Maluku,2019,6,25.47,26.81,24.33,368.9,92.17,4.69,Open-Meteo ERA5,Juni
Maluku,2019,7,24.91,26.26,23.82,228.4,87.68,5.02,Open-Meteo ERA5,Juli
Maluku,2019,8,24.78,26.35,23.6,133.7,87.58,5.32,Open-Meteo ERA5,Agustus
Maluku,2019,9,24.97,26.76,23.64,96.9,85.9,4.63,Open-Meteo ERA5,September
Maluku,2019,10,25.9,28.14,24.2,328.4,89.74,3.49,Open-Meteo ERA5,Oktober
Maluku,2019,11,27.0,29.44,24.7,38.6,85.53,3.14,Open-Meteo ERA5,November
Maluku,2019,12,27.83,30.59,25.46,111.4,84.71,2.88,Open-Meteo ERA5,Desember
Maluku,2020,1,28.05,31.25,25.85,93.4,82.48,3.66,Open-Meteo ERA5,Januari
Maluku,2020,2,28.17,31.47,25.83,71.1,81.76,3.64,Open-Meteo ERA5,Februari
Maluku,2020,3,27.15,29.79,25.24,341.3,88.1,2.91,Open-Meteo ERA5,Maret
Maluku,2020,4,26.85,29.28,25.02,309.5,90.23,2.83,Open-Meteo ERA5,April
Maluku,2020,5,26.73,28.71,25.22,512.4,91.74,3.61,Open-Meteo ERA5,Mei
Maluku,2020,6,25.58,27.19,24.4,500.8,93.87,4.6,Open-Meteo ERA5,Juni
Maluku,2020,7,25.2,26.61,24.04,408.9,93.1,4.94,Open-Meteo ERA5,Juli
Maluku,2020,8,25.53,27.13,24.24,308.9,88.19,4.51,Open-Meteo ERA5,Agustus
Maluku,2020,9,25.77,27.63,24.25,366.3,91.27,4.05,Open-Meteo ERA5,September
Maluku,2020,10,26.45,28.64,24.65,333.9,89.58,3.26,Open-Meteo ERA5,Oktober
Maluku,2020,11,26.91,29.37,24.98,262.4,89.03,2.75,Open-Meteo ERA5,November
Maluku,2020,12,27.17,29.9,25.17,295.3,88.13,2.98,Open-Meteo ERA5,Desember
Maluku,2021,1,27.1,29.9,25.14,278.2,87.32,3.01,Open-Meteo ERA5,Januari
Maluku,2021,2,27.32,30.11,25.24,169.4,86.0,3.45,Open-Meteo ERA5,Februari
Maluku,2021,3,26.82,29.73,24.69,336.0,88.06,2.84,Open-Meteo ERA5,Maret
Maluku,2021,4,26.98,29.33,24.88,219.4,86.83,3.26,Open-Meteo ERA5,April
Maluku,2021,5,26.02,27.74,24.66,569.3,93.9,3.9,Open-Meteo ERA5,Mei
Maluku,2021,6,25.68,27.47,24.4,378.2,93.0,3.69,Open-Meteo ERA5,Juni
Maluku,2021,7,25.22,26.81,24.06,778.5,94.77,4.06,Open-Meteo ERA5,Juli
Maluku,2021,8,25.37,27.07,24.02,389.7,94.13,3.81,Open-Meteo ERA5,Agustus
Maluku,2021,9,25.53,27.44,24.15,502.8,94.23,3.83,Open-Meteo ERA5,September
Maluku,2021,10,26.85,29.16,24.94,304.9,88.26,2.89,Open-Meteo ERA5,Oktober
Maluku,2021,11,26.98,29.83,24.96,364.0,88.2,2.58,Open-Meteo ERA5,November
Maluku,2021,12,27.2,29.92,25.24,206.9,86.16,4.0,Open-Meteo ERA5,Desember
Maluku,2022,1,27.25,30.32,25.0,150.3,84.52,3.67,Open-Meteo ERA5,Januari
Maluku,2022,2,26.88,29.68,24.94,266.1,85.25,3.57,Open-Meteo ERA5,Februari
Maluku,2022,3,26.89,29.87,24.67,359.3,87.61,2.85,Open-Meteo ERA5,Maret
Maluku,2022,4,26.93,29.45,24.78,263.9,87.2,2.75,Open-Meteo ERA5,April
Maluku,2022,5,26.6,29.06,24.61,363.1,89.87,3.19,Open-Meteo ERA5,Mei
Maluku,2022,6,25.86,28.2,24.1,443.1,90.9,3.07,Open-Meteo ERA5,Juni
Maluku,2022,7,25.28,26.89,24.0,792.5,90.58,4.65,Open-Meteo ERA5,Juli
Maluku,2022,8,25.37,27.03,24.0,402.9,90.0,4.41,Open-Meteo ERA5,Agustus
Maluku,2022,9,25.88,28.16,24.21,413.3,90.03,3.35,Open-Meteo ERA5,September
Maluku,2022,10,27.12,29.64,24.89,228.3,87.16,3.03,Open-Meteo ERA5,Oktober
Maluku,2022,11,27.22,30.13,25.06,420.4,86.8,2.59,Open-Meteo ERA5,November
Maluku,2022,12,27.07,29.93,24.84,351.9,86.16,3.46,Open-Meteo ERA5,Desember
Maluku,2023,1,27.28,30.15,25.33,224.4,84.58,3.57,Open-Meteo ERA5,Januari
Maluku,2023,2,27.12,30.09,25.27,212.3,84.96,4.07,Open-Meteo ERA5,Februari
Maluku,2023,3,26.96,29.88,24.84,310.7,86.48,3.24,Open-Meteo ERA5,Maret
Maluku,2023,4,26.97,29.82,24.78,337.3,87.7,3.21,Open-Meteo ERA5,April
Maluku,2023,5,26.45,28.29,24.92,441.5,87.68,4.36,Open-Meteo ERA5,Mei
Maluku,2023,6,26.02,27.75,24.53,268.3,90.1,3.93,Open-Meteo ERA5,Juni
Maluku,2023,7,25.45,27.47,23.88,366.7,88.42,4.73,Open-Meteo ERA5,Juli
Maluku,2023,8,25.25,27.26,23.78,184.3,85.23,5.1,Open-Meteo ERA5,Agustus
Maluku,2023,9,25.35,27.75,23.66,160.8,85.7,4.8,Open-Meteo ERA5,September
Maluku,2023,10,26.3,29.31,24.03,114.1,86.48,3.66,Open-Meteo ERA5,Oktober
Maluku,2023,11,26.82,30.69,23.91,247.6,86.9,3.0,Open-Meteo ERA5,November
Maluku,2023,12,27.28,31.38,24.7,254.2,87.19,2.86,Open-Meteo ERA5,Desember
Maluku,2024,1,27.63,31.16,25.26,199.2,83.87,3.82,Open-Meteo ERA5,Januari
Maluku,2024,2,27.94,31.99,25.31,104.8,82.83,3.44,Open-Meteo ERA5,Februari
Maluku,2024,3,27.33,31.05,25.04,361.0,87.32,3.22,Open-Meteo ERA5,Maret
Maluku,2024,4,26.4,29.51,24.33,569.2,92.87,2.63,Open-Meteo ERA5,April
Maluku,2024,5,26.12,28.6,24.51,473.4,93.32,3.51,Open-Meteo ERA5,Mei
Maluku,2024,6,25.51,27.7,24.05,432.1,90.9,4.13,Open-Meteo ERA5,Juni
Maluku,2024,7,25.18,27.11,23.7,331.6,89.0,4.73,Open-Meteo ERA5,Juli
Maluku,2024,8,25.2,27.45,23.74,331.3,89.52,4.59,Open-Meteo ERA5,Agustus
Maluku,2024,9,25.99,28.73,24.11,247.8,88.63,3.9,Open-Meteo ERA5,September
Maluku,2024,10,26.37,29.64,23.94,275.4,88.19,3.4,Open-Meteo ERA5,Oktober
Maluku,2024,11,26.7,30.63,24.11,388.9,89.0,2.78,Open-Meteo ERA5,November
Maluku,2024,12,26.91,30.76,24.68,361.6,89.32,2.61,Open-Meteo ERA5,Desember
Maluku Utara,2015,1,26.6,29.17,25.05,290.4,88.71,2.85,Open-Meteo ERA5,Januari
Maluku Utara,2015,2,26.34,29.14,24.78,302.2,87.54,2.41,Open-Meteo ERA5,Februari
Maluku Utara,2015,3,26.63,29.47,24.87,304.2,86.52,2.47,Open-Meteo ERA5,Maret
Maluku Utara,2015,4,27.11,29.93,25.27,195.8,86.8,2.22,Open-Meteo ERA5,April
Maluku Utara,2015,5,26.98,29.71,25.22,379.4,88.32,1.88,Open-Meteo ERA5,Mei
Maluku Utara,2015,6,26.75,29.26,25.18,331.5,88.13,2.17,Open-Meteo ERA5,Juni
Maluku Utara,2015,7,26.48,29.27,24.57,114.9,84.0,2.91,Open-Meteo ERA5,Juli
Maluku Utara,2015,8,26.2,29.1,24.15,45.5,82.29,3.14,Open-Meteo ERA5,Agustus
Maluku Utara,2015,9,26.85,30.16,24.67,25.3,81.2,3.05,Open-Meteo ERA5,September
Maluku Utara,2015,10,27.15,30.91,24.61,115.7,80.65,2.88,Open-Meteo ERA5,Oktober
Maluku Utara,2015,11,26.97,30.05,25.19,576.9,88.67,1.75,Open-Meteo ERA5,November
Maluku Utara,2015,12,27.34,30.2,25.57,202.7,87.1,2.46,Open-Meteo ERA5,Desember
Maluku Utara,2016,1,27.07,30.02,25.34,364.6,87.0,2.04,Open-Meteo ERA5,Januari
Maluku Utara,2016,2,27.21,30.3,25.39,238.4,86.55,2.24,Open-Meteo ERA5,Februari
Maluku Utara,2016,3,27.5,30.38,25.78,294.1,85.71,2.34,Open-Meteo ERA5,Maret
Maluku Utara,2016,4,27.49,30.47,25.84,501.8,88.33,1.89,Open-Meteo ERA5,April
Maluku Utara,2016,5,27.47,30.46,25.95,651.5,89.74,1.47,Open-Meteo ERA5,Mei
Maluku Utara,2016,6,26.87,29.36,25.4,507.6,89.63,1.77,Open-Meteo ERA5,Juni
Maluku Utara,2016,7,26.55,29.08,25.05,469.8,89.1,1.79,Open-Meteo ERA5,Juli
Maluku Utara,2016,8,27.15,29.76,25.5,221.1,85.97,2.48,Open-Meteo ERA5,Agustus
Maluku Utara,2016,9,26.8,29.53,25.12,424.6,89.3,1.95,Open-Meteo ERA5,September
Maluku Utara,2016,10,26.93,29.47,25.33,479.5,89.74,2.14,Open-Meteo ERA5,Oktober
Maluku Utara,2016,11,27.18,29.9,25.48,257.7,89.0,2.38,Open-Meteo ERA5,November
Maluku Utara,2016,12,26.95,29.39,25.47,412.8,90.16,2.42,Open-Meteo ERA5,Desember
Maluku Utara,2017,1,26.63,28.99,25.02,301.0,87.77,3.38,Open-Meteo ERA5,Januari
Maluku Utara,2017,2,26.79,29.15,25.08,210.2,86.43,4.06,Open-Meteo ERA5,Februari
Maluku Utara,2017,3,26.68,29.25,24.94,243.4,86.23,3.42,Open-Meteo ERA5,Maret
Maluku Utara,2017,4,26.97,29.52,25.24,152.8,86.1,3.08,Open-Meteo ERA5,April
Maluku Utara,2017,5,26.97,29.6,25.27,331.3,87.58,2.56,Open-Meteo ERA5,Mei
Maluku Utara,2017,6,26.36,28.73,24.8,304.2,87.6,2.93,Open-Meteo ERA5,Juni
Maluku Utara,2017,7,26.38,28.98,24.61,292.7,87.1,3.32,Open-Meteo ERA5,Juli
Maluku Utara,2017,8,26.44,29.06,24.56,288.2,87.03,2.74,Open-Meteo ERA5,Agustus
Maluku Utara,2017,9,26.48,29.03,24.75,240.4,87.83,2.8,Open-Meteo ERA5,September
Maluku Utara,2017,10,27.27,29.91,25.37,174.7,85.13,3.43,Open-Meteo ERA5,Oktober
Maluku Utara,2017,11,26.82,29.32,25.14,227.7,88.4,2.89,Open-Meteo ERA5,November
Maluku Utara,2017,12,27.08,29.51,25.32,200.8,86.71,3.59,Open-Meteo ERA5,Desember
Maluku Utara,2018,1,26.54,28.9,24.89,233.5,87.0,3.61,Open-Meteo ERA5,Januari
Maluku Utara,2018,2,26.8,29.44,24.94,200.8,85.93,3.63,Open-Meteo ERA5,Februari
Maluku Utara,2018,3,26.61,29.14,24.87,270.5,86.35,3.91,Open-Meteo ERA5,Maret
Maluku Utara,2018,4,26.6,29.04,24.87,263.6,87.57,3.21,Open-Meteo ERA5,April
Maluku Utara,2018,5,27.03,30.0,25.02,167.7,86.35,2.8,Open-Meteo ERA5,Mei
Maluku Utara,2018,6,26.64,29.31,24.62,267.0,87.37,2.83,Open-Meteo ERA5,Juni
Maluku Utara,2018,7,26.87,29.58,24.8,133.8,85.19,3.51,Open-Meteo ERA5,Juli
Maluku Utara,2018,8,27.19,30.35,24.73,54.0,80.9,3.7,Open-Meteo ERA5,Agustus
Maluku Utara,2018,9,26.98,29.91,24.78,33.5,80.1,4.83,Open-Meteo ERA5,September
Maluku Utara,2018,10,26.99,30.08,24.8,130.2,83.68,3.41,Open-Meteo ERA5,Oktober
Maluku Utara,2018,11,26.98,29.71,25.24,187.0,87.4,3.33,Open-Meteo ERA5,November
Maluku Utara,2018,12,26.83,29.32,25.22,372.2,88.39,3.74,Open-Meteo ERA5,Desember
Maluku Utara,2019,1,26.56,28.89,25.0,231.2,87.29,4.45,Open-Meteo ERA5,Januari
Maluku Utara,2019,2,26.62,29.35,24.93,59.1,83.79,4.52,Open-Meteo ERA5,Februari
Maluku Utara,2019,3,26.79,29.64,24.92,73.5,83.68,4.17,Open-Meteo ERA5,Maret
Maluku Utara,2019,4,27.17,30.03,25.38,284.2,86.27,3.7,Open-Meteo ERA5,April
Maluku Utara,2019,5,27.41,30.15,25.35,137.8,86.16,3.15,Open-Meteo ERA5,Mei
Maluku Utara,2019,6,26.92,29.65,24.9,298.6,87.07,2.93,Open-Meteo ERA5,Juni
Maluku Utara,2019,7,26.32,29.11,24.22,192.2,85.16,3.49,Open-Meteo ERA5,Juli
Maluku Utara,2019,8,26.63,29.68,24.32,73.1,83.0,4.17,Open-Meteo ERA5,Agustus
Maluku Utara,2019,9,26.56,29.88,23.98,60.3,81.97,4.47,Open-Meteo ERA5,September
Maluku Utara,2019,10,26.64,29.63,24.4,227.5,86.74,3.05,Open-Meteo ERA5,Oktober
Maluku Utara,2019,11,27.68,30.62,25.26,19.2,81.3,3.67,Open-Meteo ERA5,November
Maluku Utara,2019,12,27.34,30.34,25.29,145.4,85.39,3.64,Open-Meteo ERA5,Desember
Maluku Utara,2020,1,27.38,30.36,25.45,106.8,83.87,4.15,Open-Meteo ERA5,Januari
Maluku Utara,2020,2,27.16,30.31,25.21,128.0,83.86,4.66,Open-Meteo ERA5,Februari
Maluku Utara,2020,3,27.04,29.88,25.19,229.1,86.13,3.8,Open-Meteo ERA5,Maret
Maluku Utara,2020,4,27.21,30.05,25.45,278.5,85.77,3.26,Open-Meteo ERA5,April
Maluku Utara,2020,5,27.64,30.42,25.55,166.0,86.0,2.95,Open-Meteo ERA5,Mei
Maluku Utara,2020,6,26.48,29.17,24.73,468.5,89.63,2.67,Open-Meteo ERA5,Juni
Maluku Utara,2020,7,26.23,28.88,24.33,527.3,89.84,2.21,Open-Meteo ERA5,Juli
Maluku Utara,2020,8,26.57,29.51,24.49,193.8,86.26,3.25,Open-Meteo ERA5,Agustus
Maluku Utara,2020,9,26.34,28.99,24.39,348.7,89.27,2.81,Open-Meteo ERA5,September
Maluku Utara,2020,10,26.99,29.59,24.99,188.5,86.45,3.3,Open-Meteo ERA5,Oktober
Maluku Utara,2020,11,26.88,29.7,24.89,277.3,87.57,3.1,Open-Meteo ERA5,November
Maluku Utara,2020,12,26.96,29.67,25.21,199.9,87.06,3.45,Open-Meteo ERA5,Desember
Maluku Utara,2021,1,26.64,29.16,24.95,234.7,86.87,3.47,Open-Meteo ERA5,Januari
Maluku Utara,2021,2,26.84,29.4,25.07,216.8,86.14,3.57,Open-Meteo ERA5,Februari
Maluku Utara,2021,3,26.6,29.2,24.77,233.7,86.97,3.4,Open-Meteo ERA5,Maret
Maluku Utara,2021,4,27.12,29.95,25.17,131.6,85.77,3.8,Open-Meteo ERA5,April
Maluku Utara,2021,5,26.81,29.41,25.15,373.8,88.52,3.29,Open-Meteo ERA5,Mei
Maluku Utara,2021,6,26.67,29.48,24.63,247.3,87.43,2.69,Open-Meteo ERA5,Juni
Maluku Utara,2021,7,26.54,29.19,24.71,290.8,87.55,3.26,Open-Meteo ERA5,Juli
Maluku Utara,2021,8,26.42,29.2,24.42,319.4,87.87,2.67,Open-Meteo ERA5,Agustus
Maluku Utara,2021,9,26.29,29.13,24.45,388.7,89.17,2.99,Open-Meteo ERA5,September
Maluku Utara,2021,10,27.33,30.46,25.17,171.7,84.03,3.53,Open-Meteo ERA5,Oktober
Maluku Utara,2021,11,26.91,29.95,24.99,185.7,86.37,3.05,Open-Meteo ERA5,November
Maluku Utara,2021,12,26.66,29.05,25.0,298.3,87.61,4.38,Open-Meteo ERA5,Desember
Maluku Utara,2022,1,26.49,29.35,24.72,172.6,86.06,3.87,Open-Meteo ERA5,Januari
Maluku Utara,2022,2,26.19,28.92,24.58,255.7,87.11,3.66,Open-Meteo ERA5,Februari
Maluku Utara,2022,3,26.71,29.7,24.73,200.8,86.39,3.42,Open-Meteo ERA5,Maret
Maluku Utara,2022,4,26.96,29.75,24.96,133.5,85.43,3.51,Open-Meteo ERA5,April
Maluku Utara,2022,5,26.87,29.8,25.0,404.0,87.0,2.84,Open-Meteo ERA5,Mei
Maluku Utara,2022,6,26.71,29.86,24.64,232.9,85.5,2.8,Open-Meteo ERA5,Juni
Maluku Utara,2022,7,26.3,29.19,24.33,435.5,87.77,2.83,Open-Meteo ERA5,Juli
Maluku Utara,2022,8,26.19,29.17,24.18,392.8,88.42,2.72,Open-Meteo ERA5,Agustus
Maluku Utara,2022,9,26.49,29.62,24.24,235.8,86.5,3.01,Open-Meteo ERA5,September
Maluku Utara,2022,10,27.29,30.53,25.09,202.1,83.97,3.34,Open-Meteo ERA5,Oktober
Maluku Utara,2022,11,26.94,29.59,24.94,212.2,85.63,3.28,Open-Meteo ERA5,November
Maluku Utara,2022,12,26.69,29.15,24.78,209.5,86.45,3.5,Open-Meteo ERA5,Desember
Maluku Utara,2023,1,26.54,28.92,24.7,186.7,86.68,4.01,Open-Meteo ERA5,Januari
Maluku Utara,2023,2,26.39,28.74,24.66,194.5,86.75,4.3,Open-Meteo ERA5,Februari
Maluku Utara,2023,3,26.71,29.58,24.75,210.5,85.52,3.65,Open-Meteo ERA5,Maret
Maluku Utara,2023,4,27.44,30.26,25.21,210.4,83.5,3.65,Open-Meteo ERA5,April
Maluku Utara,2023,5,27.54,30.27,25.47,106.6,83.97,4.08,Open-Meteo ERA5,Mei
Maluku Utara,2023,6,27.01,30.01,24.93,247.4,85.77,3.32,Open-Meteo ERA5,Juni
Maluku Utara,2023,7,27.05,30.11,24.74,284.1,83.42,3.69,Open-Meteo ERA5,Juli
Maluku Utara,2023,8,27.48,31.02,24.9,97.2,78.87,4.12,Open-Meteo ERA5,Agustus
Maluku Utara,2023,9,26.77,29.6,24.77,285.0,83.57,4.36,Open-Meteo ERA5,September
Maluku Utara,2023,10,27.68,30.97,25.17,95.6,80.26,4.39,Open-Meteo ERA5,Oktober
Maluku Utara,2023,11,27.79,31.18,25.33,171.8,81.63,3.5,Open-Meteo ERA5,November
Maluku Utara,2023,12,28.02,31.59,25.65,146.5,80.71,3.87,Open-Meteo ERA5,Desember
Maluku Utara,2024,1,27.21,30.32,25.4,261.5,84.16,3.98,Open-Meteo ERA5,Januari
Maluku Utara,2024,2,27.61,30.99,25.47,84.6,82.41,4.54,Open-Meteo ERA5,Februari
Maluku Utara,2024,3,27.53,30.96,25.52,192.0,82.94,4.36,Open-Meteo ERA5,Maret
Maluku Utara,2024,4,27.71,31.18,25.58,162.2,83.43,3.52,Open-Meteo ERA5,April
Maluku Utara,2024,5,27.65,30.73,25.61,227.7,86.32,3.06,Open-Meteo ERA5,Mei
Maluku Utara,2024,6,26.6,29.41,24.81,478.4,88.77,2.76,Open-Meteo ERA5,Juni
Maluku Utara,2024,7,26.96,29.91,24.73,224.5,84.0,3.29,Open-Meteo ERA5,Juli
Maluku Utara,2024,8,26.33,29.29,24.32,411.3,87.74,2.89,Open-Meteo ERA5,Agustus
Maluku Utara,2024,9,27.5,30.79,25.29,138.8,81.63,4.17,Open-Meteo ERA5,September
Maluku Utara,2024,10,27.45,30.65,25.16,178.0,82.45,3.79,Open-Meteo ERA5,Oktober
Maluku Utara,2024,11,27.2,31.1,25.06,290.4,85.33,3.07,Open-Meteo ERA5,November
Maluku Utara,2024,12,26.99,30.24,25.09,338.3,87.35,3.5,Open-Meteo ERA5,Desember
Nusa Tenggara Barat,2015,1,25.86,28.06,24.32,245.5,87.9,4.99,Open-Meteo ERA5,Januari
Nusa Tenggara Barat,2015,2,26.11,28.5,24.4,238.6,87.54,3.43,Open-Meteo ERA5,Februari
Nusa Tenggara Barat,2015,3,26.51,29.06,24.56,168.1,85.94,3.72,Open-Meteo ERA5,Maret
Nusa Tenggara Barat,2015,4,26.6,29.04,24.94,289.4,87.63,3.41,Open-Meteo ERA5,April
Nusa Tenggara Barat,2015,5,26.44,29.73,23.66,29.4,80.58,4.68,Open-Meteo ERA5,Mei
Nusa Tenggara Barat,2015,6,26.55,30.48,23.54,1.4,74.43,6.07,Open-Meteo ERA5,Juni
Nusa Tenggara Barat,2015,7,26.25,30.85,22.48,0.0,71.61,5.71,Open-Meteo ERA5,Juli
Nusa Tenggara Barat,2015,8,26.15,31.06,22.28,0.2,70.74,6.03,Open-Meteo ERA5,Agustus
Nusa Tenggara Barat,2015,9,26.77,31.95,22.57,0.2,69.67,5.8,Open-Meteo ERA5,September
Nusa Tenggara Barat,2015,10,28.08,33.32,23.57,0.3,69.06,5.03,Open-Meteo ERA5,Oktober
Nusa Tenggara Barat,2015,11,28.11,31.78,25.32,55.3,78.2,4.18,Open-Meteo ERA5,November
Nusa Tenggara Barat,2015,12,26.74,29.14,25.08,210.8,87.29,3.84,Open-Meteo ERA5,Desember
Nusa Tenggara Barat,2016,1,27.17,29.59,25.26,228.1,86.45,3.47,Open-Meteo ERA5,Januari
Nusa Tenggara Barat,2016,2,26.57,28.78,25.06,528.5,89.14,3.5,Open-Meteo ERA5,Februari
Nusa Tenggara Barat,2016,3,27.42,29.86,25.62,190.3,86.77,2.83,Open-Meteo ERA5,Maret
Nusa Tenggara Barat,2016,4,27.65,30.47,25.45,154.7,84.47,3.28,Open-Meteo ERA5,April
Nusa Tenggara Barat,2016,5,27.67,30.5,25.41,90.5,83.9,3.7,Open-Meteo ERA5,Mei
Nusa Tenggara Barat,2016,6,26.9,29.7,24.61,97.5,84.03,4.1,Open-Meteo ERA5,Juni
Nusa Tenggara Barat,2016,7,26.32,29.22,24.18,115.8,84.45,4.33,Open-Meteo ERA5,Juli
Nusa Tenggara Barat,2016,8,26.18,29.5,23.6,32.3,80.68,4.83,Open-Meteo ERA5,Agustus
Nusa Tenggara Barat,2016,9,26.81,30.11,24.34,185.1,83.2,4.36,Open-Meteo ERA5,September
Nusa Tenggara Barat,2016,10,27.1,29.98,24.9,270.9,84.97,3.63,Open-Meteo ERA5,Oktober
Nusa Tenggara Barat,2016,11,27.19,29.98,25.27,241.3,86.27,3.44,Open-Meteo ERA5,November
Nusa Tenggara Barat,2016,12,26.26,28.45,24.87,370.6,89.0,4.6,Open-Meteo ERA5,Desember
Nusa Tenggara Barat,2017,1,26.39,28.8,24.6,356.0,87.84,4.22,Open-Meteo ERA5,Januari
Nusa Tenggara Barat,2017,2,26.2,28.68,24.22,289.4,86.93,4.34,Open-Meteo ERA5,Februari
Nusa Tenggara Barat,2017,3,26.6,29.22,24.39,259.6,87.23,3.72,Open-Meteo ERA5,Maret
Nusa Tenggara Barat,2017,4,26.57,29.79,23.99,161.9,84.5,3.82,Open-Meteo ERA5,April
Nusa Tenggara Barat,2017,5,26.78,30.52,24.29,103.2,80.58,4.5,Open-Meteo ERA5,Mei
Nusa Tenggara Barat,2017,6,26.11,29.62,23.8,94.3,81.7,4.39,Open-Meteo ERA5,Juni
Nusa Tenggara Barat,2017,7,25.79,29.58,23.27,24.1,78.32,5.45,Open-Meteo ERA5,Juli
Nusa Tenggara Barat,2017,8,26.1,30.57,23.05,8.7,73.39,5.66,Open-Meteo ERA5,Agustus
Nusa Tenggara Barat,2017,9,26.72,31.29,23.37,63.3,74.67,4.99,Open-Meteo ERA5,September
Nusa Tenggara Barat,2017,10,27.0,30.82,24.27,82.8,79.97,4.27,Open-Meteo ERA5,Oktober
Nusa Tenggara Barat,2017,11,26.83,29.99,24.63,280.7,85.83,3.52,Open-Meteo ERA5,November
Nusa Tenggara Barat,2017,12,26.35,28.75,24.48,448.5,87.74,4.25,Open-Meteo ERA5,Desember
Nusa Tenggara Barat,2018,1,26.15,28.46,24.39,372.1,87.68,4.56,Open-Meteo ERA5,Januari
Nusa Tenggara Barat,2018,2,26.1,28.42,24.27,327.3,87.75,3.97,Open-Meteo ERA5,Februari
Nusa Tenggara Barat,2018,3,26.4,29.1,24.0,163.8,86.87,3.87,Open-Meteo ERA5,Maret
Nusa Tenggara Barat,2018,4,27.0,30.77,24.06,99.8,83.0,3.45,Open-Meteo ERA5,April
Nusa Tenggara Barat,2018,5,27.15,31.62,24.02,11.6,74.87,5.14,Open-Meteo ERA5,Mei
Nusa Tenggara Barat,2018,6,26.52,30.73,23.52,20.6,75.67,5.59,Open-Meteo ERA5,Juni
Nusa Tenggara Barat,2018,7,25.87,30.36,22.68,11.7,73.03,5.8,Open-Meteo ERA5,Juli
Nusa Tenggara Barat,2018,8,25.51,30.04,22.24,27.2,74.39,5.3,Open-Meteo ERA5,Agustus
Nusa Tenggara Barat,2018,9,26.43,31.17,22.91,33.4,74.3,4.66,Open-Meteo ERA5,September
Nusa Tenggara Barat,2018,10,27.51,32.14,23.78,29.3,73.06,4.86,Open-Meteo ERA5,Oktober
Nusa Tenggara Barat,2018,11,26.94,30.48,24.48,207.5,84.73,3.77,Open-Meteo ERA5,November
Nusa Tenggara Barat,2018,12,26.66,29.26,24.65,262.6,86.65,4.07,Open-Meteo ERA5,Desember
Nusa Tenggara Barat,2019,1,26.53,28.81,24.69,285.2,87.61,4.6,Open-Meteo ERA5,Januari
Nusa Tenggara Barat,2019,2,26.64,29.3,24.46,145.4,87.61,3.77,Open-Meteo ERA5,Februari
Nusa Tenggara Barat,2019,3,26.38,29.12,24.34,308.3,88.42,3.99,Open-Meteo ERA5,Maret
Nusa Tenggara Barat,2019,4,26.72,30.05,24.35,251.6,86.53,3.61,Open-Meteo ERA5,April
Nusa Tenggara Barat,2019,5,26.51,30.3,23.82,46.7,81.03,4.78,Open-Meteo ERA5,Mei
Nusa Tenggara Barat,2019,6,25.82,30.21,22.83,17.2,77.67,5.35,Open-Meteo ERA5,Juni
Nusa Tenggara Barat,2019,7,25.58,30.43,22.13,10.4,74.61,5.39,Open-Meteo ERA5,Juli
Nusa Tenggara Barat,2019,8,25.62,30.36,22.12,5.1,73.03,5.7,Open-Meteo ERA5,Agustus
Nusa Tenggara Barat,2019,9,26.27,31.54,22.61,12.0,72.6,5.9,Open-Meteo ERA5,September
Nusa Tenggara Barat,2019,10,27.61,32.62,23.56,40.7,73.58,4.93,Open-Meteo ERA5,Oktober
Nusa Tenggara Barat,2019,11,27.94,32.06,24.45,101.2,77.73,4.18,Open-Meteo ERA5,November
Nusa Tenggara Barat,2019,12,27.37,30.75,24.83,199.0,85.35,3.71,Open-Meteo ERA5,Desember
Nusa Tenggara Barat,2020,1,27.15,29.74,24.92,179.1,86.26,4.57,Open-Meteo ERA5,Januari
Nusa Tenggara Barat,2020,2,27.0,29.42,24.99,225.6,87.1,4.48,Open-Meteo ERA5,Februari
Nusa Tenggara Barat,2020,3,26.86,29.87,24.57,241.2,87.9,3.38,Open-Meteo ERA5,Maret
Nusa Tenggara Barat,2020,4,26.89,30.49,24.13,234.9,85.93,3.3,Open-Meteo ERA5,April
Nusa Tenggara Barat,2020,5,27.04,30.6,24.48,187.3,83.87,3.8,Open-Meteo ERA5,Mei
Nusa Tenggara Barat,2020,6,26.1,29.51,23.47,17.0,81.33,4.96,Open-Meteo ERA5,Juni
Nusa Tenggara Barat,2020,7,25.96,30.11,22.99,12.9,75.81,5.47,Open-Meteo ERA5,Juli
Nusa Tenggara Barat,2020,8,25.94,30.38,22.73,53.4,78.06,4.99,Open-Meteo ERA5,Agustus
Nusa Tenggara Barat,2020,9,27.06,31.97,23.59,44.3,76.1,4.96,Open-Meteo ERA5,September
Nusa Tenggara Barat,2020,10,27.0,31.13,24.12,184.2,80.19,4.3,Open-Meteo ERA5,Oktober
Nusa Tenggara Barat,2020,11,27.0,30.32,24.57,217.6,85.93,3.36,Open-Meteo ERA5,November
Nusa Tenggara Barat,2020,12,26.29,28.6,24.41,279.7,87.52,4.35,Open-Meteo ERA5,Desember
Nusa Tenggara Barat,2021,1,26.05,28.23,24.43,446.4,89.39,3.82,Open-Meteo ERA5,Januari
Nusa Tenggara Barat,2021,2,26.16,28.44,24.32,286.9,87.86,4.5,Open-Meteo ERA5,Februari
Nusa Tenggara Barat,2021,3,26.25,28.96,24.02,224.3,87.74,3.74,Open-Meteo ERA5,Maret
Nusa Tenggara Barat,2021,4,26.44,30.03,23.42,54.6,83.43,3.59,Open-Meteo ERA5,April
Nusa Tenggara Barat,2021,5,27.02,31.21,23.81,33.9,79.52,4.2,Open-Meteo ERA5,Mei
Nusa Tenggara Barat,2021,6,26.51,30.63,23.52,118.2,82.57,3.75,Open-Meteo ERA5,Juni
Nusa Tenggara Barat,2021,7,26.14,30.64,22.92,17.8,76.23,5.19,Open-Meteo ERA5,Juli
Nusa Tenggara Barat,2021,8,26.54,30.94,23.35,39.3,76.68,5.24,Open-Meteo ERA5,Agustus
Nusa Tenggara Barat,2021,9,26.65,30.73,23.72,76.8,77.73,4.77,Open-Meteo ERA5,September
Nusa Tenggara Barat,2021,10,26.94,31.15,23.75,98.6,78.26,4.37,Open-Meteo ERA5,Oktober
Nusa Tenggara Barat,2021,11,26.16,29.33,24.01,311.1,87.97,3.36,Open-Meteo ERA5,November
Nusa Tenggara Barat,2021,12,26.45,29.34,24.14,322.2,87.61,3.98,Open-Meteo ERA5,Desember
Nusa Tenggara Barat,2022,1,26.23,28.66,24.29,278.8,86.61,4.44,Open-Meteo ERA5,Januari
Nusa Tenggara Barat,2022,2,26.11,29.01,23.9,246.9,87.04,4.25,Open-Meteo ERA5,Februari
Nusa Tenggara Barat,2022,3,26.56,29.6,24.21,211.5,86.65,4.22,Open-Meteo ERA5,Maret
Nusa Tenggara Barat,2022,4,26.55,30.31,23.59,129.4,85.1,3.3,Open-Meteo ERA5,April
Nusa Tenggara Barat,2022,5,26.72,30.47,23.87,122.9,84.84,3.5,Open-Meteo ERA5,Mei
Nusa Tenggara Barat,2022,6,26.24,29.8,23.7,113.0,82.23,4.1,Open-Meteo ERA5,Juni
Nusa Tenggara Barat,2022,7,25.64,29.71,22.7,36.2,77.42,5.01,Open-Meteo ERA5,Juli
Nusa Tenggara Barat,2022,8,26.05,30.35,22.97,57.2,77.13,4.97,Open-Meteo ERA5,Agustus
Nusa Tenggara Barat,2022,9,26.51,30.82,23.43,83.8,78.77,4.44,Open-Meteo ERA5,September
Nusa Tenggara Barat,2022,10,26.18,29.86,23.63,204.7,84.48,4.05,Open-Meteo ERA5,Oktober
Nusa Tenggara Barat,2022,11,26.21,29.48,23.85,335.5,87.57,3.52,Open-Meteo ERA5,November
Nusa Tenggara Barat,2022,12,26.17,29.11,23.94,462.2,85.74,4.3,Open-Meteo ERA5,Desember
Nusa Tenggara Barat,2023,1,26.14,28.7,23.87,249.6,86.29,4.56,Open-Meteo ERA5,Januari
Nusa Tenggara Barat,2023,2,25.93,28.29,24.21,401.0,87.71,5.21,Open-Meteo ERA5,Februari
Nusa Tenggara Barat,2023,3,26.27,29.62,23.69,182.6,86.13,3.88,Open-Meteo ERA5,Maret
Nusa Tenggara Barat,2023,4,26.29,29.41,23.95,259.2,86.83,3.51,Open-Meteo ERA5,April
Nusa Tenggara Barat,2023,5,26.35,30.36,23.36,35.8,79.42,4.65,Open-Meteo ERA5,Mei
Nusa Tenggara Barat,2023,6,26.31,30.68,22.99,22.1,77.93,4.47,Open-Meteo ERA5,Juni
Nusa Tenggara Barat,2023,7,25.9,30.22,22.69,21.3,73.87,5.65,Open-Meteo ERA5,Juli
Nusa Tenggara Barat,2023,8,26.01,31.62,21.71,5.9,71.87,5.61,Open-Meteo ERA5,Agustus
Nusa Tenggara Barat,2023,9,26.56,32.32,22.19,20.7,71.33,5.55,Open-Meteo ERA5,September
Nusa Tenggara Barat,2023,10,28.02,33.51,23.65,84.6,73.84,4.67,Open-Meteo ERA5,Oktober
Nusa Tenggara Barat,2023,11,27.98,32.92,24.27,110.6,76.73,4.03,Open-Meteo ERA5,November
Nusa Tenggara Barat,2023,12,27.31,31.41,24.13,126.6,79.55,4.0,Open-Meteo ERA5,Desember
Nusa Tenggara Barat,2024,1,27.16,30.42,24.42,182.5,83.61,4.61,Open-Meteo ERA5,Januari
Nusa Tenggara Barat,2024,2,26.94,30.38,24.03,197.4,85.24,4.12,Open-Meteo ERA5,Februari
Nusa Tenggara Barat,2024,3,27.21,30.66,24.54,183.8,82.71,4.84,Open-Meteo ERA5,Maret
Nusa Tenggara Barat,2024,4,27.13,30.94,24.47,184.0,84.93,3.82,Open-Meteo ERA5,April
Nusa Tenggara Barat,2024,5,27.61,32.06,24.32,33.4,77.16,4.64,Open-Meteo ERA5,Mei
Nusa Tenggara Barat,2024,6,26.81,31.36,23.58,44.9,76.37,5.05,Open-Meteo ERA5,Juni
Nusa Tenggara Barat,2024,7,25.98,30.82,22.69,62.3,74.65,5.44,Open-Meteo ERA5,Juli
Nusa Tenggara Barat,2024,8,26.13,31.05,22.58,11.7,74.19,5.34,Open-Meteo ERA5,Agustus
Nusa Tenggara Barat,2024,9,27.21,32.44,23.05,59.0,73.77,4.84,Open-Meteo ERA5,September
Nusa Tenggara Barat,2024,10,28.12,33.44,24.17,51.7,72.16,4.84,Open-Meteo ERA5,Oktober
Nusa Tenggara Barat,2024,11,27.1,31.92,23.5,254.1,81.53,3.68,Open-Meteo ERA5,November
Nusa Tenggara Barat,2024,12,26.14,29.27,24.01,402.4,89.13,4.01,Open-Meteo ERA5,Desember
Nusa Tenggara Timur,2015,1,26.31,28.69,24.55,275.0,87.06,5.19,Open-Meteo ERA5,Januari
Nusa Tenggara Timur,2015,2,26.31,29.09,24.37,204.7,87.57,4.04,Open-Meteo ERA5,Februari
Nusa Tenggara Timur,2015,3,26.73,29.63,24.48,135.0,86.03,3.82,Open-Meteo ERA5,Maret
Nusa Tenggara Timur,2015,4,27.29,30.63,24.76,37.6,80.13,3.76,Open-Meteo ERA5,April
Nusa Tenggara Timur,2015,5,26.6,30.16,23.93,11.3,73.0,5.5,Open-Meteo ERA5,Mei
Nusa Tenggara Timur,2015,6,26.37,29.91,23.83,1.0,69.17,6.58,Open-Meteo ERA5,Juni
Nusa Tenggara Timur,2015,7,25.69,29.67,22.83,1.3,67.26,5.7,Open-Meteo ERA5,Juli
Nusa Tenggara Timur,2015,8,25.71,30.16,22.27,0.1,66.29,5.58,Open-Meteo ERA5,Agustus
Nusa Tenggara Timur,2015,9,26.66,31.81,22.56,0.4,66.0,5.28,Open-Meteo ERA5,September
Nusa Tenggara Timur,2015,10,27.68,32.95,23.4,1.9,64.71,4.48,Open-Meteo ERA5,Oktober
Nusa Tenggara Timur,2015,11,29.32,34.16,25.56,6.2,69.47,3.33,Open-Meteo ERA5,November
Nusa Tenggara Timur,2015,12,27.88,31.18,25.53,135.3,80.68,4.1,Open-Meteo ERA5,Desember
Nusa Tenggara Timur,2016,1,27.96,31.35,25.44,174.2,80.42,3.64,Open-Meteo ERA5,Januari
Nusa Tenggara Timur,2016,2,27.19,30.09,25.14,224.3,86.72,3.55,Open-Meteo ERA5,Februari
Nusa Tenggara Timur,2016,3,27.68,30.73,25.46,124.3,86.0,3.29,Open-Meteo ERA5,Maret
Nusa Tenggara Timur,2016,4,28.36,31.96,25.45,6.5,75.93,4.2,Open-Meteo ERA5,April
Nusa Tenggara Timur,2016,5,27.8,31.29,25.35,27.5,78.26,4.18,Open-Meteo ERA5,Mei
Nusa Tenggara Timur,2016,6,27.47,31.21,24.77,18.5,73.53,5.26,Open-Meteo ERA5,Juni
Nusa Tenggara Timur,2016,7,26.54,30.23,23.92,10.6,70.94,6.36,Open-Meteo ERA5,Juli
Nusa Tenggara Timur,2016,8,26.81,31.28,23.36,2.8,66.52,5.17,Open-Meteo ERA5,Agustus
Nusa Tenggara Timur,2016,9,27.75,32.16,24.51,29.2,73.4,3.87,Open-Meteo ERA5,September
Nusa Tenggara Timur,2016,10,28.68,33.27,25.04,7.0,69.9,4.5,Open-Meteo ERA5,Oktober
Nusa Tenggara Timur,2016,11,29.75,34.43,26.24,14.4,68.57,3.77,Open-Meteo ERA5,November
Nusa Tenggara Timur,2016,12,27.3,30.25,25.3,331.2,84.55,4.24,Open-Meteo ERA5,Desember
Nusa Tenggara Timur,2017,1,26.53,28.44,24.84,296.6,84.55,5.2,Open-Meteo ERA5,Januari
Nusa Tenggara Timur,2017,2,26.14,28.58,24.1,344.9,85.54,4.93,Open-Meteo ERA5,Februari
Nusa Tenggara Timur,2017,3,26.33,28.57,24.5,290.0,87.32,3.89,Open-Meteo ERA5,Maret
Nusa Tenggara Timur,2017,4,26.55,29.8,24.26,83.1,81.53,4.18,Open-Meteo ERA5,April
Nusa Tenggara Timur,2017,5,26.81,30.67,24.31,3.7,72.13,6.24,Open-Meteo ERA5,Mei
Nusa Tenggara Timur,2017,6,26.14,30.14,23.7,0.8,67.37,7.27,Open-Meteo ERA5,Juni
Nusa Tenggara Timur,2017,7,26.16,30.85,23.35,2.1,68.52,6.77,Open-Meteo ERA5,Juli
Nusa Tenggara Timur,2017,8,26.17,31.37,22.88,0.2,64.48,7.53,Open-Meteo ERA5,Agustus
Nusa Tenggara Timur,2017,9,26.99,32.39,23.4,1.5,66.8,6.52,Open-Meteo ERA5,September
Nusa Tenggara Timur,2017,10,27.78,31.84,24.8,53.3,75.35,4.65,Open-Meteo ERA5,Oktober
Nusa Tenggara Timur,2017,11,27.56,31.04,25.18,274.0,80.07,3.59,Open-Meteo ERA5,November
Nusa Tenggara Timur,2017,12,26.74,29.12,24.77,275.7,85.81,3.69,Open-Meteo ERA5,Desember
Nusa Tenggara Timur,2018,1,25.85,27.95,24.26,646.6,89.03,5.19,Open-Meteo ERA5,Januari
Nusa Tenggara Timur,2018,2,26.33,28.65,24.5,200.4,85.25,4.8,Open-Meteo ERA5,Februari
Nusa Tenggara Timur,2018,3,26.58,29.14,24.4,120.8,85.1,3.94,Open-Meteo ERA5,Maret
Nusa Tenggara Timur,2018,4,27.04,30.85,24.45,34.9,78.4,4.44,Open-Meteo ERA5,April
Nusa Tenggara Timur,2018,5,26.9,30.7,24.48,5.4,67.97,7.02,Open-Meteo ERA5,Mei
Nusa Tenggara Timur,2018,6,25.98,30.03,23.4,1.3,68.03,7.07,Open-Meteo ERA5,Juni
Nusa Tenggara Timur,2018,7,25.5,29.97,22.55,2.0,67.35,6.47,Open-Meteo ERA5,Juli
Nusa Tenggara Timur,2018,8,25.65,30.05,22.54,8.5,68.13,6.1,Open-Meteo ERA5,Agustus
Nusa Tenggara Timur,2018,9,26.68,32.09,22.91,6.0,67.63,6.04,Open-Meteo ERA5,September
Nusa Tenggara Timur,2018,10,27.36,31.8,23.83,6.2,70.74,5.28,Open-Meteo ERA5,Oktober
Nusa Tenggara Timur,2018,11,27.65,31.1,25.03,151.6,79.5,3.81,Open-Meteo ERA5,November
Nusa Tenggara Timur,2018,12,27.33,29.61,25.44,196.3,82.48,4.52,Open-Meteo ERA5,Desember
Nusa Tenggara Timur,2019,1,26.32,28.49,24.65,369.7,88.58,4.76,Open-Meteo ERA5,Januari
Nusa Tenggara Timur,2019,2,26.48,28.61,24.56,165.6,87.21,4.42,Open-Meteo ERA5,Februari
Nusa Tenggara Timur,2019,3,26.4,28.89,24.61,244.7,87.26,4.12,Open-Meteo ERA5,Maret
Nusa Tenggara Timur,2019,4,26.85,30.3,24.43,58.4,78.37,4.98,Open-Meteo ERA5,April
Nusa Tenggara Timur,2019,5,26.47,30.2,24.06,31.0,73.61,6.65,Open-Meteo ERA5,Mei
Nusa Tenggara Timur,2019,6,25.32,29.34,22.6,0.5,67.93,7.59,Open-Meteo ERA5,Juni
Nusa Tenggara Timur,2019,7,24.96,29.81,21.78,0.0,65.84,7.47,Open-Meteo ERA5,Juli
Nusa Tenggara Timur,2019,8,25.28,30.47,21.75,4.7,64.74,6.82,Open-Meteo ERA5,Agustus
Nusa Tenggara Timur,2019,9,25.64,31.04,21.79,1.1,65.43,6.63,Open-Meteo ERA5,September
Nusa Tenggara Timur,2019,10,27.23,32.7,23.01,8.9,65.97,5.95,Open-Meteo ERA5,Oktober
Nusa Tenggara Timur,2019,11,28.31,32.74,24.51,38.7,72.4,4.43,Open-Meteo ERA5,November
Nusa Tenggara Timur,2019,12,28.16,31.32,25.52,123.8,81.35,4.02,Open-Meteo ERA5,Desember
Nusa Tenggara Timur,2020,1,26.7,28.71,25.01,254.4,87.39,5.01,Open-Meteo ERA5,Januari
Nusa Tenggara Timur,2020,2,26.73,28.72,25.12,216.0,87.34,4.9,Open-Meteo ERA5,Februari
Nusa Tenggara Timur,2020,3,26.85,29.71,24.72,170.3,85.26,3.71,Open-Meteo ERA5,Maret
Nusa Tenggara Timur,2020,4,27.05,30.69,24.6,66.5,80.87,4.43,Open-Meteo ERA5,April
Nusa Tenggara Timur,2020,5,26.74,30.14,24.38,58.8,75.65,6.56,Open-Meteo ERA5,Mei
Nusa Tenggara Timur,2020,6,26.13,30.2,23.6,4.7,71.37,6.97,Open-Meteo ERA5,Juni
Nusa Tenggara Timur,2020,7,25.67,30.21,22.75,1.0,66.32,7.55,Open-Meteo ERA5,Juli
Nusa Tenggara Timur,2020,8,26.25,31.61,22.62,0.3,66.39,6.91,Open-Meteo ERA5,Agustus
Nusa Tenggara Timur,2020,9,27.37,32.99,23.52,5.7,66.9,7.45,Open-Meteo ERA5,September
Nusa Tenggara Timur,2020,10,27.99,32.81,24.52,30.4,70.52,5.32,Open-Meteo ERA5,Oktober
Nusa Tenggara Timur,2020,11,28.61,33.03,25.32,84.0,74.03,4.46,Open-Meteo ERA5,November
Nusa Tenggara Timur,2020,12,26.51,28.88,24.62,270.6,85.87,4.69,Open-Meteo ERA5,Desember
Nusa Tenggara Timur,2021,1,26.21,28.2,24.77,445.2,88.87,4.67,Open-Meteo ERA5,Januari
Nusa Tenggara Timur,2021,2,25.83,27.85,24.32,461.1,89.18,5.16,Open-Meteo ERA5,Februari
Nusa Tenggara Timur,2021,3,26.08,28.47,24.2,238.9,87.9,3.92,Open-Meteo ERA5,Maret
Nusa Tenggara Timur,2021,4,26.17,29.52,23.64,627.6,80.93,5.26,Open-Meteo ERA5,April
Nusa Tenggara Timur,2021,5,26.77,30.92,24.05,4.6,70.45,6.39,Open-Meteo ERA5,Mei
Nusa Tenggara Timur,2021,6,26.39,30.7,23.61,20.8,72.83,5.75,Open-Meteo ERA5,Juni
Nusa Tenggara Timur,2021,7,26.13,31.17,22.82,1.4,68.32,6.55,Open-Meteo ERA5,Juli
Nusa Tenggara Timur,2021,8,26.72,31.86,23.41,2.9,67.03,7.56,Open-Meteo ERA5,Agustus
Nusa Tenggara Timur,2021,9,27.3,32.32,23.95,3.2,68.17,7.07,Open-Meteo ERA5,September
Nusa Tenggara Timur,2021,10,27.88,32.36,24.5,53.1,74.03,5.07,Open-Meteo ERA5,Oktober
Nusa Tenggara Timur,2021,11,27.29,30.73,24.73,234.8,80.97,3.67,Open-Meteo ERA5,November
Nusa Tenggara Timur,2021,12,26.92,29.58,24.76,255.2,84.55,4.23,Open-Meteo ERA5,Desember
Nusa Tenggara Timur,2022,1,26.19,28.21,24.29,391.6,85.81,5.74,Open-Meteo ERA5,Januari
Nusa Tenggara Timur,2022,2,25.7,28.16,23.78,469.9,87.89,4.57,Open-Meteo ERA5,Februari
Nusa Tenggara Timur,2022,3,26.61,29.74,24.34,226.7,85.29,3.84,Open-Meteo ERA5,Maret
Nusa Tenggara Timur,2022,4,27.08,31.02,24.3,72.7,79.93,3.96,Open-Meteo ERA5,April
Nusa Tenggara Timur,2022,5,27.37,31.38,24.61,22.4,73.29,5.33,Open-Meteo ERA5,Mei
Nusa Tenggara Timur,2022,6,26.78,30.71,24.23,65.4,70.83,6.09,Open-Meteo ERA5,Juni
Nusa Tenggara Timur,2022,7,25.08,29.16,22.38,0.7,67.65,6.62,Open-Meteo ERA5,Juli
Nusa Tenggara Timur,2022,8,26.26,31.48,22.92,22.6,66.03,6.6,Open-Meteo ERA5,Agustus
Nusa Tenggara Timur,2022,9,27.29,32.23,23.83,44.7,72.67,5.28,Open-Meteo ERA5,September
Nusa Tenggara Timur,2022,10,27.49,31.42,24.71,130.0,78.45,4.4,Open-Meteo ERA5,Oktober
Nusa Tenggara Timur,2022,11,27.02,30.52,24.66,181.9,81.93,3.69,Open-Meteo ERA5,November
Nusa Tenggara Timur,2022,12,27.05,30.04,24.55,243.8,80.48,4.59,Open-Meteo ERA5,Desember
Nusa Tenggara Timur,2023,1,26.25,28.44,24.39,266.1,84.23,5.45,Open-Meteo ERA5,Januari
Nusa Tenggara Timur,2023,2,25.5,27.61,23.91,456.3,89.0,5.61,Open-Meteo ERA5,Februari
Nusa Tenggara Timur,2023,3,26.3,29.23,23.99,168.9,84.58,4.1,Open-Meteo ERA5,Maret
Nusa Tenggara Timur,2023,4,26.29,29.5,24.12,124.8,82.73,4.62,Open-Meteo ERA5,April
Nusa Tenggara Timur,2023,5,26.2,29.82,23.58,6.9,70.81,6.19,Open-Meteo ERA5,Mei
Nusa Tenggara Timur,2023,6,26.07,30.44,23.26,13.9,71.83,5.63,Open-Meteo ERA5,Juni
Nusa Tenggara Timur,2023,7,25.73,29.87,23.03,24.2,69.23,6.53,Open-Meteo ERA5,Juli
Nusa Tenggara Timur,2023,8,26.07,31.53,22.54,1.3,61.68,7.78,Open-Meteo ERA5,Agustus
Nusa Tenggara Timur,2023,9,26.62,32.63,22.4,3.6,61.9,6.79,Open-Meteo ERA5,September
Nusa Tenggara Timur,2023,10,28.01,33.28,23.86,22.4,66.68,5.88,Open-Meteo ERA5,Oktober
Nusa Tenggara Timur,2023,11,28.51,32.95,24.66,67.1,72.4,4.18,Open-Meteo ERA5,November
Nusa Tenggara Timur,2023,12,28.27,31.61,25.6,86.0,77.23,3.96,Open-Meteo ERA5,Desember
Nusa Tenggara Timur,2024,1,27.62,30.34,25.19,197.0,80.71,5.7,Open-Meteo ERA5,Januari
Nusa Tenggara Timur,2024,2,27.08,29.31,25.16,112.0,84.41,4.78,Open-Meteo ERA5,Februari
Nusa Tenggara Timur,2024,3,26.86,29.22,24.99,310.2,85.81,4.58,Open-Meteo ERA5,Maret
Nusa Tenggara Timur,2024,4,27.21,30.8,24.89,75.3,77.57,5.25,Open-Meteo ERA5,April
Nusa Tenggara Timur,2024,5,27.6,31.77,24.93,13.7,70.39,6.6,Open-Meteo ERA5,Mei
Nusa Tenggara Timur,2024,6,26.33,30.58,23.58,1.5,68.1,6.45,Open-Meteo ERA5,Juni
Nusa Tenggara Timur,2024,7,25.74,30.24,22.82,19.4,66.03,7.24,Open-Meteo ERA5,Juli
Nusa Tenggara Timur,2024,8,26.25,31.7,22.57,0.9,65.39,6.61,Open-Meteo ERA5,Agustus
Nusa Tenggara Timur,2024,9,27.25,32.46,23.69,36.6,68.67,6.05,Open-Meteo ERA5,September
Nusa Tenggara Timur,2024,10,28.47,33.58,24.59,53.1,68.23,5.59,Open-Meteo ERA5,Oktober
Nusa Tenggara Timur,2024,11,28.42,32.46,25.41,154.2,74.17,4.25,Open-Meteo ERA5,November
Nusa Tenggara Timur,2024,12,26.87,29.04,25.26,276.9,85.81,3.97,Open-Meteo ERA5,Desember
Papua,2015,1,26.2,29.19,24.06,228.3,88.42,5.47,Open-Meteo ERA5,Januari
Papua,2015,2,25.96,28.71,23.88,242.5,87.68,5.78,Open-Meteo ERA5,Februari
Papua,2015,3,26.0,28.78,24.06,183.7,87.35,6.07,Open-Meteo ERA5,Maret
Papua,2015,4,26.29,29.33,24.04,167.6,88.3,4.22,Open-Meteo ERA5,April
Papua,2015,5,26.2,29.25,23.88,182.1,89.68,3.38,Open-Meteo ERA5,Mei
Papua,2015,6,25.83,28.69,23.72,218.4,90.63,3.61,Open-Meteo ERA5,Juni
Papua,2015,7,25.95,29.1,23.53,137.3,87.9,3.43,Open-Meteo ERA5,Juli
Papua,2015,8,26.02,29.29,23.44,240.7,87.13,3.64,Open-Meteo ERA5,Agustus
Papua,2015,9,26.44,29.85,23.79,105.9,86.37,3.52,Open-Meteo ERA5,September
Papua,2015,10,26.51,29.76,23.95,142.4,86.29,4.01,Open-Meteo ERA5,Oktober
Papua,2015,11,26.35,29.52,23.83,214.8,89.27,4.07,Open-Meteo ERA5,November
Papua,2015,12,26.35,28.98,24.26,211.7,89.13,4.62,Open-Meteo ERA5,Desember
Papua,2016,1,26.18,29.1,23.87,261.3,89.65,4.46,Open-Meteo ERA5,Januari
Papua,2016,2,26.22,29.01,24.25,287.3,88.48,5.0,Open-Meteo ERA5,Februari
Papua,2016,3,26.23,29.01,24.26,377.2,90.71,4.59,Open-Meteo ERA5,Maret
Papua,2016,4,26.24,28.97,24.08,381.9,91.37,3.83,Open-Meteo ERA5,April
Papua,2016,5,26.66,29.75,24.31,168.3,89.26,3.61,Open-Meteo ERA5,Mei
Papua,2016,6,25.89,28.82,23.78,265.2,91.47,3.52,Open-Meteo ERA5,Juni
Papua,2016,7,25.7,28.6,23.45,245.1,91.03,3.39,Open-Meteo ERA5,Juli
Papua,2016,8,26.5,29.66,23.96,155.8,87.81,3.75,Open-Meteo ERA5,Agustus
Papua,2016,9,25.91,28.95,23.63,462.4,90.6,3.44,Open-Meteo ERA5,September
Papua,2016,10,26.08,29.24,23.73,277.6,90.94,3.44,Open-Meteo ERA5,Oktober
Papua,2016,11,26.37,29.53,24.01,285.4,90.1,3.91,Open-Meteo ERA5,November
Papua,2016,12,26.15,29.04,24.06,391.0,91.35,4.35,Open-Meteo ERA5,Desember
Papua,2017,1,27.07,29.96,24.64,509.2,89.65,2.59,Open-Meteo ERA5,Januari
Papua,2017,2,27.02,29.85,24.57,454.1,90.39,2.36,Open-Meteo ERA5,Februari
Papua,2017,3,26.73,29.64,24.33,476.1,89.52,2.51,Open-Meteo ERA5,Maret
Papua,2017,4,26.79,29.78,24.5,509.5,90.83,2.35,Open-Meteo ERA5,April
Papua,2017,5,26.87,29.77,24.72,462.5,90.42,2.74,Open-Meteo ERA5,Mei
Papua,2017,6,26.36,29.14,24.2,563.1,90.63,2.99,Open-Meteo ERA5,Juni
Papua,2017,7,26.15,28.98,24.08,575.9,90.71,2.96,Open-Meteo ERA5,Juli
Papua,2017,8,26.35,29.18,24.13,343.9,89.55,3.17,Open-Meteo ERA5,Agustus
Papua,2017,9,26.81,30.09,24.26,363.2,88.1,3.31,Open-Meteo ERA5,September
Papua,2017,10,26.84,30.1,24.43,426.7,89.48,3.01,Open-Meteo ERA5,Oktober
Papua,2017,11,26.83,29.89,24.52,804.1,90.43,2.37,Open-Meteo ERA5,November
Papua,2017,12,27.03,30.39,24.52,512.3,90.52,2.23,Open-Meteo ERA5,Desember
Papua,2018,1,27.06,30.37,24.53,294.8,87.65,2.8,Open-Meteo ERA5,Januari
Papua,2018,2,26.86,29.75,24.49,505.4,89.93,2.24,Open-Meteo ERA5,Februari
Papua,2018,3,26.85,30.04,24.27,556.9,90.16,2.49,Open-Meteo ERA5,Maret
Papua,2018,4,26.84,29.78,24.4,466.5,90.0,2.45,Open-Meteo ERA5,April
Papua,2018,5,26.74,29.74,24.41,405.1,89.61,2.94,Open-Meteo ERA5,Mei
Papua,2018,6,26.34,29.28,23.82,401.9,90.4,3.1,Open-Meteo ERA5,Juni
Papua,2018,7,26.5,29.48,24.19,500.0,89.58,2.72,Open-Meteo ERA5,Juli
Papua,2018,8,26.32,29.62,23.86,516.5,90.61,2.78,Open-Meteo ERA5,Agustus
Papua,2018,9,26.4,29.71,24.04,460.8,89.67,2.82,Open-Meteo ERA5,September
Papua,2018,10,26.52,29.57,24.18,429.1,90.52,2.77,Open-Meteo ERA5,Oktober
Papua,2018,11,26.55,29.55,24.28,665.4,93.07,2.31,Open-Meteo ERA5,November
Papua,2018,12,27.0,29.86,24.5,645.6,91.71,2.32,Open-Meteo ERA5,Desember
Papua,2019,1,27.18,30.49,24.54,492.7,89.74,2.47,Open-Meteo ERA5,Januari
Papua,2019,2,26.87,29.92,24.32,357.8,88.54,2.75,Open-Meteo ERA5,Februari
Papua,2019,3,26.6,29.5,24.02,689.8,91.16,2.19,Open-Meteo ERA5,Maret
Papua,2019,4,26.82,29.59,24.4,519.5,91.33,2.44,Open-Meteo ERA5,April
Papua,2019,5,26.59,29.25,24.0,455.2,91.26,2.23,Open-Meteo ERA5,Mei
Papua,2019,6,26.46,28.9,24.32,420.6,91.57,2.6,Open-Meteo ERA5,Juni
Papua,2019,7,26.16,28.92,23.87,345.4,90.32,2.78,Open-Meteo ERA5,Juli
Papua,2019,8,26.34,29.06,24.07,476.5,91.03,3.12,Open-Meteo ERA5,Agustus
Papua,2019,9,26.56,29.71,24.13,330.8,89.2,3.32,Open-Meteo ERA5,September
Papua,2019,10,26.55,29.74,24.19,454.0,89.97,3.08,Open-Meteo ERA5,Oktober
Papua,2019,11,26.84,30.08,24.37,498.5,91.1,2.29,Open-Meteo ERA5,November
Papua,2019,12,26.99,29.97,24.62,632.7,91.52,2.45,Open-Meteo ERA5,Desember
Papua,2020,1,27.41,30.31,25.03,690.5,90.32,2.61,Open-Meteo ERA5,Januari
Papua,2020,2,27.48,30.47,24.99,387.6,88.48,2.87,Open-Meteo ERA5,Februari
Papua,2020,3,27.09,29.94,24.86,815.8,91.19,2.64,Open-Meteo ERA5,Maret
Papua,2020,4,26.72,29.88,24.53,713.9,91.97,2.69,Open-Meteo ERA5,April
Papua,2020,5,27.26,30.26,25.12,558.3,90.45,3.04,Open-Meteo ERA5,Mei
Papua,2020,6,26.81,29.88,24.52,331.8,89.97,3.02,Open-Meteo ERA5,Juni
Papua,2020,7,26.77,29.82,24.34,307.9,88.61,3.43,Open-Meteo ERA5,Juli
Papua,2020,8,26.64,29.81,24.29,484.7,89.84,3.12,Open-Meteo ERA5,Agustus
Papua,2020,9,26.9,30.26,24.5,335.3,89.3,3.29,Open-Meteo ERA5,September
Papua,2020,10,26.93,29.98,24.55,457.6,89.03,3.17,Open-Meteo ERA5,Oktober
Papua,2020,11,27.03,30.11,24.62,781.5,89.7,2.93,Open-Meteo ERA5,November
Papua,2020,12,26.77,29.45,24.36,736.6,91.23,2.65,Open-Meteo ERA5,Desember
Papua,2021,1,27.03,29.9,24.62,545.2,89.19,2.92,Open-Meteo ERA5,Januari
Papua,2021,2,26.62,29.57,24.4,657.1,91.96,2.24,Open-Meteo ERA5,Februari
Papua,2021,3,26.63,29.69,24.23,548.9,89.97,2.91,Open-Meteo ERA5,Maret
Papua,2021,4,26.88,29.94,24.41,491.5,90.3,2.57,Open-Meteo ERA5,April
Papua,2021,5,26.85,29.63,24.67,717.9,90.87,2.8,Open-Meteo ERA5,Mei
Papua,2021,6,26.41,29.4,24.1,317.1,89.73,3.04,Open-Meteo ERA5,Juni
Papua,2021,7,26.43,29.32,24.29,611.5,90.26,2.93,Open-Meteo ERA5,Juli
Papua,2021,8,26.59,29.64,24.02,341.6,88.81,3.48,Open-Meteo ERA5,Agustus
Papua,2021,9,26.92,30.14,24.4,252.7,87.83,3.6,Open-Meteo ERA5,September
Papua,2021,10,26.93,30.28,24.39,452.3,88.55,3.1,Open-Meteo ERA5,Oktober
Papua,2021,11,26.81,30.15,24.25,395.2,88.43,3.09,Open-Meteo ERA5,November
Papua,2021,12,27.29,30.87,24.75,563.2,88.81,2.53,Open-Meteo ERA5,Desember
Papua,2022,1,26.58,29.54,24.19,625.1,90.29,2.41,Open-Meteo ERA5,Januari
Papua,2022,2,26.52,29.44,24.14,696.7,90.32,2.63,Open-Meteo ERA5,Februari
Papua,2022,3,27.0,30.3,24.36,467.6,87.35,3.11,Open-Meteo ERA5,Maret
Papua,2022,4,26.74,29.65,24.42,411.0,88.83,2.83,Open-Meteo ERA5,April
Papua,2022,5,26.95,29.74,24.59,301.1,87.94,3.09,Open-Meteo ERA5,Mei
Papua,2022,6,26.65,29.52,24.06,172.8,86.3,3.38,Open-Meteo ERA5,Juni
Papua,2022,7,26.31,29.34,24.0,406.4,89.65,3.17,Open-Meteo ERA5,Juli
Papua,2022,8,26.34,29.34,23.89,283.1,88.35,3.45,Open-Meteo ERA5,Agustus
Papua,2022,9,26.78,29.77,24.09,301.9,86.63,3.62,Open-Meteo ERA5,September
Papua,2022,10,27.02,30.31,24.34,236.7,86.42,3.43,Open-Meteo ERA5,Oktober
Papua,2022,11,27.01,30.21,24.35,367.5,87.23,2.84,Open-Meteo ERA5,November
Papua,2022,12,26.64,29.71,24.19,633.0,90.06,2.53,Open-Meteo ERA5,Desember
Papua,2023,1,26.77,29.84,24.27,514.1,88.52,2.74,Open-Meteo ERA5,Januari
Papua,2023,2,26.63,29.54,24.4,559.9,90.29,2.41,Open-Meteo ERA5,Februari
Papua,2023,3,26.82,30.01,24.23,407.6,88.29,2.73,Open-Meteo ERA5,Maret
Papua,2023,4,26.66,29.65,24.3,482.3,90.17,2.39,Open-Meteo ERA5,April
Papua,2023,5,27.06,30.32,24.6,470.6,90.13,2.64,Open-Meteo ERA5,Mei
Papua,2023,6,26.5,29.38,24.15,452.7,89.77,2.88,Open-Meteo ERA5,Juni
Papua,2023,7,26.3,29.48,23.92,513.3,90.74,2.98,Open-Meteo ERA5,Juli
Papua,2023,8,26.33,29.72,23.88,381.9,88.87,2.79,Open-Meteo ERA5,Agustus
Papua,2023,9,26.28,29.87,23.79,523.7,89.83,2.93,Open-Meteo ERA5,September
Papua,2023,10,26.95,30.85,24.2,375.3,88.16,2.79,Open-Meteo ERA5,Oktober
Papua,2023,11,26.95,30.56,24.29,330.5,88.93,2.85,Open-Meteo ERA5,November
Papua,2023,12,27.0,30.2,24.55,557.8,89.61,2.36,Open-Meteo ERA5,Desember
Papua,2024,1,26.58,29.63,24.51,779.6,92.71,2.17,Open-Meteo ERA5,Januari
Papua,2024,2,27.02,30.28,24.69,531.5,89.69,2.3,Open-Meteo ERA5,Februari
Papua,2024,3,26.88,30.1,24.49,633.6,91.1,2.49,Open-Meteo ERA5,Maret
Papua,2024,4,26.97,30.33,24.64,657.2,90.37,2.81,Open-Meteo ERA5,April
Papua,2024,5,26.8,29.98,24.68,621.0,92.13,2.76,Open-Meteo ERA5,Mei
Papua,2024,6,26.46,29.72,24.19,342.4,90.43,2.85,Open-Meteo ERA5,Juni
Papua,2024,7,26.51,29.7,24.2,219.2,88.32,2.82,Open-Meteo ERA5,Juli
Papua,2024,8,26.72,29.92,24.34,184.0,86.42,3.52,Open-Meteo ERA5,Agustus
Papua,2024,9,26.9,30.56,24.26,163.4,86.5,3.04,Open-Meteo ERA5,September
Papua,2024,10,26.87,30.36,24.4,189.1,86.42,3.06,Open-Meteo ERA5,Oktober
Papua,2024,11,27.2,30.74,24.66,153.4,85.37,3.31,Open-Meteo ERA5,November
Papua,2024,12,27.22,30.59,24.92,402.9,88.03,2.58,Open-Meteo ERA5,Desember
Papua Barat,2015,1,25.4,27.19,23.48,355.3,87.03,3.0,Open-Meteo ERA5,Januari
Papua Barat,2015,2,24.95,26.72,23.14,476.5,86.18,3.48,Open-Meteo ERA5,Februari
Papua Barat,2015,3,25.15,26.95,23.47,416.5,86.35,3.45,Open-Meteo ERA5,Maret
Papua Barat,2015,4,25.11,27.23,22.71,755.7,88.7,2.44,Open-Meteo ERA5,April
Papua Barat,2015,5,25.56,27.62,23.13,313.0,86.71,2.27,Open-Meteo ERA5,Mei
Papua Barat,2015,6,25.5,27.33,23.4,329.5,86.0,2.45,Open-Meteo ERA5,Juni
Papua Barat,2015,7,25.19,27.07,23.04,146.4,84.23,2.54,Open-Meteo ERA5,Juli
Papua Barat,2015,8,25.52,27.51,23.31,137.6,82.77,2.53,Open-Meteo ERA5,Agustus
Papua Barat,2015,9,25.65,27.7,23.13,250.3,83.4,2.29,Open-Meteo ERA5,September
Papua Barat,2015,10,25.85,27.84,23.53,121.1,81.81,2.52,Open-Meteo ERA5,Oktober
Papua Barat,2015,11,25.42,27.35,23.27,312.6,88.6,2.35,Open-Meteo ERA5,November
Papua Barat,2015,12,25.54,27.65,23.48,516.1,87.81,3.11,Open-Meteo ERA5,Desember
Papua Barat,2016,1,25.28,27.17,23.52,413.5,88.58,2.64,Open-Meteo ERA5,Januari
Papua Barat,2016,2,25.19,27.05,23.44,466.4,88.31,3.21,Open-Meteo ERA5,Februari
Papua Barat,2016,3,25.5,27.25,23.8,481.5,88.61,3.1,Open-Meteo ERA5,Maret
Papua Barat,2016,4,25.6,27.56,23.64,793.6,88.67,2.88,Open-Meteo ERA5,April
Papua Barat,2016,5,26.02,27.8,23.99,327.5,87.23,2.5,Open-Meteo ERA5,Mei
Papua Barat,2016,6,25.67,27.71,23.52,296.4,87.03,2.55,Open-Meteo ERA5,Juni
Papua Barat,2016,7,25.3,27.24,23.25,374.6,87.9,2.61,Open-Meteo ERA5,Juli
Papua Barat,2016,8,25.88,28.05,23.75,364.1,84.65,2.65,Open-Meteo ERA5,Agustus
Papua Barat,2016,9,25.64,27.64,23.54,420.1,85.4,2.59,Open-Meteo ERA5,September
Papua Barat,2016,10,25.6,27.59,23.25,379.0,87.42,2.59,Open-Meteo ERA5,Oktober
Papua Barat,2016,11,25.69,27.91,23.06,443.5,87.4,2.3,Open-Meteo ERA5,November
Papua Barat,2016,12,25.5,27.71,23.11,562.3,88.84,2.66,Open-Meteo ERA5,Desember
Papua Barat,2017,1,26.01,29.22,23.94,447.6,87.42,3.13,Open-Meteo ERA5,Januari
Papua Barat,2017,2,26.21,29.25,24.3,193.1,86.54,3.5,Open-Meteo ERA5,Februari
Papua Barat,2017,3,26.1,29.47,23.77,204.5,85.52,3.29,Open-Meteo ERA5,Maret
Papua Barat,2017,4,25.88,29.05,23.82,420.6,89.2,3.21,Open-Meteo ERA5,April
Papua Barat,2017,5,26.33,29.18,24.21,304.7,88.55,2.97,Open-Meteo ERA5,Mei
Papua Barat,2017,6,25.81,28.33,23.87,360.1,89.63,3.08,Open-Meteo ERA5,Juni
Papua Barat,2017,7,25.65,28.25,23.45,297.0,89.03,3.22,Open-Meteo ERA5,Juli
Papua Barat,2017,8,25.9,28.57,23.66,258.0,88.0,3.4,Open-Meteo ERA5,Agustus
Papua Barat,2017,9,26.0,28.66,23.88,282.6,87.67,3.2,Open-Meteo ERA5,September
Papua Barat,2017,10,26.43,29.44,24.27,302.3,86.29,3.48,Open-Meteo ERA5,Oktober
Papua Barat,2017,11,26.08,29.08,23.98,328.1,88.3,2.88,Open-Meteo ERA5,November
Papua Barat,2017,12,26.21,28.94,24.13,194.6,87.94,2.9,Open-Meteo ERA5,Desember
Papua Barat,2018,1,26.1,29.27,23.8,249.4,86.71,3.34,Open-Meteo ERA5,Januari
Papua Barat,2018,2,26.08,29.32,24.16,156.7,86.18,3.1,Open-Meteo ERA5,Februari
Papua Barat,2018,3,25.94,29.48,23.79,291.0,86.42,3.69,Open-Meteo ERA5,Maret
Papua Barat,2018,4,26.05,29.13,23.93,169.3,87.7,2.94,Open-Meteo ERA5,April
Papua Barat,2018,5,26.3,28.97,24.05,193.9,87.19,3.18,Open-Meteo ERA5,Mei
Papua Barat,2018,6,25.87,28.4,23.73,222.0,88.67,3.34,Open-Meteo ERA5,Juni
Papua Barat,2018,7,26.12,28.98,23.96,146.6,87.29,2.94,Open-Meteo ERA5,Juli
Papua Barat,2018,8,25.97,28.97,23.71,162.8,86.48,2.87,Open-Meteo ERA5,Agustus
Papua Barat,2018,9,26.2,29.37,23.73,144.3,85.27,2.96,Open-Meteo ERA5,September
Papua Barat,2018,10,26.17,29.31,23.85,236.7,85.97,2.77,Open-Meteo ERA5,Oktober
Papua Barat,2018,11,26.02,29.16,23.96,245.1,88.43,2.86,Open-Meteo ERA5,November
Papua Barat,2018,12,26.1,29.32,24.04,214.7,88.35,3.03,Open-Meteo ERA5,Desember
Papua Barat,2019,1,26.0,29.48,23.79,526.5,88.26,3.65,Open-Meteo ERA5,Januari
Papua Barat,2019,2,25.7,29.17,23.41,478.4,86.64,4.03,Open-Meteo ERA5,Februari
Papua Barat,2019,3,25.77,29.33,23.54,328.6,87.16,3.91,Open-Meteo ERA5,Maret
Papua Barat,2019,4,25.96,28.9,23.79,280.7,89.93,3.23,Open-Meteo ERA5,April
Papua Barat,2019,5,26.15,28.88,24.22,169.7,88.65,2.62,Open-Meteo ERA5,Mei
Papua Barat,2019,6,26.1,28.87,24.01,344.9,89.47,2.99,Open-Meteo ERA5,Juni
Papua Barat,2019,7,25.69,28.52,23.49,373.4,87.42,3.02,Open-Meteo ERA5,Juli
Papua Barat,2019,8,26.26,29.38,24.07,94.1,85.06,2.84,Open-Meteo ERA5,Agustus
Papua Barat,2019,9,26.39,29.77,23.99,120.3,82.5,2.9,Open-Meteo ERA5,September
Papua Barat,2019,10,26.11,28.98,23.93,179.1,86.13,2.81,Open-Meteo ERA5,Oktober
Papua Barat,2019,11,26.62,29.9,24.27,125.7,84.53,2.85,Open-Meteo ERA5,November
Papua Barat,2019,12,26.36,29.8,24.1,424.7,87.06,3.34,Open-Meteo ERA5,Desember
Papua Barat,2020,1,26.21,29.56,24.01,330.4,87.0,3.82,Open-Meteo ERA5,Januari
Papua Barat,2020,2,26.42,30.02,24.14,364.5,83.45,3.91,Open-Meteo ERA5,Februari
Papua Barat,2020,3,26.01,29.43,23.88,667.4,88.68,3.44,Open-Meteo ERA5,Maret
Papua Barat,2020,4,26.12,29.5,23.97,327.6,88.47,3.17,Open-Meteo ERA5,April
Papua Barat,2020,5,26.84,29.69,24.67,208.7,86.77,2.88,Open-Meteo ERA5,Mei
Papua Barat,2020,6,26.17,28.98,24.0,158.7,87.7,3.12,Open-Meteo ERA5,Juni
Papua Barat,2020,7,25.91,28.81,23.36,266.6,87.9,3.14,Open-Meteo ERA5,Juli
Papua Barat,2020,8,26.08,29.15,23.71,210.5,86.9,3.35,Open-Meteo ERA5,Agustus
Papua Barat,2020,9,26.31,29.33,23.93,150.3,86.0,3.61,Open-Meteo ERA5,September
Papua Barat,2020,10,26.71,29.59,24.47,128.3,84.32,3.13,Open-Meteo ERA5,Oktober
Papua Barat,2020,11,26.3,29.38,24.08,328.3,87.73,3.36,Open-Meteo ERA5,November
Papua Barat,2020,12,26.25,29.02,24.27,130.7,86.42,3.2,Open-Meteo ERA5,Desember
Papua Barat,2021,1,26.23,29.36,23.99,163.5,85.35,3.17,Open-Meteo ERA5,Januari
Papua Barat,2021,2,25.8,29.2,23.48,287.0,87.93,3.24,Open-Meteo ERA5,Februari
Papua Barat,2021,3,25.89,29.17,23.64,210.3,86.42,3.2,Open-Meteo ERA5,Maret
Papua Barat,2021,4,26.06,28.9,23.99,313.0,88.3,2.91,Open-Meteo ERA5,April
Papua Barat,2021,5,26.24,29.01,24.27,229.3,88.9,2.84,Open-Meteo ERA5,Mei
Papua Barat,2021,6,25.95,28.48,23.73,170.8,87.63,3.24,Open-Meteo ERA5,Juni
Papua Barat,2021,7,25.89,28.63,23.54,235.0,86.81,3.07,Open-Meteo ERA5,Juli
Papua Barat,2021,8,26.02,28.62,23.62,370.3,87.39,3.47,Open-Meteo ERA5,Agustus
Papua Barat,2021,9,26.15,28.76,23.98,138.2,86.9,3.48,Open-Meteo ERA5,September
Papua Barat,2021,10,26.56,29.72,24.0,156.4,84.23,3.13,Open-Meteo ERA5,Oktober
Papua Barat,2021,11,26.6,29.9,24.05,126.9,83.23,3.16,Open-Meteo ERA5,November
Papua Barat,2021,12,26.1,29.55,23.86,231.7,87.61,3.61,Open-Meteo ERA5,Desember
Papua Barat,2022,1,25.77,29.42,23.29,324.0,86.9,3.41,Open-Meteo ERA5,Januari
Papua Barat,2022,2,25.65,29.19,23.21,271.8,86.68,3.31,Open-Meteo ERA5,Februari
Papua Barat,2022,3,25.95,29.26,23.56,246.8,86.77,3.14,Open-Meteo ERA5,Maret
Papua Barat,2022,4,26.21,29.33,23.86,216.7,86.27,3.1,Open-Meteo ERA5,April
Papua Barat,2022,5,26.21,29.31,23.82,268.5,86.39,3.17,Open-Meteo ERA5,Mei
Papua Barat,2022,6,26.14,29.12,23.37,130.7,84.37,3.63,Open-Meteo ERA5,Juni
Papua Barat,2022,7,25.52,28.37,23.07,364.5,88.74,3.28,Open-Meteo ERA5,Juli
Papua Barat,2022,8,25.87,28.75,23.27,227.9,86.58,3.75,Open-Meteo ERA5,Agustus
Papua Barat,2022,9,26.32,29.42,23.64,117.8,83.33,3.63,Open-Meteo ERA5,September
Papua Barat,2022,10,26.58,29.64,23.87,144.0,83.9,3.59,Open-Meteo ERA5,Oktober
Papua Barat,2022,11,26.28,29.53,23.91,218.3,86.0,2.99,Open-Meteo ERA5,November
Papua Barat,2022,12,25.97,29.15,23.87,176.3,86.45,3.2,Open-Meteo ERA5,Desember
Papua Barat,2023,1,25.99,29.27,23.67,196.3,85.94,3.22,Open-Meteo ERA5,Januari
Papua Barat,2023,2,25.77,29.19,23.48,315.8,86.93,3.63,Open-Meteo ERA5,Februari
Papua Barat,2023,3,25.94,29.3,23.57,311.0,86.81,3.07,Open-Meteo ERA5,Maret
Papua Barat,2023,4,26.28,29.58,23.98,163.0,85.7,3.0,Open-Meteo ERA5,April
Papua Barat,2023,5,26.97,30.28,24.52,96.9,83.81,3.04,Open-Meteo ERA5,Mei
Papua Barat,2023,6,26.13,28.96,23.84,236.9,87.17,2.98,Open-Meteo ERA5,Juni
Papua Barat,2023,7,26.25,29.27,23.87,138.6,86.55,3.02,Open-Meteo ERA5,Juli
Papua Barat,2023,8,26.3,29.76,23.62,80.9,83.39,2.99,Open-Meteo ERA5,Agustus
Papua Barat,2023,9,26.16,29.56,23.83,143.8,85.9,3.0,Open-Meteo ERA5,September
Papua Barat,2023,10,26.92,30.82,23.77,119.2,80.74,3.47,Open-Meteo ERA5,Oktober
Papua Barat,2023,11,26.83,30.67,24.08,130.1,83.6,3.21,Open-Meteo ERA5,November
Papua Barat,2023,12,26.97,30.77,24.44,142.9,82.42,3.26,Open-Meteo ERA5,Desember
Papua Barat,2024,1,26.38,30.16,24.05,265.3,86.45,3.54,Open-Meteo ERA5,Januari
Papua Barat,2024,2,26.28,29.86,24.0,332.2,86.14,3.58,Open-Meteo ERA5,Februari
Papua Barat,2024,3,26.68,30.51,24.14,268.4,84.87,3.73,Open-Meteo ERA5,Maret
Papua Barat,2024,4,26.51,29.92,24.06,414.4,87.9,3.25,Open-Meteo ERA5,April
Papua Barat,2024,5,26.73,30.03,24.43,304.9,88.29,3.39,Open-Meteo ERA5,Mei
Papua Barat,2024,6,26.26,29.35,23.99,237.7,87.73,2.93,Open-Meteo ERA5,Juni
Papua Barat,2024,7,25.97,28.85,23.84,196.5,88.39,3.03,Open-Meteo ERA5,Juli
Papua Barat,2024,8,26.31,29.1,23.86,207.7,86.61,3.77,Open-Meteo ERA5,Agustus
Papua Barat,2024,9,26.93,30.08,24.19,155.6,83.53,3.62,Open-Meteo ERA5,September
Papua Barat,2024,10,26.83,30.18,24.26,169.6,83.48,3.9,Open-Meteo ERA5,Oktober
Papua Barat,2024,11,27.14,30.7,24.29,137.8,81.6,3.67,Open-Meteo ERA5,November
Papua Barat,2024,12,26.38,30.17,23.88,263.4,86.94,3.4,Open-Meteo ERA5,Desember
Papua Barat Daya,2015,1,26.36,29.07,24.49,247.9,88.03,2.84,Open-Meteo ERA5,Januari
Papua Barat Daya,2015,2,25.72,28.15,23.91,326.4,89.07,3.04,Open-Meteo ERA5,Februari
Papua Barat Daya,2015,3,26.08,28.78,24.27,287.1,87.87,2.79,Open-Meteo ERA5,Maret
Papua Barat Daya,2015,4,26.12,29.13,24.0,382.8,90.13,2.15,Open-Meteo ERA5,April
Papua Barat Daya,2015,5,26.59,29.73,24.68,174.3,86.77,2.6,Open-Meteo ERA5,Mei
Papua Barat Daya,2015,6,25.98,29.05,24.24,350.5,87.87,3.06,Open-Meteo ERA5,Juni
Papua Barat Daya,2015,7,25.86,28.95,23.91,151.0,82.94,3.96,Open-Meteo ERA5,Juli
Papua Barat Daya,2015,8,25.77,28.89,23.78,17.6,80.32,4.44,Open-Meteo ERA5,Agustus
Papua Barat Daya,2015,9,26.62,30.22,24.33,25.3,78.47,4.41,Open-Meteo ERA5,September
Papua Barat Daya,2015,10,26.89,30.97,24.17,105.3,79.58,3.29,Open-Meteo ERA5,Oktober
Papua Barat Daya,2015,11,26.16,29.39,24.07,422.7,90.57,1.95,Open-Meteo ERA5,November
Papua Barat Daya,2015,12,26.76,29.61,24.8,221.1,88.23,2.6,Open-Meteo ERA5,Desember
Papua Barat Daya,2016,1,26.45,28.91,24.77,326.3,88.87,2.63,Open-Meteo ERA5,Januari
Papua Barat Daya,2016,2,26.73,29.3,24.93,159.0,86.24,2.99,Open-Meteo ERA5,Februari
Papua Barat Daya,2016,3,26.87,29.14,25.36,343.3,86.71,3.07,Open-Meteo ERA5,Maret
Papua Barat Daya,2016,4,26.86,29.95,24.97,357.2,88.6,2.22,Open-Meteo ERA5,April
Papua Barat Daya,2016,5,26.67,29.97,24.62,455.1,90.61,1.86,Open-Meteo ERA5,Mei
Papua Barat Daya,2016,6,26.28,29.26,24.24,349.9,89.27,2.11,Open-Meteo ERA5,Juni
Papua Barat Daya,2016,7,25.79,28.84,23.97,360.0,89.58,2.69,Open-Meteo ERA5,Juli
Papua Barat Daya,2016,8,26.44,29.35,24.47,173.9,85.32,3.61,Open-Meteo ERA5,Agustus
Papua Barat Daya,2016,9,26.15,29.7,24.18,395.8,89.67,2.4,Open-Meteo ERA5,September
Papua Barat Daya,2016,10,26.17,29.23,24.26,465.0,90.81,2.27,Open-Meteo ERA5,Oktober
Papua Barat Daya,2016,11,26.57,29.54,24.47,285.0,89.67,2.21,Open-Meteo ERA5,November
Papua Barat Daya,2016,12,26.53,29.3,24.55,373.9,89.68,2.62,Open-Meteo ERA5,Desember
Papua Barat Daya,2017,1,26.31,28.93,24.5,484.3,91.58,3.22,Open-Meteo ERA5,Januari
Papua Barat Daya,2017,2,26.52,29.09,24.6,381.9,89.96,3.49,Open-Meteo ERA5,Februari
Papua Barat Daya,2017,3,26.26,28.89,24.38,422.4,90.48,3.38,Open-Meteo ERA5,Maret
Papua Barat Daya,2017,4,26.33,29.09,24.38,442.7,91.13,3.46,Open-Meteo ERA5,April
Papua Barat Daya,2017,5,26.21,29.14,24.33,529.6,92.87,2.94,Open-Meteo ERA5,Mei
Papua Barat Daya,2017,6,25.62,28.67,23.85,555.4,92.73,3.19,Open-Meteo ERA5,Juni
Papua Barat Daya,2017,7,25.42,28.66,23.61,533.4,92.55,3.36,Open-Meteo ERA5,Juli
Papua Barat Daya,2017,8,25.59,29.03,23.61,423.6,90.97,3.57,Open-Meteo ERA5,Agustus
Papua Barat Daya,2017,9,25.53,28.77,23.54,565.8,92.93,3.18,Open-Meteo ERA5,September
Papua Barat Daya,2017,10,26.44,29.55,24.27,310.6,90.1,3.22,Open-Meteo ERA5,Oktober
Papua Barat Daya,2017,11,26.32,29.41,24.41,378.2,92.0,3.03,Open-Meteo ERA5,November
Papua Barat Daya,2017,12,26.53,29.3,24.54,338.2,91.1,3.05,Open-Meteo ERA5,Desember
Papua Barat Daya,2018,1,26.36,29.29,24.35,376.6,89.61,3.48,Open-Meteo ERA5,Januari
Papua Barat Daya,2018,2,26.45,29.2,24.34,322.5,90.18,3.12,Open-Meteo ERA5,Februari
Papua Barat Daya,2018,3,26.35,28.94,24.29,424.6,90.1,3.97,Open-Meteo ERA5,Maret
Papua Barat Daya,2018,4,25.96,28.64,24.07,438.5,92.37,3.11,Open-Meteo ERA5,April
Papua Barat Daya,2018,5,26.13,29.36,24.05,268.6,91.61,2.98,Open-Meteo ERA5,Mei
Papua Barat Daya,2018,6,25.87,28.98,23.88,247.0,90.6,3.18,Open-Meteo ERA5,Juni
Papua Barat Daya,2018,7,25.91,29.04,23.95,265.0,89.77,4.04,Open-Meteo ERA5,Juli
Papua Barat Daya,2018,8,25.96,29.03,23.97,196.8,87.35,4.25,Open-Meteo ERA5,Agustus
Papua Barat Daya,2018,9,26.08,29.27,24.02,137.5,86.27,4.38,Open-Meteo ERA5,September
Papua Barat Daya,2018,10,25.99,29.24,23.78,289.3,90.26,3.1,Open-Meteo ERA5,Oktober
Papua Barat Daya,2018,11,26.33,29.33,24.23,261.5,91.9,2.95,Open-Meteo ERA5,November
Papua Barat Daya,2018,12,26.48,28.76,24.62,442.8,92.16,3.14,Open-Meteo ERA5,Desember
Papua Barat Daya,2019,1,26.69,29.05,24.85,315.3,89.03,3.66,Open-Meteo ERA5,Januari
Papua Barat Daya,2019,2,26.52,28.96,24.67,242.4,87.0,4.03,Open-Meteo ERA5,Februari
Papua Barat Daya,2019,3,26.64,28.97,24.66,273.1,87.26,4.0,Open-Meteo ERA5,Maret
Papua Barat Daya,2019,4,26.47,29.12,24.49,361.7,92.07,3.06,Open-Meteo ERA5,April
Papua Barat Daya,2019,5,26.45,29.39,24.31,214.7,92.1,3.05,Open-Meteo ERA5,Mei
Papua Barat Daya,2019,6,25.95,28.83,24.2,549.4,91.57,3.7,Open-Meteo ERA5,Juni
Papua Barat Daya,2019,7,25.26,27.97,23.53,253.8,89.39,4.76,Open-Meteo ERA5,Juli
Papua Barat Daya,2019,8,25.74,28.59,23.85,82.8,86.0,5.07,Open-Meteo ERA5,Agustus
Papua Barat Daya,2019,9,25.81,29.07,23.66,364.4,84.97,4.69,Open-Meteo ERA5,September
Papua Barat Daya,2019,10,25.71,28.77,23.65,309.9,92.65,2.97,Open-Meteo ERA5,Oktober
Papua Barat Daya,2019,11,26.99,30.23,24.59,72.6,87.4,3.57,Open-Meteo ERA5,November
Papua Barat Daya,2019,12,26.86,29.76,24.84,222.6,89.9,3.3,Open-Meteo ERA5,Desember
Papua Barat Daya,2020,1,27.24,29.76,25.22,169.0,86.26,3.74,Open-Meteo ERA5,Januari
Papua Barat Daya,2020,2,27.32,29.7,25.51,207.2,84.0,4.35,Open-Meteo ERA5,Februari
Papua Barat Daya,2020,3,26.59,29.37,24.56,357.6,90.32,3.38,Open-Meteo ERA5,Maret
Papua Barat Daya,2020,4,26.59,29.45,24.57,315.8,90.8,3.27,Open-Meteo ERA5,April
Papua Barat Daya,2020,5,27.0,30.25,24.79,301.2,90.06,3.16,Open-Meteo ERA5,Mei
Papua Barat Daya,2020,6,25.85,29.13,23.87,486.4,92.53,3.12,Open-Meteo ERA5,Juni
Papua Barat Daya,2020,7,25.55,29.14,23.52,626.1,92.52,3.27,Open-Meteo ERA5,Juli
Papua Barat Daya,2020,8,25.78,29.07,23.73,420.6,90.61,3.75,Open-Meteo ERA5,Agustus
Papua Barat Daya,2020,9,25.71,29.07,23.75,561.3,92.8,3.12,Open-Meteo ERA5,September
Papua Barat Daya,2020,10,26.1,29.24,24.03,387.5,91.48,3.3,Open-Meteo ERA5,Oktober
Papua Barat Daya,2020,11,26.44,29.55,24.43,319.1,91.4,3.13,Open-Meteo ERA5,November
Papua Barat Daya,2020,12,26.75,29.63,24.71,257.5,89.87,3.26,Open-Meteo ERA5,Desember
Papua Barat Daya,2021,1,26.51,29.21,24.47,295.5,89.61,3.33,Open-Meteo ERA5,Januari
Papua Barat Daya,2021,2,26.78,29.52,24.58,158.0,88.46,3.25,Open-Meteo ERA5,Februari
Papua Barat Daya,2021,3,26.27,29.4,24.1,277.4,90.19,3.25,Open-Meteo ERA5,Maret
Papua Barat Daya,2021,4,26.51,29.6,24.29,254.9,90.27,3.2,Open-Meteo ERA5,April
Papua Barat Daya,2021,5,26.17,29.06,24.29,410.2,92.9,3.22,Open-Meteo ERA5,Mei
Papua Barat Daya,2021,6,25.74,28.98,23.72,370.8,92.13,2.8,Open-Meteo ERA5,Juni
Papua Barat Daya,2021,7,25.81,28.98,23.78,359.9,91.42,3.24,Open-Meteo ERA5,Juli
Papua Barat Daya,2021,8,25.78,29.27,23.66,450.3,91.74,2.94,Open-Meteo ERA5,Agustus
Papua Barat Daya,2021,9,25.71,29.06,23.69,490.7,92.57,3.08,Open-Meteo ERA5,September
Papua Barat Daya,2021,10,26.55,30.4,24.23,273.7,89.32,3.53,Open-Meteo ERA5,Oktober
Papua Barat Daya,2021,11,26.34,30.16,24.09,326.2,90.7,3.09,Open-Meteo ERA5,November
Papua Barat Daya,2021,12,26.6,29.36,24.4,409.2,89.45,4.0,Open-Meteo ERA5,Desember
Papua Barat Daya,2022,1,26.67,29.64,24.35,204.0,87.48,3.61,Open-Meteo ERA5,Januari
Papua Barat Daya,2022,2,26.11,29.04,24.08,366.9,89.36,3.96,Open-Meteo ERA5,Februari
Papua Barat Daya,2022,3,26.41,29.56,24.17,372.1,90.0,3.2,Open-Meteo ERA5,Maret
Papua Barat Daya,2022,4,26.33,29.77,24.1,298.5,90.37,3.28,Open-Meteo ERA5,April
Papua Barat Daya,2022,5,26.26,29.64,24.08,441.9,91.71,2.9,Open-Meteo ERA5,Mei
Papua Barat Daya,2022,6,25.85,29.72,23.37,299.5,90.27,3.14,Open-Meteo ERA5,Juni
Papua Barat Daya,2022,7,25.29,29.03,23.27,571.5,92.84,3.45,Open-Meteo ERA5,Juli
Papua Barat Daya,2022,8,25.51,29.37,23.36,343.6,91.23,3.38,Open-Meteo ERA5,Agustus
Papua Barat Daya,2022,9,25.81,29.7,23.4,316.0,90.23,3.19,Open-Meteo ERA5,September
Papua Barat Daya,2022,10,26.42,30.24,24.0,287.6,90.03,3.08,Open-Meteo ERA5,Oktober
Papua Barat Daya,2022,11,26.61,30.0,24.24,234.4,89.87,3.15,Open-Meteo ERA5,November
Papua Barat Daya,2022,12,26.58,29.77,24.22,284.8,88.52,3.38,Open-Meteo ERA5,Desember
Papua Barat Daya,2023,1,26.75,29.86,24.45,238.4,87.48,3.47,Open-Meteo ERA5,Januari
Papua Barat Daya,2023,2,26.74,29.39,24.63,206.7,86.86,4.07,Open-Meteo ERA5,Februari
Papua Barat Daya,2023,3,26.45,29.69,24.06,254.0,88.55,3.51,Open-Meteo ERA5,Maret
Papua Barat Daya,2023,4,26.8,30.16,24.34,205.3,88.63,3.2,Open-Meteo ERA5,April
Papua Barat Daya,2023,5,26.8,30.13,24.44,241.3,87.94,4.12,Open-Meteo ERA5,Mei
Papua Barat Daya,2023,6,25.91,29.47,23.8,404.0,92.03,3.46,Open-Meteo ERA5,Juni
Papua Barat Daya,2023,7,26.15,29.52,23.9,309.0,86.9,4.14,Open-Meteo ERA5,Juli
Papua Barat Daya,2023,8,26.33,30.1,24.02,153.1,83.29,4.73,Open-Meteo ERA5,Agustus
Papua Barat Daya,2023,9,26.31,30.02,24.02,168.1,84.73,4.44,Open-Meteo ERA5,September
Papua Barat Daya,2023,10,27.02,31.07,24.38,130.7,83.74,3.74,Open-Meteo ERA5,Oktober
Papua Barat Daya,2023,11,26.93,31.14,24.19,124.4,85.73,3.33,Open-Meteo ERA5,November
Papua Barat Daya,2023,12,27.23,30.19,24.97,207.6,86.1,3.51,Open-Meteo ERA5,Desember
Papua Barat Daya,2024,1,26.66,29.47,24.7,361.4,88.77,3.75,Open-Meteo ERA5,Januari
Papua Barat Daya,2024,2,27.37,30.09,25.22,155.0,83.83,4.24,Open-Meteo ERA5,Februari
Papua Barat Daya,2024,3,27.19,30.14,24.97,274.7,85.55,3.87,Open-Meteo ERA5,Maret
Papua Barat Daya,2024,4,26.51,30.08,24.32,418.4,90.97,3.18,Open-Meteo ERA5,April
Papua Barat Daya,2024,5,26.49,29.91,24.42,428.1,92.0,3.23,Open-Meteo ERA5,Mei
Papua Barat Daya,2024,6,25.62,29.29,23.64,418.3,92.37,3.55,Open-Meteo ERA5,Juni
Papua Barat Daya,2024,7,25.97,29.23,23.92,231.2,87.16,4.17,Open-Meteo ERA5,Juli
Papua Barat Daya,2024,8,25.49,29.59,23.25,518.2,90.94,3.66,Open-Meteo ERA5,Agustus
Papua Barat Daya,2024,9,26.52,30.46,24.0,283.2,87.13,3.89,Open-Meteo ERA5,September
Papua Barat Daya,2024,10,26.38,30.28,23.83,336.7,88.81,3.52,Open-Meteo ERA5,Oktober
Papua Barat Daya,2024,11,26.55,30.28,24.17,264.8,89.23,3.03,Open-Meteo ERA5,November
Papua Barat Daya,2024,12,26.84,30.19,24.61,362.9,88.48,3.55,Open-Meteo ERA5,Desember
Papua Pegunungan,2015,1,18.96,23.22,15.46,416.3,90.55,1.7,Open-Meteo ERA5,Januari
Papua Pegunungan,2015,2,18.66,22.91,15.49,550.1,93.82,1.75,Open-Meteo ERA5,Februari
Papua Pegunungan,2015,3,19.14,23.49,15.93,348.4,89.97,1.66,Open-Meteo ERA5,Maret
Papua Pegunungan,2015,4,18.67,22.73,15.58,452.0,92.93,1.69,Open-Meteo ERA5,April
Papua Pegunungan,2015,5,18.66,22.72,15.39,245.2,91.03,1.63,Open-Meteo ERA5,Mei
Papua Pegunungan,2015,6,18.29,22.13,15.15,292.5,92.03,1.68,Open-Meteo ERA5,Juni
Papua Pegunungan,2015,7,18.1,22.01,14.76,170.2,89.06,1.74,Open-Meteo ERA5,Juli
Papua Pegunungan,2015,8,17.89,22.13,14.56,263.4,87.74,1.74,Open-Meteo ERA5,Agustus
Papua Pegunungan,2015,9,18.19,22.43,14.84,247.1,89.1,1.74,Open-Meteo ERA5,September
Papua Pegunungan,2015,10,18.43,22.64,15.12,191.5,87.87,1.87,Open-Meteo ERA5,Oktober
Papua Pegunungan,2015,11,18.92,23.25,15.61,207.9,90.33,1.76,Open-Meteo ERA5,November
Papua Pegunungan,2015,12,18.97,22.99,15.6,366.4,92.45,1.73,Open-Meteo ERA5,Desember
Papua Pegunungan,2016,1,19.13,22.97,15.89,433.1,92.94,1.66,Open-Meteo ERA5,Januari
Papua Pegunungan,2016,2,19.06,23.17,16.11,627.8,94.76,1.72,Open-Meteo ERA5,Februari
Papua Pegunungan,2016,3,19.4,23.47,16.55,578.0,94.84,1.73,Open-Meteo ERA5,Maret
Papua Pegunungan,2016,4,19.18,22.86,16.16,475.7,93.8,1.7,Open-Meteo ERA5,April
Papua Pegunungan,2016,5,19.07,22.83,15.99,149.7,90.87,1.7,Open-Meteo ERA5,Mei
Papua Pegunungan,2016,6,18.29,22.09,15.17,267.8,92.43,1.64,Open-Meteo ERA5,Juni
Papua Pegunungan,2016,7,18.07,21.63,15.21,263.9,92.26,1.63,Open-Meteo ERA5,Juli
Papua Pegunungan,2016,8,18.42,22.47,15.23,293.7,90.71,1.69,Open-Meteo ERA5,Agustus
Papua Pegunungan,2016,9,18.33,22.05,15.34,388.1,91.93,1.68,Open-Meteo ERA5,September
Papua Pegunungan,2016,10,18.51,22.4,15.46,431.2,92.97,1.68,Open-Meteo ERA5,Oktober
Papua Pegunungan,2016,11,19.04,23.49,15.45,384.5,90.83,1.69,Open-Meteo ERA5,November
Papua Pegunungan,2016,12,18.95,23.15,15.65,504.2,93.26,1.64,Open-Meteo ERA5,Desember
Papua Pegunungan,2017,1,18.21,22.75,14.83,274.6,80.84,1.77,Open-Meteo ERA5,Januari
Papua Pegunungan,2017,2,18.16,22.43,14.61,205.3,79.54,1.87,Open-Meteo ERA5,Februari
Papua Pegunungan,2017,3,18.01,22.49,14.4,397.7,81.68,1.73,Open-Meteo ERA5,Maret
Papua Pegunungan,2017,4,18.12,22.6,14.55,254.1,81.8,1.61,Open-Meteo ERA5,April
Papua Pegunungan,2017,5,18.64,23.23,15.07,256.7,80.26,1.75,Open-Meteo ERA5,Mei
Papua Pegunungan,2017,6,18.07,22.73,14.17,316.1,79.27,1.95,Open-Meteo ERA5,Juni
Papua Pegunungan,2017,7,17.79,21.96,14.44,516.2,81.48,2.11,Open-Meteo ERA5,Juli
Papua Pegunungan,2017,8,17.9,22.96,13.72,286.1,80.32,1.96,Open-Meteo ERA5,Agustus
Papua Pegunungan,2017,9,18.36,23.56,14.38,293.7,78.9,2.22,Open-Meteo ERA5,September
Papua Pegunungan,2017,10,18.09,22.47,14.31,204.6,82.06,1.69,Open-Meteo ERA5,Oktober
Papua Pegunungan,2017,11,18.41,22.74,14.72,165.6,82.17,1.69,Open-Meteo ERA5,November
Papua Pegunungan,2017,12,18.38,22.6,15.13,192.3,82.68,1.52,Open-Meteo ERA5,Desember
Papua Pegunungan,2018,1,18.18,22.96,14.6,203.5,78.65,1.95,Open-Meteo ERA5,Januari
Papua Pegunungan,2018,2,18.08,22.64,14.49,104.3,79.93,1.79,Open-Meteo ERA5,Februari
Papua Pegunungan,2018,3,18.18,22.8,14.69,141.4,79.9,1.9,Open-Meteo ERA5,Maret
Papua Pegunungan,2018,4,18.4,22.62,14.96,172.9,81.37,1.73,Open-Meteo ERA5,April
Papua Pegunungan,2018,5,18.24,22.85,14.07,169.8,79.81,1.75,Open-Meteo ERA5,Mei
Papua Pegunungan,2018,6,17.69,22.55,13.15,298.3,80.47,2.03,Open-Meteo ERA5,Juni
Papua Pegunungan,2018,7,17.73,22.11,13.95,321.1,81.77,1.76,Open-Meteo ERA5,Juli
Papua Pegunungan,2018,8,17.5,22.27,13.22,314.4,81.03,1.93,Open-Meteo ERA5,Agustus
Papua Pegunungan,2018,9,17.61,22.48,13.71,292.2,81.37,1.95,Open-Meteo ERA5,September
Papua Pegunungan,2018,10,18.01,23.29,13.61,186.8,80.71,1.99,Open-Meteo ERA5,Oktober
Papua Pegunungan,2018,11,18.2,22.56,13.94,194.7,82.0,1.56,Open-Meteo ERA5,November
Papua Pegunungan,2018,12,18.51,22.94,14.64,159.7,79.45,1.71,Open-Meteo ERA5,Desember
Papua Pegunungan,2019,1,18.44,22.76,14.85,222.0,79.87,1.84,Open-Meteo ERA5,Januari
Papua Pegunungan,2019,2,17.87,22.12,14.55,237.5,81.75,1.84,Open-Meteo ERA5,Februari
Papua Pegunungan,2019,3,17.88,21.63,14.88,293.9,84.23,1.66,Open-Meteo ERA5,Maret
Papua Pegunungan,2019,4,18.25,22.03,15.35,323.9,84.13,1.55,Open-Meteo ERA5,April
Papua Pegunungan,2019,5,18.0,22.27,14.6,159.9,81.45,1.55,Open-Meteo ERA5,Mei
Papua Pegunungan,2019,6,18.29,22.51,14.9,299.7,82.1,1.79,Open-Meteo ERA5,Juni
Papua Pegunungan,2019,7,17.57,22.38,13.65,293.2,81.45,1.85,Open-Meteo ERA5,Juli
Papua Pegunungan,2019,8,17.85,22.48,13.64,268.9,78.32,1.92,Open-Meteo ERA5,Agustus
Papua Pegunungan,2019,9,17.89,23.45,13.46,242.5,79.33,2.08,Open-Meteo ERA5,September
Papua Pegunungan,2019,10,17.99,22.84,13.95,226.1,81.13,1.73,Open-Meteo ERA5,Oktober
Papua Pegunungan,2019,11,18.2,23.26,14.08,99.9,79.27,1.9,Open-Meteo ERA5,November
Papua Pegunungan,2019,12,18.51,23.4,14.47,205.6,81.1,1.85,Open-Meteo ERA5,Desember
Papua Pegunungan,2020,1,18.72,23.07,15.56,238.2,82.39,1.71,Open-Meteo ERA5,Januari
Papua Pegunungan,2020,2,18.68,23.03,15.51,194.2,81.93,1.58,Open-Meteo ERA5,Februari
Papua Pegunungan,2020,3,18.38,22.46,15.49,392.0,84.06,1.68,Open-Meteo ERA5,Maret
Papua Pegunungan,2020,4,18.42,22.71,15.12,257.6,83.43,1.74,Open-Meteo ERA5,April
Papua Pegunungan,2020,5,18.9,23.76,14.83,319.8,79.32,1.97,Open-Meteo ERA5,Mei
Papua Pegunungan,2020,6,18.24,23.06,14.07,265.8,80.17,1.82,Open-Meteo ERA5,Juni
Papua Pegunungan,2020,7,18.18,23.47,13.54,314.8,76.74,2.22,Open-Meteo ERA5,Juli
Papua Pegunungan,2020,8,17.96,22.95,13.59,361.9,79.06,1.98,Open-Meteo ERA5,Agustus
Papua Pegunungan,2020,9,18.24,23.13,14.17,243.1,79.5,2.04,Open-Meteo ERA5,September
Papua Pegunungan,2020,10,18.12,22.69,14.62,236.2,82.48,1.7,Open-Meteo ERA5,Oktober
Papua Pegunungan,2020,11,18.13,22.61,14.38,226.6,82.17,1.85,Open-Meteo ERA5,November
Papua Pegunungan,2020,12,18.26,22.67,14.9,180.9,80.35,1.84,Open-Meteo ERA5,Desember
Papua Pegunungan,2021,1,18.36,23.01,15.0,249.9,80.9,1.89,Open-Meteo ERA5,Januari
Papua Pegunungan,2021,2,17.95,21.62,15.23,262.4,83.36,1.69,Open-Meteo ERA5,Februari
Papua Pegunungan,2021,3,18.0,22.81,14.43,289.4,81.06,1.95,Open-Meteo ERA5,Maret
Papua Pegunungan,2021,4,17.89,22.21,14.74,260.3,81.2,1.8,Open-Meteo ERA5,April
Papua Pegunungan,2021,5,18.39,22.88,14.64,197.5,82.55,1.75,Open-Meteo ERA5,Mei
Papua Pegunungan,2021,6,17.89,22.83,13.48,209.4,77.93,1.97,Open-Meteo ERA5,Juni
Papua Pegunungan,2021,7,18.0,22.67,14.06,282.1,80.19,1.91,Open-Meteo ERA5,Juli
Papua Pegunungan,2021,8,17.96,23.38,13.44,200.7,77.61,2.14,Open-Meteo ERA5,Agustus
Papua Pegunungan,2021,9,18.33,23.86,14.26,268.4,78.97,2.12,Open-Meteo ERA5,September
Papua Pegunungan,2021,10,18.12,23.09,13.62,286.8,81.29,2.03,Open-Meteo ERA5,Oktober
Papua Pegunungan,2021,11,18.18,23.34,14.07,304.8,82.83,2.03,Open-Meteo ERA5,November
Papua Pegunungan,2021,12,18.29,22.92,14.78,512.2,83.16,1.98,Open-Meteo ERA5,Desember
Papua Pegunungan,2022,1,18.08,22.94,14.41,309.3,83.0,1.94,Open-Meteo ERA5,Januari
Papua Pegunungan,2022,2,18.19,23.05,14.73,314.4,80.96,2.11,Open-Meteo ERA5,Februari
Papua Pegunungan,2022,3,18.24,23.76,14.03,380.8,81.45,2.07,Open-Meteo ERA5,Maret
Papua Pegunungan,2022,4,18.27,23.44,14.38,242.9,81.8,1.97,Open-Meteo ERA5,April
Papua Pegunungan,2022,5,18.26,23.37,14.2,247.3,81.71,1.7,Open-Meteo ERA5,Mei
Papua Pegunungan,2022,6,17.72,23.88,12.49,175.7,75.8,2.37,Open-Meteo ERA5,Juni
Papua Pegunungan,2022,7,17.91,23.31,13.52,429.7,82.26,2.08,Open-Meteo ERA5,Juli
Papua Pegunungan,2022,8,17.97,23.81,13.23,357.7,77.81,2.41,Open-Meteo ERA5,Agustus
Papua Pegunungan,2022,9,17.96,24.03,12.86,296.2,76.37,2.46,Open-Meteo ERA5,September
Papua Pegunungan,2022,10,18.35,23.96,13.67,224.9,78.16,2.13,Open-Meteo ERA5,Oktober
Papua Pegunungan,2022,11,18.09,23.64,13.54,250.0,81.23,1.99,Open-Meteo ERA5,November
Papua Pegunungan,2022,12,18.03,22.71,14.59,306.6,84.35,1.68,Open-Meteo ERA5,Desember
Papua Pegunungan,2023,1,18.05,22.99,14.31,382.1,81.58,1.92,Open-Meteo ERA5,Januari
Papua Pegunungan,2023,2,18.08,22.83,14.84,373.4,84.46,1.84,Open-Meteo ERA5,Februari
Papua Pegunungan,2023,3,17.94,22.99,14.13,361.1,82.94,1.91,Open-Meteo ERA5,Maret
Papua Pegunungan,2023,4,17.94,22.38,14.49,279.4,84.7,1.75,Open-Meteo ERA5,April
Papua Pegunungan,2023,5,18.53,23.35,14.7,311.1,81.68,1.91,Open-Meteo ERA5,Mei
Papua Pegunungan,2023,6,18.15,23.57,13.38,277.8,79.5,1.95,Open-Meteo ERA5,Juni
Papua Pegunungan,2023,7,18.57,23.69,14.37,267.6,82.03,1.76,Open-Meteo ERA5,Juli
Papua Pegunungan,2023,8,18.45,23.76,13.96,119.5,80.0,1.91,Open-Meteo ERA5,Agustus
Papua Pegunungan,2023,9,18.45,23.44,14.71,334.1,83.57,1.9,Open-Meteo ERA5,September
Papua Pegunungan,2023,10,18.53,24.2,13.95,208.0,80.32,2.34,Open-Meteo ERA5,Oktober
Papua Pegunungan,2023,11,19.08,25.01,14.51,157.8,80.43,2.08,Open-Meteo ERA5,November
Papua Pegunungan,2023,12,18.98,23.88,15.13,304.6,85.42,1.69,Open-Meteo ERA5,Desember
Papua Pegunungan,2024,1,19.16,23.95,15.57,315.7,83.81,1.97,Open-Meteo ERA5,Januari
Papua Pegunungan,2024,2,19.3,24.41,15.42,249.7,83.52,1.67,Open-Meteo ERA5,Februari
Papua Pegunungan,2024,3,19.25,24.21,15.64,364.2,84.97,1.74,Open-Meteo ERA5,Maret
Papua Pegunungan,2024,4,19.44,24.7,15.41,392.9,83.2,1.99,Open-Meteo ERA5,April
Papua Pegunungan,2024,5,19.45,24.45,15.7,517.8,84.94,1.85,Open-Meteo ERA5,Mei
Papua Pegunungan,2024,6,18.65,24.0,13.99,385.2,83.13,2.1,Open-Meteo ERA5,Juni
Papua Pegunungan,2024,7,18.33,23.63,14.09,418.6,83.13,2.04,Open-Meteo ERA5,Juli
Papua Pegunungan,2024,8,18.72,24.93,13.8,453.9,81.19,2.25,Open-Meteo ERA5,Agustus
Papua Pegunungan,2024,9,18.78,24.12,14.85,446.9,80.7,2.16,Open-Meteo ERA5,September
Papua Pegunungan,2024,10,18.63,24.03,14.35,273.0,82.13,2.06,Open-Meteo ERA5,Oktober
Papua Pegunungan,2024,11,19.38,25.0,15.35,205.9,77.7,2.28,Open-Meteo ERA5,November
Papua Pegunungan,2024,12,19.58,24.72,16.19,265.6,80.94,1.99,Open-Meteo ERA5,Desember
Papua Selatan,2015,1,26.6,28.93,24.78,385.8,86.74,5.68,Open-Meteo ERA5,Januari
Papua Selatan,2015,2,26.26,28.54,24.48,316.2,86.18,5.7,Open-Meteo ERA5,Februari
Papua Selatan,2015,3,26.37,28.8,24.43,278.3,85.26,5.32,Open-Meteo ERA5,Maret
Papua Selatan,2015,4,26.82,29.58,24.59,125.7,82.5,4.62,Open-Meteo ERA5,April
Papua Selatan,2015,5,26.42,28.96,24.44,75.8,78.32,5.79,Open-Meteo ERA5,Mei
Papua Selatan,2015,6,25.89,28.27,24.14,25.4,79.1,6.65,Open-Meteo ERA5,Juni
Papua Selatan,2015,7,25.35,28.2,23.2,14.1,75.19,6.37,Open-Meteo ERA5,Juli
Papua Selatan,2015,8,25.24,28.73,22.33,3.8,69.97,6.42,Open-Meteo ERA5,Agustus
Papua Selatan,2015,9,26.18,30.13,23.02,1.2,68.53,7.03,Open-Meteo ERA5,September
Papua Selatan,2015,10,27.1,31.1,24.05,3.0,68.35,6.97,Open-Meteo ERA5,Oktober
Papua Selatan,2015,11,28.29,31.71,25.68,52.8,74.53,5.17,Open-Meteo ERA5,November
Papua Selatan,2015,12,28.77,31.92,26.2,101.1,74.16,5.5,Open-Meteo ERA5,Desember
Papua Selatan,2016,1,28.4,31.49,26.0,125.8,77.48,5.29,Open-Meteo ERA5,Januari
Papua Selatan,2016,2,27.1,29.54,25.12,305.3,85.41,4.63,Open-Meteo ERA5,Februari
Papua Selatan,2016,3,27.53,30.13,25.33,227.1,84.68,4.3,Open-Meteo ERA5,Maret
Papua Selatan,2016,4,26.98,29.51,25.16,287.9,85.8,4.41,Open-Meteo ERA5,April
Papua Selatan,2016,5,27.41,29.94,25.45,79.0,82.45,4.93,Open-Meteo ERA5,Mei
Papua Selatan,2016,6,26.63,28.84,24.8,56.4,80.67,5.75,Open-Meteo ERA5,Juni
Papua Selatan,2016,7,25.78,27.83,24.25,91.1,80.87,6.3,Open-Meteo ERA5,Juli
Papua Selatan,2016,8,25.9,28.32,24.07,49.6,78.74,6.35,Open-Meteo ERA5,Agustus
Papua Selatan,2016,9,26.59,29.21,24.65,113.2,81.5,5.54,Open-Meteo ERA5,September
Papua Selatan,2016,10,27.33,30.35,24.98,69.3,76.58,5.89,Open-Meteo ERA5,Oktober
Papua Selatan,2016,11,28.52,31.94,25.79,37.9,73.3,4.88,Open-Meteo ERA5,November
Papua Selatan,2016,12,27.19,30.04,24.92,315.5,83.35,4.49,Open-Meteo ERA5,Desember
Papua Selatan,2017,1,26.82,30.0,24.46,324.1,87.87,3.85,Open-Meteo ERA5,Januari
Papua Selatan,2017,2,26.75,29.86,24.44,324.9,87.89,4.43,Open-Meteo ERA5,Februari
Papua Selatan,2017,3,26.65,29.83,24.26,412.5,88.29,3.89,Open-Meteo ERA5,Maret
Papua Selatan,2017,4,26.31,29.55,24.2,383.9,88.8,3.88,Open-Meteo ERA5,April
Papua Selatan,2017,5,26.72,29.79,24.55,96.4,81.68,5.3,Open-Meteo ERA5,Mei
Papua Selatan,2017,6,25.83,28.47,24.04,60.1,80.77,6.09,Open-Meteo ERA5,Juni
Papua Selatan,2017,7,25.63,28.5,23.67,43.4,79.65,5.94,Open-Meteo ERA5,Juli
Papua Selatan,2017,8,25.73,29.26,23.23,25.4,75.39,5.99,Open-Meteo ERA5,Agustus
Papua Selatan,2017,9,26.6,30.02,24.28,28.5,76.27,5.98,Open-Meteo ERA5,September
Papua Selatan,2017,10,27.09,30.86,24.51,95.7,81.1,4.8,Open-Meteo ERA5,Oktober
Papua Selatan,2017,11,27.26,31.37,24.49,199.9,81.47,4.52,Open-Meteo ERA5,November
Papua Selatan,2017,12,27.64,31.49,24.77,137.1,80.52,4.01,Open-Meteo ERA5,Desember
Papua Selatan,2018,1,26.92,30.4,24.41,291.8,87.52,3.85,Open-Meteo ERA5,Januari
Papua Selatan,2018,2,26.85,30.08,24.37,315.3,87.11,3.99,Open-Meteo ERA5,Februari
Papua Selatan,2018,3,26.45,29.46,24.23,379.5,88.35,4.31,Open-Meteo ERA5,Maret
Papua Selatan,2018,4,26.58,29.76,24.18,188.5,85.0,4.35,Open-Meteo ERA5,April
Papua Selatan,2018,5,26.28,29.37,24.16,148.1,82.74,5.43,Open-Meteo ERA5,Mei
Papua Selatan,2018,6,25.43,28.53,23.24,51.1,79.23,5.67,Open-Meteo ERA5,Juni
Papua Selatan,2018,7,25.16,28.61,22.65,58.3,78.74,5.77,Open-Meteo ERA5,Juli
Papua Selatan,2018,8,25.54,29.4,22.8,31.4,75.03,5.57,Open-Meteo ERA5,Agustus
Papua Selatan,2018,9,26.05,30.46,22.8,30.0,71.17,6.53,Open-Meteo ERA5,September
Papua Selatan,2018,10,26.75,31.34,23.49,47.1,75.42,5.67,Open-Meteo ERA5,Oktober
Papua Selatan,2018,11,27.92,32.1,24.82,61.2,76.83,4.93,Open-Meteo ERA5,November
Papua Selatan,2018,12,27.56,30.74,25.06,286.0,85.77,4.27,Open-Meteo ERA5,Desember
Papua Selatan,2019,1,26.58,29.58,24.45,396.2,88.81,5.37,Open-Meteo ERA5,Januari
Papua Selatan,2019,2,27.29,30.32,25.03,130.6,84.68,5.57,Open-Meteo ERA5,Februari
Papua Selatan,2019,3,26.25,29.35,24.1,480.2,90.26,4.12,Open-Meteo ERA5,Maret
Papua Selatan,2019,4,26.7,29.97,24.41,240.7,86.47,4.36,Open-Meteo ERA5,April
Papua Selatan,2019,5,26.06,29.16,24.09,194.2,86.32,4.7,Open-Meteo ERA5,Mei
Papua Selatan,2019,6,25.53,28.34,23.58,47.4,81.97,6.08,Open-Meteo ERA5,Juni
Papua Selatan,2019,7,24.78,28.33,22.15,25.2,77.1,5.71,Open-Meteo ERA5,Juli
Papua Selatan,2019,8,25.1,28.64,22.67,44.5,77.68,5.97,Open-Meteo ERA5,Agustus
Papua Selatan,2019,9,25.49,29.79,22.5,32.0,71.27,6.27,Open-Meteo ERA5,September
Papua Selatan,2019,10,26.53,30.96,23.34,40.2,75.16,6.2,Open-Meteo ERA5,Oktober
Papua Selatan,2019,11,27.56,32.25,24.16,24.4,73.27,5.54,Open-Meteo ERA5,November
Papua Selatan,2019,12,28.35,32.62,25.08,104.0,77.9,4.5,Open-Meteo ERA5,Desember
Papua Selatan,2020,1,27.68,31.0,25.03,236.4,85.65,4.06,Open-Meteo ERA5,Januari
Papua Selatan,2020,2,27.12,30.27,24.88,271.8,88.28,5.15,Open-Meteo ERA5,Februari
Papua Selatan,2020,3,26.83,29.95,24.64,388.0,89.19,4.17,Open-Meteo ERA5,Maret
Papua Selatan,2020,4,27.01,30.58,24.56,212.0,85.67,3.84,Open-Meteo ERA5,April
Papua Selatan,2020,5,26.45,29.26,24.5,160.8,84.68,5.27,Open-Meteo ERA5,Mei
Papua Selatan,2020,6,25.93,28.72,24.0,63.7,82.2,6.01,Open-Meteo ERA5,Juni
Papua Selatan,2020,7,25.42,28.1,23.48,51.8,80.61,6.16,Open-Meteo ERA5,Juli
Papua Selatan,2020,8,25.61,29.35,22.79,44.9,78.03,5.76,Open-Meteo ERA5,Agustus
Papua Selatan,2020,9,26.62,30.54,23.87,62.9,75.37,6.38,Open-Meteo ERA5,September
Papua Selatan,2020,10,27.26,31.56,24.18,43.5,75.45,5.75,Open-Meteo ERA5,Oktober
Papua Selatan,2020,11,27.52,31.74,24.42,223.6,80.27,4.72,Open-Meteo ERA5,November
Papua Selatan,2020,12,26.91,30.12,24.53,275.5,87.97,3.39,Open-Meteo ERA5,Desember
Papua Selatan,2021,1,26.79,29.57,24.66,317.6,88.52,4.33,Open-Meteo ERA5,Januari
Papua Selatan,2021,2,26.62,29.92,24.42,302.7,88.57,4.81,Open-Meteo ERA5,Februari
Papua Selatan,2021,3,26.29,29.21,24.17,373.7,89.74,3.86,Open-Meteo ERA5,Maret
Papua Selatan,2021,4,26.24,29.09,24.04,313.8,88.53,3.56,Open-Meteo ERA5,April
Papua Selatan,2021,5,26.37,29.6,24.17,114.4,82.97,5.49,Open-Meteo ERA5,Mei
Papua Selatan,2021,6,25.92,28.97,23.84,78.2,84.03,5.27,Open-Meteo ERA5,Juni
Papua Selatan,2021,7,26.08,29.1,24.08,118.3,83.55,5.33,Open-Meteo ERA5,Juli
Papua Selatan,2021,8,25.8,28.95,23.72,114.8,82.26,5.87,Open-Meteo ERA5,Agustus
Papua Selatan,2021,9,26.21,29.22,24.06,103.6,80.43,6.17,Open-Meteo ERA5,September
Papua Selatan,2021,10,27.2,31.03,24.43,103.6,82.65,4.73,Open-Meteo ERA5,Oktober
Papua Selatan,2021,11,27.28,30.99,24.39,233.0,84.9,3.98,Open-Meteo ERA5,November
Papua Selatan,2021,12,26.99,30.16,24.31,368.8,86.29,3.98,Open-Meteo ERA5,Desember
Papua Selatan,2022,1,26.64,30.09,23.91,334.8,87.19,4.45,Open-Meteo ERA5,Januari
Papua Selatan,2022,2,26.67,30.11,23.99,274.6,85.82,4.34,Open-Meteo ERA5,Februari
Papua Selatan,2022,3,26.27,29.44,23.7,521.2,89.87,3.91,Open-Meteo ERA5,Maret
Papua Selatan,2022,4,26.67,30.21,23.91,265.9,86.7,3.55,Open-Meteo ERA5,April
Papua Selatan,2022,5,26.82,30.37,23.95,142.8,82.06,4.3,Open-Meteo ERA5,Mei
Papua Selatan,2022,6,26.02,29.11,23.81,186.2,85.97,5.17,Open-Meteo ERA5,Juni
Papua Selatan,2022,7,25.62,28.35,23.71,112.4,83.42,5.47,Open-Meteo ERA5,Juli
Papua Selatan,2022,8,25.89,29.15,23.59,107.4,81.84,5.52,Open-Meteo ERA5,Agustus
Papua Selatan,2022,9,26.33,29.98,23.83,232.9,85.97,4.81,Open-Meteo ERA5,September
Papua Selatan,2022,10,26.91,30.6,24.25,153.0,86.26,4.15,Open-Meteo ERA5,Oktober
Papua Selatan,2022,11,26.9,30.74,24.09,342.3,86.27,3.96,Open-Meteo ERA5,November
Papua Selatan,2022,12,26.69,30.09,24.12,260.1,87.32,3.9,Open-Meteo ERA5,Desember
Papua Selatan,2023,1,26.65,29.69,24.17,320.1,87.39,4.39,Open-Meteo ERA5,Januari
Papua Selatan,2023,2,26.5,29.82,24.12,369.5,88.18,5.11,Open-Meteo ERA5,Februari
Papua Selatan,2023,3,26.44,29.76,23.8,419.0,87.9,4.42,Open-Meteo ERA5,Maret
Papua Selatan,2023,4,26.2,29.32,23.89,319.0,89.43,3.5,Open-Meteo ERA5,April
Papua Selatan,2023,5,25.95,28.59,23.97,294.6,87.13,4.81,Open-Meteo ERA5,Mei
Papua Selatan,2023,6,26.13,29.31,23.66,64.3,79.97,5.18,Open-Meteo ERA5,Juni
Papua Selatan,2023,7,25.84,29.05,23.39,55.4,79.23,5.58,Open-Meteo ERA5,Juli
Papua Selatan,2023,8,25.62,29.7,22.5,15.7,72.29,6.25,Open-Meteo ERA5,Agustus
Papua Selatan,2023,9,26.37,30.64,23.12,32.8,71.27,6.33,Open-Meteo ERA5,September
Papua Selatan,2023,10,26.78,31.26,23.49,132.8,75.74,5.82,Open-Meteo ERA5,Oktober
Papua Selatan,2023,11,27.73,32.01,24.41,71.1,76.03,5.29,Open-Meteo ERA5,November
Papua Selatan,2023,12,27.63,31.6,24.71,211.4,84.42,4.35,Open-Meteo ERA5,Desember
Papua Selatan,2024,1,27.57,31.09,24.94,218.3,85.26,4.76,Open-Meteo ERA5,Januari
Papua Selatan,2024,2,27.43,30.91,24.79,244.4,86.86,4.46,Open-Meteo ERA5,Februari
Papua Selatan,2024,3,26.98,30.11,24.69,381.1,89.1,4.34,Open-Meteo ERA5,Maret
Papua Selatan,2024,4,26.69,30.22,24.4,512.6,89.53,3.98,Open-Meteo ERA5,April
Papua Selatan,2024,5,26.55,29.3,24.65,294.8,85.94,5.75,Open-Meteo ERA5,Mei
Papua Selatan,2024,6,25.89,28.92,23.68,68.9,81.1,5.44,Open-Meteo ERA5,Juni
Papua Selatan,2024,7,25.28,28.23,23.16,76.2,79.61,5.84,Open-Meteo ERA5,Juli
Papua Selatan,2024,8,26.15,29.66,23.56,42.5,77.32,6.19,Open-Meteo ERA5,Agustus
Papua Selatan,2024,9,26.89,31.11,23.81,119.3,76.63,5.92,Open-Meteo ERA5,September
Papua Selatan,2024,10,27.28,31.81,24.24,155.4,78.03,5.46,Open-Meteo ERA5,Oktober
Papua Selatan,2024,11,27.3,31.63,24.27,255.5,83.0,4.77,Open-Meteo ERA5,November
Papua Selatan,2024,12,27.27,30.58,24.74,343.9,86.81,4.08,Open-Meteo ERA5,Desember
Papua Tengah,2015,1,25.37,28.38,22.38,217.2,86.74,1.95,Open-Meteo ERA5,Januari
Papua Tengah,2015,2,25.05,28.3,22.17,234.0,87.39,1.82,Open-Meteo ERA5,Februari
Papua Tengah,2015,3,24.85,28.4,21.83,379.0,88.94,1.97,Open-Meteo ERA5,Maret
Papua Tengah,2015,4,25.03,28.69,22.03,405.5,89.37,1.81,Open-Meteo ERA5,April
Papua Tengah,2015,5,25.23,28.61,22.13,422.2,88.26,1.85,Open-Meteo ERA5,Mei
Papua Tengah,2015,6,24.82,27.87,22.06,557.1,89.03,1.71,Open-Meteo ERA5,Juni
Papua Tengah,2015,7,24.79,28.03,21.69,182.9,84.65,2.04,Open-Meteo ERA5,Juli
Papua Tengah,2015,8,25.26,28.5,22.12,97.8,82.06,2.15,Open-Meteo ERA5,Agustus
Papua Tengah,2015,9,25.15,28.45,21.95,333.4,86.0,1.87,Open-Meteo ERA5,September
Papua Tengah,2015,10,25.47,28.98,22.08,173.9,84.45,1.99,Open-Meteo ERA5,Oktober
Papua Tengah,2015,11,24.9,28.61,21.89,667.3,90.73,1.75,Open-Meteo ERA5,November
Papua Tengah,2015,12,25.35,28.64,22.35,473.7,89.06,1.84,Open-Meteo ERA5,Desember
Papua Tengah,2016,1,25.09,28.42,22.32,767.4,90.32,1.95,Open-Meteo ERA5,Januari
Papua Tengah,2016,2,24.89,28.36,22.21,541.9,91.76,1.8,Open-Meteo ERA5,Februari
Papua Tengah,2016,3,25.15,28.07,22.49,710.6,91.45,1.88,Open-Meteo ERA5,Maret
Papua Tengah,2016,4,25.24,28.52,22.5,986.6,91.53,1.79,Open-Meteo ERA5,April
Papua Tengah,2016,5,25.45,29.11,22.57,522.5,90.19,1.82,Open-Meteo ERA5,Mei
Papua Tengah,2016,6,25.15,28.72,22.18,433.8,89.4,1.74,Open-Meteo ERA5,Juni
Papua Tengah,2016,7,24.77,28.0,21.96,433.4,89.1,1.75,Open-Meteo ERA5,Juli
Papua Tengah,2016,8,25.38,28.6,22.45,338.6,87.0,1.97,Open-Meteo ERA5,Agustus
Papua Tengah,2016,9,24.92,28.39,22.13,546.9,89.97,1.99,Open-Meteo ERA5,September
Papua Tengah,2016,10,25.14,28.37,22.04,453.6,90.06,1.94,Open-Meteo ERA5,Oktober
Papua Tengah,2016,11,25.51,29.11,22.44,512.6,88.9,1.95,Open-Meteo ERA5,November
Papua Tengah,2016,12,25.69,29.63,22.65,419.9,88.06,1.83,Open-Meteo ERA5,Desember
Papua Tengah,2017,1,26.62,30.01,24.1,338.5,87.97,2.37,Open-Meteo ERA5,Januari
Papua Tengah,2017,2,26.79,30.52,23.97,300.3,86.25,2.29,Open-Meteo ERA5,Februari
Papua Tengah,2017,3,26.1,29.53,23.47,297.0,88.32,2.21,Open-Meteo ERA5,Maret
Papua Tengah,2017,4,26.34,30.09,23.67,410.2,88.97,2.25,Open-Meteo ERA5,April
Papua Tengah,2017,5,26.1,28.82,24.17,546.7,91.39,2.06,Open-Meteo ERA5,Mei
Papua Tengah,2017,6,25.82,28.81,23.71,226.6,89.77,2.08,Open-Meteo ERA5,Juni
Papua Tengah,2017,7,25.56,28.52,23.41,240.2,89.32,2.1,Open-Meteo ERA5,Juli
Papua Tengah,2017,8,25.72,28.79,23.48,236.5,88.58,2.05,Open-Meteo ERA5,Agustus
Papua Tengah,2017,9,25.83,28.9,23.47,253.2,88.9,2.21,Open-Meteo ERA5,September
Papua Tengah,2017,10,26.45,29.95,23.94,214.8,88.13,2.24,Open-Meteo ERA5,Oktober
Papua Tengah,2017,11,26.33,29.56,24.07,215.0,89.2,2.06,Open-Meteo ERA5,November
Papua Tengah,2017,12,26.71,30.43,24.03,190.7,86.42,2.39,Open-Meteo ERA5,Desember
Papua Tengah,2018,1,26.09,29.17,23.65,295.4,88.32,2.24,Open-Meteo ERA5,Januari
Papua Tengah,2018,2,26.65,30.55,23.84,399.9,85.75,2.51,Open-Meteo ERA5,Februari
Papua Tengah,2018,3,26.66,30.83,23.55,304.6,84.35,2.79,Open-Meteo ERA5,Maret
Papua Tengah,2018,4,26.27,29.7,23.89,239.1,88.53,2.24,Open-Meteo ERA5,April
Papua Tengah,2018,5,26.12,29.07,23.85,260.1,88.65,2.04,Open-Meteo ERA5,Mei
Papua Tengah,2018,6,25.65,28.61,23.36,178.9,88.6,2.2,Open-Meteo ERA5,Juni
Papua Tengah,2018,7,25.94,29.43,23.37,109.8,87.45,2.19,Open-Meteo ERA5,Juli
Papua Tengah,2018,8,26.04,29.77,23.06,84.5,85.48,2.16,Open-Meteo ERA5,Agustus
Papua Tengah,2018,9,25.93,29.57,23.14,111.3,86.5,2.27,Open-Meteo ERA5,September
Papua Tengah,2018,10,26.08,29.53,23.61,268.1,87.55,2.34,Open-Meteo ERA5,Oktober
Papua Tengah,2018,11,26.34,29.71,23.76,294.3,88.57,2.24,Open-Meteo ERA5,November
Papua Tengah,2018,12,26.84,30.44,24.07,198.4,86.35,2.36,Open-Meteo ERA5,Desember
Papua Tengah,2019,1,26.85,30.45,24.05,272.9,86.45,2.59,Open-Meteo ERA5,Januari
Papua Tengah,2019,2,25.86,29.25,23.37,414.8,90.0,2.53,Open-Meteo ERA5,Februari
Papua Tengah,2019,3,26.44,30.11,23.64,472.4,87.45,2.56,Open-Meteo ERA5,Maret
Papua Tengah,2019,4,26.22,29.22,23.97,369.8,90.43,2.1,Open-Meteo ERA5,April
Papua Tengah,2019,5,26.39,29.58,23.85,108.3,88.13,2.11,Open-Meteo ERA5,Mei
Papua Tengah,2019,6,25.93,28.84,23.78,280.1,89.7,2.04,Open-Meteo ERA5,Juni
Papua Tengah,2019,7,25.35,28.63,22.95,217.6,88.74,2.17,Open-Meteo ERA5,Juli
Papua Tengah,2019,8,26.02,29.5,23.3,76.5,85.26,2.37,Open-Meteo ERA5,Agustus
Papua Tengah,2019,9,25.94,29.55,23.22,137.4,84.93,2.38,Open-Meteo ERA5,September
Papua Tengah,2019,10,25.9,29.14,23.57,177.1,87.68,2.14,Open-Meteo ERA5,Oktober
Papua Tengah,2019,11,26.99,31.13,23.97,82.3,83.9,2.52,Open-Meteo ERA5,November
Papua Tengah,2019,12,26.73,30.37,24.12,268.8,87.13,2.37,Open-Meteo ERA5,Desember
Papua Tengah,2020,1,26.78,30.22,24.24,459.6,88.71,2.49,Open-Meteo ERA5,Januari
Papua Tengah,2020,2,26.43,29.55,24.21,405.2,90.38,2.47,Open-Meteo ERA5,Februari
Papua Tengah,2020,3,26.45,29.95,24.05,431.6,89.65,2.26,Open-Meteo ERA5,Maret
Papua Tengah,2020,4,26.39,29.61,24.1,292.3,90.03,2.23,Open-Meteo ERA5,April
Papua Tengah,2020,5,26.72,29.88,24.49,196.7,88.9,2.19,Open-Meteo ERA5,Mei
Papua Tengah,2020,6,25.95,28.82,23.85,147.2,88.47,2.05,Open-Meteo ERA5,Juni
Papua Tengah,2020,7,25.87,29.23,23.35,231.6,87.74,2.17,Open-Meteo ERA5,Juli
Papua Tengah,2020,8,25.78,29.0,23.35,149.2,87.87,2.29,Open-Meteo ERA5,Agustus
Papua Tengah,2020,9,25.74,28.75,23.41,229.5,89.47,2.09,Open-Meteo ERA5,September
Papua Tengah,2020,10,26.18,29.49,23.7,162.4,87.68,2.18,Open-Meteo ERA5,Oktober
Papua Tengah,2020,11,26.45,30.0,23.91,405.5,87.87,2.4,Open-Meteo ERA5,November
Papua Tengah,2020,12,26.37,29.55,23.83,181.9,86.87,2.19,Open-Meteo ERA5,Desember
Papua Tengah,2021,1,26.18,29.34,23.76,109.1,88.13,2.2,Open-Meteo ERA5,Januari
Papua Tengah,2021,2,26.49,30.11,23.88,196.2,87.75,2.38,Open-Meteo ERA5,Februari
Papua Tengah,2021,3,26.04,29.62,23.41,362.0,87.48,2.48,Open-Meteo ERA5,Maret
Papua Tengah,2021,4,26.55,30.47,23.76,137.3,85.87,2.57,Open-Meteo ERA5,April
Papua Tengah,2021,5,26.2,29.26,23.94,225.2,89.26,2.17,Open-Meteo ERA5,Mei
Papua Tengah,2021,6,25.76,28.88,23.43,173.8,88.03,2.13,Open-Meteo ERA5,Juni
Papua Tengah,2021,7,25.7,28.8,23.38,369.9,88.32,2.12,Open-Meteo ERA5,Juli
Papua Tengah,2021,8,25.79,28.95,23.45,136.7,88.35,2.26,Open-Meteo ERA5,Agustus
Papua Tengah,2021,9,25.84,28.96,23.61,301.9,89.27,2.2,Open-Meteo ERA5,September
Papua Tengah,2021,10,26.16,29.56,23.64,274.3,87.45,2.5,Open-Meteo ERA5,Oktober
Papua Tengah,2021,11,26.15,29.95,23.56,229.7,88.53,2.59,Open-Meteo ERA5,November
Papua Tengah,2021,12,26.69,30.79,23.61,293.3,85.39,2.84,Open-Meteo ERA5,Desember
Papua Tengah,2022,1,26.21,30.2,23.52,290.2,88.03,2.43,Open-Meteo ERA5,Januari
Papua Tengah,2022,2,25.85,29.58,23.24,338.7,89.07,2.5,Open-Meteo ERA5,Februari
Papua Tengah,2022,3,26.12,29.97,23.45,251.3,88.06,2.54,Open-Meteo ERA5,Maret
Papua Tengah,2022,4,26.2,30.25,23.28,291.4,87.33,2.55,Open-Meteo ERA5,April
Papua Tengah,2022,5,26.08,29.51,23.7,212.3,88.58,2.38,Open-Meteo ERA5,Mei
Papua Tengah,2022,6,25.54,29.37,22.9,221.9,88.67,2.44,Open-Meteo ERA5,Juni
Papua Tengah,2022,7,25.44,28.94,23.13,321.9,90.45,2.21,Open-Meteo ERA5,Juli
Papua Tengah,2022,8,25.46,29.19,23.0,409.0,89.32,2.39,Open-Meteo ERA5,Agustus
Papua Tengah,2022,9,25.61,29.57,23.02,269.5,88.47,2.45,Open-Meteo ERA5,September
Papua Tengah,2022,10,25.97,29.86,23.43,200.1,88.55,2.57,Open-Meteo ERA5,Oktober
Papua Tengah,2022,11,26.12,29.89,23.65,200.0,88.27,2.54,Open-Meteo ERA5,November
Papua Tengah,2022,12,26.33,30.09,23.65,219.3,86.61,2.54,Open-Meteo ERA5,Desember
Papua Tengah,2023,1,26.45,30.41,23.58,191.5,85.55,2.57,Open-Meteo ERA5,Januari
Papua Tengah,2023,2,26.22,30.25,23.43,297.4,88.54,2.44,Open-Meteo ERA5,Februari
Papua Tengah,2023,3,25.92,29.75,23.24,511.1,89.55,2.43,Open-Meteo ERA5,Maret
Papua Tengah,2023,4,26.46,30.43,23.66,173.2,86.53,2.63,Open-Meteo ERA5,April
Papua Tengah,2023,5,26.69,30.72,23.9,172.0,87.0,2.52,Open-Meteo ERA5,Mei
Papua Tengah,2023,6,26.0,29.71,23.56,212.9,88.53,2.32,Open-Meteo ERA5,Juni
Papua Tengah,2023,7,26.46,30.72,23.51,131.7,85.68,2.48,Open-Meteo ERA5,Juli
Papua Tengah,2023,8,26.5,30.98,23.34,97.7,83.77,2.54,Open-Meteo ERA5,Agustus
Papua Tengah,2023,9,26.25,30.31,23.44,150.5,87.77,2.29,Open-Meteo ERA5,September
Papua Tengah,2023,10,26.92,31.26,23.72,123.2,84.13,2.63,Open-Meteo ERA5,Oktober
Papua Tengah,2023,11,27.36,32.06,23.86,122.2,82.57,2.87,Open-Meteo ERA5,November
Papua Tengah,2023,12,26.76,30.94,23.81,395.8,88.29,2.57,Open-Meteo ERA5,Desember
Papua Tengah,2024,1,26.75,30.57,24.02,362.5,89.03,2.44,Open-Meteo ERA5,Januari
Papua Tengah,2024,2,26.74,30.79,23.95,266.4,87.83,2.66,Open-Meteo ERA5,Februari
Papua Tengah,2024,3,26.72,30.34,24.16,358.0,89.23,2.46,Open-Meteo ERA5,Maret
Papua Tengah,2024,4,26.55,30.19,24.08,376.3,90.97,2.3,Open-Meteo ERA5,April
Papua Tengah,2024,5,26.91,30.82,24.43,269.7,89.77,2.45,Open-Meteo ERA5,Mei
Papua Tengah,2024,6,26.1,29.55,23.67,192.8,90.23,2.09,Open-Meteo ERA5,Juni
Papua Tengah,2024,7,25.96,29.75,23.31,197.7,88.84,2.39,Open-Meteo ERA5,Juli
Papua Tengah,2024,8,26.01,30.11,23.37,221.4,89.13,2.31,Open-Meteo ERA5,Agustus
Papua Tengah,2024,9,26.67,30.93,23.62,147.3,86.2,2.52,Open-Meteo ERA5,September
Papua Tengah,2024,10,26.35,30.24,23.65,146.3,88.13,2.41,Open-Meteo ERA5,Oktober
Papua Tengah,2024,11,26.51,30.29,23.93,157.7,87.9,2.5,Open-Meteo ERA5,November
Papua Tengah,2024,12,26.7,30.51,24.09,324.1,88.81,2.55,Open-Meteo ERA5,Desember
Riau,2015,1,25.22,28.75,22.69,174.3,87.52,2.43,Open-Meteo ERA5,Januari
Riau,2015,2,25.59,29.39,22.65,73.4,85.29,2.37,Open-Meteo ERA5,Februari
Riau,2015,3,25.79,29.95,23.1,238.0,89.23,2.01,Open-Meteo ERA5,Maret
Riau,2015,4,25.91,30.21,23.31,217.6,90.87,2.13,Open-Meteo ERA5,April
Riau,2015,5,26.26,30.08,23.71,189.5,90.52,2.3,Open-Meteo ERA5,Mei
Riau,2015,6,26.65,30.53,23.83,144.8,87.0,2.45,Open-Meteo ERA5,Juni
Riau,2015,7,27.23,31.59,24.01,64.0,81.65,2.54,Open-Meteo ERA5,Juli
Riau,2015,8,26.4,30.51,23.42,136.7,86.16,2.27,Open-Meteo ERA5,Agustus
Riau,2015,9,26.86,31.39,23.34,140.6,82.27,2.38,Open-Meteo ERA5,September
Riau,2015,10,26.7,30.91,23.54,115.1,85.55,2.03,Open-Meteo ERA5,Oktober
Riau,2015,11,25.51,29.26,23.39,359.5,92.53,1.8,Open-Meteo ERA5,November
Riau,2015,12,25.67,29.45,23.37,228.3,90.94,2.21,Open-Meteo ERA5,Desember
Riau,2016,1,25.88,29.69,23.45,230.9,90.55,2.04,Open-Meteo ERA5,Januari
Riau,2016,2,25.97,29.67,23.46,218.8,88.38,2.53,Open-Meteo ERA5,Februari
Riau,2016,3,26.86,30.78,24.17,156.8,87.87,2.14,Open-Meteo ERA5,Maret
Riau,2016,4,27.04,30.98,24.47,198.5,89.43,2.07,Open-Meteo ERA5,April
Riau,2016,5,26.93,30.98,24.45,221.5,90.35,2.06,Open-Meteo ERA5,Mei
Riau,2016,6,26.89,30.72,24.05,95.4,87.97,1.89,Open-Meteo ERA5,Juni
Riau,2016,7,26.79,30.85,23.88,171.7,86.29,2.16,Open-Meteo ERA5,Juli
Riau,2016,8,27.24,31.38,24.02,73.4,83.23,2.07,Open-Meteo ERA5,Agustus
Riau,2016,9,26.85,31.25,23.66,140.8,85.6,2.1,Open-Meteo ERA5,September
Riau,2016,10,26.83,31.15,23.93,172.6,86.52,2.21,Open-Meteo ERA5,Oktober
Riau,2016,11,25.54,29.6,23.48,379.3,92.6,2.17,Open-Meteo ERA5,November
Riau,2016,12,26.14,30.14,23.52,168.9,88.1,2.64,Open-Meteo ERA5,Desember
Riau,2017,1,25.81,29.66,22.84,241.6,87.32,2.75,Open-Meteo ERA5,Januari
Riau,2017,2,25.71,29.66,22.9,316.4,88.14,2.92,Open-Meteo ERA5,Februari
Riau,2017,3,25.79,29.8,23.09,413.3,90.87,2.56,Open-Meteo ERA5,Maret
Riau,2017,4,26.22,30.3,23.62,381.0,91.13,2.45,Open-Meteo ERA5,April
Riau,2017,5,26.93,30.9,24.13,273.3,89.45,2.41,Open-Meteo ERA5,Mei
Riau,2017,6,26.79,30.82,23.83,129.5,87.5,2.37,Open-Meteo ERA5,Juni
Riau,2017,7,26.68,30.81,23.68,101.6,86.13,2.72,Open-Meteo ERA5,Juli
Riau,2017,8,26.31,30.41,23.49,232.4,87.71,2.78,Open-Meteo ERA5,Agustus
Riau,2017,9,26.09,30.4,23.29,197.7,89.33,2.53,Open-Meteo ERA5,September
Riau,2017,10,26.68,30.92,23.44,213.8,86.13,2.43,Open-Meteo ERA5,Oktober
Riau,2017,11,25.83,29.92,23.34,429.1,91.13,2.81,Open-Meteo ERA5,November
Riau,2017,12,25.78,29.65,23.15,290.3,89.97,2.53,Open-Meteo ERA5,Desember
Riau,2018,1,25.59,29.31,22.85,149.4,87.84,2.67,Open-Meteo ERA5,Januari
Riau,2018,2,25.56,29.27,22.94,220.7,88.29,2.57,Open-Meteo ERA5,Februari
Riau,2018,3,25.59,29.63,23.02,254.9,91.03,2.48,Open-Meteo ERA5,Maret
Riau,2018,4,25.93,29.97,23.36,263.7,91.63,2.37,Open-Meteo ERA5,April
Riau,2018,5,26.06,29.88,23.64,263.3,91.97,2.33,Open-Meteo ERA5,Mei
Riau,2018,6,26.49,30.32,23.57,121.1,89.4,2.57,Open-Meteo ERA5,Juni
Riau,2018,7,26.64,30.81,23.51,118.2,86.16,2.67,Open-Meteo ERA5,Juli
Riau,2018,8,26.78,31.35,23.27,100.6,83.71,2.76,Open-Meteo ERA5,Agustus
Riau,2018,9,26.12,30.54,22.85,178.5,87.4,2.26,Open-Meteo ERA5,September
Riau,2018,10,25.63,29.85,23.04,378.8,91.61,2.39,Open-Meteo ERA5,Oktober
Riau,2018,11,25.83,29.92,23.09,335.2,90.73,2.37,Open-Meteo ERA5,November
Riau,2018,12,25.87,29.68,23.1,310.8,90.16,2.48,Open-Meteo ERA5,Desember
Riau,2019,1,25.75,29.55,23.21,267.2,90.06,2.63,Open-Meteo ERA5,Januari
Riau,2019,2,25.92,29.89,23.09,163.3,89.21,2.38,Open-Meteo ERA5,Februari
Riau,2019,3,26.45,30.79,23.15,167.3,87.68,2.28,Open-Meteo ERA5,Maret
Riau,2019,4,26.59,30.39,23.86,317.0,91.07,2.22,Open-Meteo ERA5,April
Riau,2019,5,26.74,30.54,23.95,186.8,90.13,2.29,Open-Meteo ERA5,Mei
Riau,2019,6,26.5,30.08,23.95,230.6,90.47,2.67,Open-Meteo ERA5,Juni
Riau,2019,7,26.8,31.15,23.44,130.4,84.19,2.9,Open-Meteo ERA5,Juli
Riau,2019,8,27.53,32.38,23.68,84.0,77.71,2.94,Open-Meteo ERA5,Agustus
Riau,2019,9,27.31,32.26,23.43,182.2,79.77,2.87,Open-Meteo ERA5,September
Riau,2019,10,26.03,30.48,23.03,281.6,88.9,2.58,Open-Meteo ERA5,Oktober
Riau,2019,11,26.08,30.19,23.25,252.0,89.37,2.34,Open-Meteo ERA5,November
Riau,2019,12,25.35,28.86,23.03,399.2,92.42,2.44,Open-Meteo ERA5,Desember
Riau,2020,1,26.11,29.97,23.37,214.9,88.97,2.61,Open-Meteo ERA5,Januari
Riau,2020,2,26.12,29.89,23.24,219.4,87.38,2.78,Open-Meteo ERA5,Februari
Riau,2020,3,26.62,30.77,23.65,333.1,89.23,2.56,Open-Meteo ERA5,Maret
Riau,2020,4,26.36,30.19,23.8,271.9,91.5,2.31,Open-Meteo ERA5,April
Riau,2020,5,26.98,30.43,24.42,213.8,91.16,2.29,Open-Meteo ERA5,Mei
Riau,2020,6,26.33,29.68,23.64,198.8,90.17,2.54,Open-Meteo ERA5,Juni
Riau,2020,7,26.02,29.75,23.28,241.5,89.81,2.56,Open-Meteo ERA5,Juli
Riau,2020,8,26.73,30.94,23.62,138.6,86.23,2.68,Open-Meteo ERA5,Agustus
Riau,2020,9,26.05,30.16,23.17,335.2,89.0,2.74,Open-Meteo ERA5,September
Riau,2020,10,26.73,30.95,23.45,226.9,84.9,2.33,Open-Meteo ERA5,Oktober
Riau,2020,11,25.65,29.21,23.27,404.4,91.87,2.35,Open-Meteo ERA5,November
Riau,2020,12,26.05,29.73,23.36,139.1,88.23,2.47,Open-Meteo ERA5,Desember
Riau,2021,1,25.12,28.45,22.68,226.7,89.16,2.67,Open-Meteo ERA5,Januari
Riau,2021,2,26.25,30.52,22.99,126.8,84.32,2.84,Open-Meteo ERA5,Februari
Riau,2021,3,25.82,29.96,22.95,357.0,89.68,2.5,Open-Meteo ERA5,Maret
Riau,2021,4,26.18,30.28,23.31,335.8,89.63,2.43,Open-Meteo ERA5,April
Riau,2021,5,26.47,30.26,23.83,303.1,91.42,2.17,Open-Meteo ERA5,Mei
Riau,2021,6,26.76,31.08,23.56,142.0,87.07,2.25,Open-Meteo ERA5,Juni
Riau,2021,7,27.06,31.59,23.44,190.1,82.45,2.41,Open-Meteo ERA5,Juli
Riau,2021,8,26.3,30.51,23.32,209.5,87.29,2.4,Open-Meteo ERA5,Agustus
Riau,2021,9,26.27,30.53,23.2,208.7,87.57,2.31,Open-Meteo ERA5,September
Riau,2021,10,26.95,31.64,23.45,206.3,83.06,2.54,Open-Meteo ERA5,Oktober
Riau,2021,11,26.42,30.97,23.22,277.7,86.63,2.67,Open-Meteo ERA5,November
Riau,2021,12,25.72,29.91,22.77,254.8,89.42,2.78,Open-Meteo ERA5,Desember
Riau,2022,1,25.72,29.97,22.52,169.4,86.87,2.66,Open-Meteo ERA5,Januari
Riau,2022,2,25.54,29.86,22.5,290.4,88.61,2.74,Open-Meteo ERA5,Februari
Riau,2022,3,26.7,31.39,23.2,302.3,85.94,2.56,Open-Meteo ERA5,Maret
Riau,2022,4,26.38,30.93,23.1,317.9,88.53,2.5,Open-Meteo ERA5,April
Riau,2022,5,27.04,31.46,23.46,175.7,85.32,2.54,Open-Meteo ERA5,Mei
Riau,2022,6,26.01,30.38,23.04,236.5,88.63,2.52,Open-Meteo ERA5,Juni
Riau,2022,7,26.84,31.26,23.27,121.4,84.55,2.64,Open-Meteo ERA5,Juli
Riau,2022,8,26.14,30.7,22.94,272.5,87.9,2.68,Open-Meteo ERA5,Agustus
Riau,2022,9,26.03,30.43,22.97,257.2,87.77,2.56,Open-Meteo ERA5,September
Riau,2022,10,25.9,30.15,23.01,304.5,88.68,2.6,Open-Meteo ERA5,Oktober
Riau,2022,11,26.02,30.4,23.01,264.1,88.67,2.88,Open-Meteo ERA5,November
Riau,2022,12,25.44,29.69,22.62,344.2,89.55,2.93,Open-Meteo ERA5,Desember
Riau,2023,1,25.29,29.46,22.49,236.8,88.87,2.92,Open-Meteo ERA5,Januari
Riau,2023,2,25.66,30.3,22.35,198.3,87.07,3.08,Open-Meteo ERA5,Februari
Riau,2023,3,25.64,30.07,22.35,225.3,87.94,2.75,Open-Meteo ERA5,Maret
Riau,2023,4,26.4,31.01,23.17,247.0,89.27,2.67,Open-Meteo ERA5,April
Riau,2023,5,27.04,31.43,23.84,197.6,88.16,2.55,Open-Meteo ERA5,Mei
Riau,2023,6,26.9,31.27,23.59,176.5,87.1,2.88,Open-Meteo ERA5,Juni
Riau,2023,7,26.84,30.96,23.7,150.3,86.13,2.65,Open-Meteo ERA5,Juli
Riau,2023,8,26.39,31.0,23.11,286.2,87.68,2.9,Open-Meteo ERA5,Agustus
Riau,2023,9,27.15,32.03,23.31,153.2,81.87,3.09,Open-Meteo ERA5,September
Riau,2023,10,26.72,31.64,23.39,306.6,87.29,2.94,Open-Meteo ERA5,Oktober
Riau,2023,11,26.32,31.11,23.28,398.0,89.87,2.77,Open-Meteo ERA5,November
Riau,2023,12,25.77,29.72,23.2,460.0,91.61,2.62,Open-Meteo ERA5,Desember
Riau,2024,1,25.56,29.52,23.05,460.1,91.58,2.92,Open-Meteo ERA5,Januari
Riau,2024,2,26.3,30.62,23.37,294.9,89.28,2.89,Open-Meteo ERA5,Februari
Riau,2024,3,27.04,31.47,23.97,260.8,87.61,2.58,Open-Meteo ERA5,Maret
Riau,2024,4,26.99,31.69,24.15,421.7,90.7,2.76,Open-Meteo ERA5,April
Riau,2024,5,27.22,31.38,24.51,333.9,90.19,3.08,Open-Meteo ERA5,Mei
Riau,2024,6,26.65,30.82,23.64,254.8,89.3,2.67,Open-Meteo ERA5,Juni
Riau,2024,7,27.56,32.15,24.11,104.4,81.1,3.06,Open-Meteo ERA5,Juli
Riau,2024,8,26.39,31.17,23.27,268.0,86.94,3.05,Open-Meteo ERA5,Agustus
Riau,2024,9,26.87,31.64,23.54,222.4,86.2,2.81,Open-Meteo ERA5,September
Riau,2024,10,27.22,32.01,23.64,236.1,83.52,2.75,Open-Meteo ERA5,Oktober
Riau,2024,11,26.12,30.24,23.37,453.9,89.1,2.99,Open-Meteo ERA5,November
Riau,2024,12,26.9,30.96,23.95,284.8,84.87,3.25,Open-Meteo ERA5,Desember
Sulawesi Barat,2015,1,26.25,28.23,24.89,412.9,87.55,2.45,Open-Meteo ERA5,Januari
Sulawesi Barat,2015,2,26.0,28.01,24.75,375.1,88.46,2.45,Open-Meteo ERA5,Februari
Sulawesi Barat,2015,3,26.45,28.55,25.01,417.9,88.0,2.05,Open-Meteo ERA5,Maret
Sulawesi Barat,2015,4,26.92,29.15,25.35,376.0,87.83,2.09,Open-Meteo ERA5,April
Sulawesi Barat,2015,5,26.91,28.98,25.32,416.8,88.65,1.85,Open-Meteo ERA5,Mei
Sulawesi Barat,2015,6,26.68,28.71,25.09,397.0,89.1,1.76,Open-Meteo ERA5,Juni
Sulawesi Barat,2015,7,26.86,29.33,24.94,214.9,86.13,1.95,Open-Meteo ERA5,Juli
Sulawesi Barat,2015,8,26.86,29.38,24.73,151.6,84.97,1.97,Open-Meteo ERA5,Agustus
Sulawesi Barat,2015,9,27.08,29.49,25.09,154.3,85.73,2.09,Open-Meteo ERA5,September
Sulawesi Barat,2015,10,27.25,29.73,25.15,241.4,85.9,2.15,Open-Meteo ERA5,Oktober
Sulawesi Barat,2015,11,26.87,28.89,25.43,462.2,89.17,1.91,Open-Meteo ERA5,November
Sulawesi Barat,2015,12,27.08,29.07,25.66,316.9,87.03,2.27,Open-Meteo ERA5,Desember
Sulawesi Barat,2016,1,27.05,29.1,25.67,481.0,88.84,2.17,Open-Meteo ERA5,Januari
Sulawesi Barat,2016,2,27.08,29.02,25.79,271.2,86.86,2.23,Open-Meteo ERA5,Februari
Sulawesi Barat,2016,3,27.43,29.38,26.04,344.0,86.97,2.15,Open-Meteo ERA5,Maret
Sulawesi Barat,2016,4,27.35,29.38,25.89,444.8,88.07,1.93,Open-Meteo ERA5,April
Sulawesi Barat,2016,5,27.68,29.85,26.07,467.0,87.65,1.99,Open-Meteo ERA5,Mei
Sulawesi Barat,2016,6,26.91,28.83,25.4,372.4,88.07,1.87,Open-Meteo ERA5,Juni
Sulawesi Barat,2016,7,26.96,29.18,25.26,321.3,87.58,1.88,Open-Meteo ERA5,Juli
Sulawesi Barat,2016,8,27.32,29.48,25.52,248.0,86.84,1.86,Open-Meteo ERA5,Agustus
Sulawesi Barat,2016,9,27.02,29.16,25.28,490.3,87.83,1.94,Open-Meteo ERA5,September
Sulawesi Barat,2016,10,26.93,29.08,25.5,515.2,88.97,1.96,Open-Meteo ERA5,Oktober
Sulawesi Barat,2016,11,27.09,29.31,25.55,520.8,88.13,2.04,Open-Meteo ERA5,November
Sulawesi Barat,2016,12,27.44,29.54,25.91,191.9,84.26,2.43,Open-Meteo ERA5,Desember
Sulawesi Barat,2017,1,26.72,28.53,25.14,238.1,85.13,3.76,Open-Meteo ERA5,Januari
Sulawesi Barat,2017,2,26.59,28.6,24.86,250.3,85.36,3.98,Open-Meteo ERA5,Februari
Sulawesi Barat,2017,3,26.44,28.57,24.76,190.5,86.65,3.44,Open-Meteo ERA5,Maret
Sulawesi Barat,2017,4,26.81,28.96,25.04,192.6,86.53,3.24,Open-Meteo ERA5,April
Sulawesi Barat,2017,5,26.99,29.13,25.27,316.3,88.13,2.88,Open-Meteo ERA5,Mei
Sulawesi Barat,2017,6,26.53,28.63,24.75,424.9,87.73,3.12,Open-Meteo ERA5,Juni
Sulawesi Barat,2017,7,26.5,28.73,24.61,178.6,86.61,2.77,Open-Meteo ERA5,Juli
Sulawesi Barat,2017,8,26.37,28.64,24.65,191.0,87.61,2.88,Open-Meteo ERA5,Agustus
Sulawesi Barat,2017,9,26.84,29.16,24.89,143.9,86.37,2.93,Open-Meteo ERA5,September
Sulawesi Barat,2017,10,26.97,29.4,24.94,162.9,86.52,3.53,Open-Meteo ERA5,Oktober
Sulawesi Barat,2017,11,26.88,29.0,25.21,213.8,87.0,2.98,Open-Meteo ERA5,November
Sulawesi Barat,2017,12,26.87,28.95,25.11,192.6,84.16,4.25,Open-Meteo ERA5,Desember
Sulawesi Barat,2018,1,26.84,29.02,24.93,137.5,81.65,3.9,Open-Meteo ERA5,Januari
Sulawesi Barat,2018,2,26.42,28.38,24.63,123.1,86.64,3.58,Open-Meteo ERA5,Februari
Sulawesi Barat,2018,3,26.43,28.57,24.63,233.4,85.55,3.58,Open-Meteo ERA5,Maret
Sulawesi Barat,2018,4,26.58,28.82,24.79,212.1,87.93,3.2,Open-Meteo ERA5,April
Sulawesi Barat,2018,5,26.66,28.85,24.7,234.9,88.55,2.86,Open-Meteo ERA5,Mei
Sulawesi Barat,2018,6,26.56,28.71,24.71,185.9,87.4,2.83,Open-Meteo ERA5,Juni
Sulawesi Barat,2018,7,26.8,29.27,24.61,99.1,85.0,2.88,Open-Meteo ERA5,Juli
Sulawesi Barat,2018,8,26.85,29.5,24.42,35.6,83.94,3.59,Open-Meteo ERA5,Agustus
Sulawesi Barat,2018,9,27.03,30.0,24.18,32.1,80.4,3.27,Open-Meteo ERA5,September
Sulawesi Barat,2018,10,26.92,29.48,24.66,123.6,84.9,3.41,Open-Meteo ERA5,Oktober
Sulawesi Barat,2018,11,26.85,29.08,24.97,212.9,86.97,3.41,Open-Meteo ERA5,November
Sulawesi Barat,2018,12,26.56,28.6,24.86,254.7,86.45,3.43,Open-Meteo ERA5,Desember
Sulawesi Barat,2019,1,26.76,28.42,25.22,154.5,85.77,3.97,Open-Meteo ERA5,Januari
Sulawesi Barat,2019,2,26.48,28.46,24.78,239.6,87.32,3.32,Open-Meteo ERA5,Februari
Sulawesi Barat,2019,3,26.72,28.76,24.94,80.4,83.71,3.69,Open-Meteo ERA5,Maret
Sulawesi Barat,2019,4,26.77,28.86,24.94,319.3,87.67,3.29,Open-Meteo ERA5,April
Sulawesi Barat,2019,5,27.19,29.66,24.94,91.5,85.16,2.87,Open-Meteo ERA5,Mei
Sulawesi Barat,2019,6,26.62,28.82,24.87,499.0,89.07,2.92,Open-Meteo ERA5,Juni
Sulawesi Barat,2019,7,26.59,29.1,24.29,47.6,84.71,2.78,Open-Meteo ERA5,Juli
Sulawesi Barat,2019,8,26.82,29.73,23.99,38.2,81.81,3.25,Open-Meteo ERA5,Agustus
Sulawesi Barat,2019,9,27.31,30.4,24.18,17.7,78.27,3.46,Open-Meteo ERA5,September
Sulawesi Barat,2019,10,27.09,29.9,24.64,113.9,83.87,3.04,Open-Meteo ERA5,Oktober
Sulawesi Barat,2019,11,27.63,30.44,25.23,63.0,82.33,3.09,Open-Meteo ERA5,November
Sulawesi Barat,2019,12,26.99,29.29,25.09,129.6,85.42,3.15,Open-Meteo ERA5,Desember
Sulawesi Barat,2020,1,27.03,28.98,25.26,246.9,85.81,3.72,Open-Meteo ERA5,Januari
Sulawesi Barat,2020,2,26.95,28.91,25.4,157.3,85.79,4.28,Open-Meteo ERA5,Februari
Sulawesi Barat,2020,3,27.29,29.53,25.37,135.1,84.29,3.12,Open-Meteo ERA5,Maret
Sulawesi Barat,2020,4,27.29,29.67,25.25,147.9,84.23,3.37,Open-Meteo ERA5,April
Sulawesi Barat,2020,5,27.33,29.55,25.42,258.2,88.0,2.8,Open-Meteo ERA5,Mei
Sulawesi Barat,2020,6,26.55,28.77,24.78,312.5,88.63,2.71,Open-Meteo ERA5,Juni
Sulawesi Barat,2020,7,26.25,28.52,24.53,365.9,88.68,3.0,Open-Meteo ERA5,Juli
Sulawesi Barat,2020,8,26.99,29.53,24.77,51.7,84.32,2.89,Open-Meteo ERA5,Agustus
Sulawesi Barat,2020,9,26.49,28.92,24.62,220.7,88.1,3.13,Open-Meteo ERA5,September
Sulawesi Barat,2020,10,27.01,29.54,24.99,149.1,86.0,3.01,Open-Meteo ERA5,Oktober
Sulawesi Barat,2020,11,26.75,28.92,24.95,225.4,87.37,3.3,Open-Meteo ERA5,November
Sulawesi Barat,2020,12,26.92,29.11,25.06,116.0,83.16,3.34,Open-Meteo ERA5,Desember
Sulawesi Barat,2021,1,26.28,28.15,24.72,547.9,86.68,3.77,Open-Meteo ERA5,Januari
Sulawesi Barat,2021,2,26.69,28.89,24.84,128.6,84.32,4.0,Open-Meteo ERA5,Februari
Sulawesi Barat,2021,3,26.54,28.85,24.65,134.7,85.61,3.28,Open-Meteo ERA5,Maret
Sulawesi Barat,2021,4,27.26,29.93,24.76,59.5,82.17,3.63,Open-Meteo ERA5,April
Sulawesi Barat,2021,5,27.05,29.42,25.11,161.1,86.77,3.12,Open-Meteo ERA5,Mei
Sulawesi Barat,2021,6,26.83,29.34,24.67,141.3,85.2,2.81,Open-Meteo ERA5,Juni
Sulawesi Barat,2021,7,26.42,28.55,24.57,262.0,87.29,3.06,Open-Meteo ERA5,Juli
Sulawesi Barat,2021,8,26.4,28.72,24.59,248.0,87.19,2.94,Open-Meteo ERA5,Agustus
Sulawesi Barat,2021,9,26.42,28.82,24.58,274.3,87.7,3.22,Open-Meteo ERA5,September
Sulawesi Barat,2021,10,26.78,29.25,24.87,199.1,87.61,3.63,Open-Meteo ERA5,Oktober
Sulawesi Barat,2021,11,26.45,28.88,24.59,544.0,86.93,3.5,Open-Meteo ERA5,November
Sulawesi Barat,2021,12,26.65,28.83,24.63,224.4,84.48,4.12,Open-Meteo ERA5,Desember
Sulawesi Barat,2022,1,26.54,28.53,24.55,182.1,82.74,4.3,Open-Meteo ERA5,Januari
Sulawesi Barat,2022,2,26.3,28.27,24.54,217.6,84.75,4.05,Open-Meteo ERA5,Februari
Sulawesi Barat,2022,3,26.71,29.07,24.67,186.8,84.1,3.66,Open-Meteo ERA5,Maret
Sulawesi Barat,2022,4,26.99,29.51,24.72,108.3,84.0,3.4,Open-Meteo ERA5,April
Sulawesi Barat,2022,5,26.98,29.41,25.0,192.3,86.16,3.36,Open-Meteo ERA5,Mei
Sulawesi Barat,2022,6,26.46,28.93,24.34,237.0,87.0,3.06,Open-Meteo ERA5,Juni
Sulawesi Barat,2022,7,26.6,29.25,24.46,176.8,85.68,3.09,Open-Meteo ERA5,Juli
Sulawesi Barat,2022,8,26.57,29.03,24.6,159.4,84.9,3.31,Open-Meteo ERA5,Agustus
Sulawesi Barat,2022,9,26.41,28.95,24.33,286.8,86.7,3.21,Open-Meteo ERA5,September
Sulawesi Barat,2022,10,26.46,28.89,24.43,303.6,87.32,3.59,Open-Meteo ERA5,Oktober
Sulawesi Barat,2022,11,26.77,29.11,24.8,203.3,84.37,3.46,Open-Meteo ERA5,November
Sulawesi Barat,2022,12,26.63,29.16,24.44,215.8,82.23,3.71,Open-Meteo ERA5,Desember
Sulawesi Barat,2023,1,26.37,28.64,24.16,242.5,84.06,3.69,Open-Meteo ERA5,Januari
Sulawesi Barat,2023,2,26.61,28.61,24.71,165.7,83.96,3.87,Open-Meteo ERA5,Februari
Sulawesi Barat,2023,3,26.16,28.46,24.21,259.2,87.23,3.26,Open-Meteo ERA5,Maret
Sulawesi Barat,2023,4,27.05,29.65,24.83,112.0,84.43,3.3,Open-Meteo ERA5,April
Sulawesi Barat,2023,5,27.62,30.21,25.28,124.5,83.97,3.17,Open-Meteo ERA5,Mei
Sulawesi Barat,2023,6,27.15,29.79,25.01,128.2,84.6,2.7,Open-Meteo ERA5,Juni
Sulawesi Barat,2023,7,26.9,29.74,24.53,190.0,82.58,3.11,Open-Meteo ERA5,Juli
Sulawesi Barat,2023,8,27.68,31.25,24.91,30.5,76.1,3.37,Open-Meteo ERA5,Agustus
Sulawesi Barat,2023,9,27.25,30.61,24.55,80.1,79.57,3.25,Open-Meteo ERA5,September
Sulawesi Barat,2023,10,27.86,31.18,25.01,44.3,79.0,3.4,Open-Meteo ERA5,Oktober
Sulawesi Barat,2023,11,27.48,30.53,25.07,212.5,81.8,3.3,Open-Meteo ERA5,November
Sulawesi Barat,2023,12,27.64,30.46,25.31,91.7,79.81,3.66,Open-Meteo ERA5,Desember
Sulawesi Barat,2024,1,27.21,29.3,25.46,212.9,82.84,4.68,Open-Meteo ERA5,Januari
Sulawesi Barat,2024,2,27.56,30.17,25.54,84.0,81.14,4.11,Open-Meteo ERA5,Februari
Sulawesi Barat,2024,3,27.38,29.81,25.61,235.8,84.0,3.89,Open-Meteo ERA5,Maret
Sulawesi Barat,2024,4,28.0,31.06,25.79,83.9,80.33,3.1,Open-Meteo ERA5,April
Sulawesi Barat,2024,5,27.53,30.2,25.4,217.8,86.13,3.19,Open-Meteo ERA5,Mei
Sulawesi Barat,2024,6,26.84,29.44,24.87,277.6,85.93,3.09,Open-Meteo ERA5,Juni
Sulawesi Barat,2024,7,27.08,30.0,24.78,135.6,81.71,3.1,Open-Meteo ERA5,Juli
Sulawesi Barat,2024,8,26.89,30.03,24.55,155.0,82.39,3.13,Open-Meteo ERA5,Agustus
Sulawesi Barat,2024,9,27.6,31.07,24.86,73.4,79.2,3.61,Open-Meteo ERA5,September
Sulawesi Barat,2024,10,27.42,30.61,25.01,115.6,80.94,3.99,Open-Meteo ERA5,Oktober
Sulawesi Barat,2024,11,27.35,30.56,25.06,167.7,81.63,3.27,Open-Meteo ERA5,November
Sulawesi Barat,2024,12,27.37,30.14,25.19,186.5,78.42,4.47,Open-Meteo ERA5,Desember
Sulawesi Selatan,2015,1,24.97,26.46,23.93,565.7,90.26,4.15,Open-Meteo ERA5,Januari
Sulawesi Selatan,2015,2,25.22,26.95,23.87,266.6,88.07,3.73,Open-Meteo ERA5,Februari
Sulawesi Selatan,2015,3,25.79,27.67,24.21,374.1,86.81,3.16,Open-Meteo ERA5,Maret
Sulawesi Selatan,2015,4,26.33,28.38,24.54,335.5,85.83,2.7,Open-Meteo ERA5,April
Sulawesi Selatan,2015,5,26.53,29.08,24.16,208.3,83.61,2.29,Open-Meteo ERA5,Mei
Sulawesi Selatan,2015,6,26.07,28.54,23.87,104.4,83.73,2.25,Open-Meteo ERA5,Juni
Sulawesi Selatan,2015,7,26.12,29.65,22.84,7.3,77.58,2.7,Open-Meteo ERA5,Juli
Sulawesi Selatan,2015,8,26.39,30.48,22.41,4.6,70.45,2.88,Open-Meteo ERA5,Agustus
Sulawesi Selatan,2015,9,27.02,31.44,22.32,0.0,66.9,3.03,Open-Meteo ERA5,September
Sulawesi Selatan,2015,10,28.0,32.08,23.88,19.9,66.77,3.36,Open-Meteo ERA5,Oktober
Sulawesi Selatan,2015,11,27.4,29.36,25.5,182.1,82.33,3.62,Open-Meteo ERA5,November
Sulawesi Selatan,2015,12,26.09,27.78,24.77,478.3,87.81,3.71,Open-Meteo ERA5,Desember
Sulawesi Selatan,2016,1,26.77,28.75,25.02,234.5,85.9,3.12,Open-Meteo ERA5,Januari
Sulawesi Selatan,2016,2,26.11,27.8,24.88,340.5,87.9,3.36,Open-Meteo ERA5,Februari
Sulawesi Selatan,2016,3,26.67,28.48,25.15,278.6,86.97,3.21,Open-Meteo ERA5,Maret
Sulawesi Selatan,2016,4,27.07,29.16,25.39,394.5,85.27,2.47,Open-Meteo ERA5,April
Sulawesi Selatan,2016,5,27.39,29.56,25.56,248.1,84.97,2.2,Open-Meteo ERA5,Mei
Sulawesi Selatan,2016,6,26.68,28.91,24.8,246.4,84.4,2.11,Open-Meteo ERA5,Juni
Sulawesi Selatan,2016,7,26.36,29.1,23.92,195.9,82.42,2.32,Open-Meteo ERA5,Juli
Sulawesi Selatan,2016,8,26.59,29.48,23.88,58.9,79.87,2.88,Open-Meteo ERA5,Agustus
Sulawesi Selatan,2016,9,27.06,29.43,24.57,156.8,81.33,3.08,Open-Meteo ERA5,September
Sulawesi Selatan,2016,10,26.65,28.78,24.69,463.8,84.52,2.49,Open-Meteo ERA5,Oktober
Sulawesi Selatan,2016,11,26.79,28.72,25.08,278.3,85.97,2.71,Open-Meteo ERA5,November
Sulawesi Selatan,2016,12,26.05,27.83,24.81,321.4,87.9,4.09,Open-Meteo ERA5,Desember
Sulawesi Selatan,2017,1,26.26,28.43,24.4,519.9,87.32,3.65,Open-Meteo ERA5,Januari
Sulawesi Selatan,2017,2,26.51,28.59,24.62,497.6,86.79,4.26,Open-Meteo ERA5,Februari
Sulawesi Selatan,2017,3,26.41,28.75,24.29,225.4,86.58,3.32,Open-Meteo ERA5,Maret
Sulawesi Selatan,2017,4,26.8,29.28,24.48,182.4,85.6,3.11,Open-Meteo ERA5,April
Sulawesi Selatan,2017,5,27.22,29.7,24.98,202.9,85.65,3.18,Open-Meteo ERA5,Mei
Sulawesi Selatan,2017,6,26.51,28.91,24.23,219.7,86.17,3.03,Open-Meteo ERA5,Juni
Sulawesi Selatan,2017,7,26.36,28.98,23.62,89.0,83.71,3.29,Open-Meteo ERA5,Juli
Sulawesi Selatan,2017,8,26.66,29.92,23.3,34.6,75.9,4.7,Open-Meteo ERA5,Agustus
Sulawesi Selatan,2017,9,27.81,31.09,24.34,63.3,72.37,5.0,Open-Meteo ERA5,September
Sulawesi Selatan,2017,10,27.55,30.33,24.77,84.3,81.0,4.54,Open-Meteo ERA5,Oktober
Sulawesi Selatan,2017,11,27.03,29.59,24.94,273.5,84.63,3.32,Open-Meteo ERA5,November
Sulawesi Selatan,2017,12,26.44,28.62,24.47,506.6,86.97,3.56,Open-Meteo ERA5,Desember
Sulawesi Selatan,2018,1,26.35,28.41,24.56,492.4,86.81,3.98,Open-Meteo ERA5,Januari
Sulawesi Selatan,2018,2,25.99,28.06,24.12,447.8,88.21,3.64,Open-Meteo ERA5,Februari
Sulawesi Selatan,2018,3,26.13,28.39,24.22,378.9,87.32,3.65,Open-Meteo ERA5,Maret
Sulawesi Selatan,2018,4,26.87,29.62,24.37,177.2,85.7,3.11,Open-Meteo ERA5,April
Sulawesi Selatan,2018,5,27.21,29.59,24.85,226.9,85.03,3.15,Open-Meteo ERA5,Mei
Sulawesi Selatan,2018,6,26.61,29.31,24.13,160.4,84.97,2.96,Open-Meteo ERA5,Juni
Sulawesi Selatan,2018,7,26.37,29.42,23.21,47.0,80.97,4.03,Open-Meteo ERA5,Juli
Sulawesi Selatan,2018,8,27.12,30.65,23.16,4.4,73.32,5.04,Open-Meteo ERA5,Agustus
Sulawesi Selatan,2018,9,27.84,31.8,23.35,11.3,65.67,5.42,Open-Meteo ERA5,September
Sulawesi Selatan,2018,10,28.14,31.96,24.23,31.9,70.97,5.55,Open-Meteo ERA5,Oktober
Sulawesi Selatan,2018,11,27.2,29.73,24.9,153.0,84.8,3.46,Open-Meteo ERA5,November
Sulawesi Selatan,2018,12,26.36,28.49,24.56,444.8,88.9,3.47,Open-Meteo ERA5,Desember
Sulawesi Selatan,2019,1,26.46,28.42,24.73,527.9,88.39,4.17,Open-Meteo ERA5,Januari
Sulawesi Selatan,2019,2,26.48,28.88,24.23,225.0,87.21,3.49,Open-Meteo ERA5,Februari
Sulawesi Selatan,2019,3,26.39,28.46,24.36,363.4,88.1,3.73,Open-Meteo ERA5,Maret
Sulawesi Selatan,2019,4,26.95,29.23,24.88,374.4,87.43,3.02,Open-Meteo ERA5,April
Sulawesi Selatan,2019,5,27.28,29.92,24.63,66.3,84.06,3.3,Open-Meteo ERA5,Mei
Sulawesi Selatan,2019,6,26.6,29.28,23.96,130.7,83.33,3.55,Open-Meteo ERA5,Juni
Sulawesi Selatan,2019,7,26.06,29.22,22.48,30.2,77.9,3.95,Open-Meteo ERA5,Juli
Sulawesi Selatan,2019,8,26.86,30.59,22.83,1.4,68.71,5.53,Open-Meteo ERA5,Agustus
Sulawesi Selatan,2019,9,27.58,31.68,23.06,0.9,64.73,5.41,Open-Meteo ERA5,September
Sulawesi Selatan,2019,10,28.78,32.75,24.65,9.6,65.52,5.77,Open-Meteo ERA5,Oktober
Sulawesi Selatan,2019,11,28.5,31.7,25.16,36.3,74.67,4.91,Open-Meteo ERA5,November
Sulawesi Selatan,2019,12,27.39,30.19,25.16,184.3,83.94,3.34,Open-Meteo ERA5,Desember
Sulawesi Selatan,2020,1,27.05,29.15,25.09,489.7,87.42,3.65,Open-Meteo ERA5,Januari
Sulawesi Selatan,2020,2,26.73,28.77,24.89,323.4,88.62,3.52,Open-Meteo ERA5,Februari
Sulawesi Selatan,2020,3,26.97,29.33,24.9,219.3,87.52,3.13,Open-Meteo ERA5,Maret
Sulawesi Selatan,2020,4,27.04,29.51,24.74,226.5,86.7,3.23,Open-Meteo ERA5,April
Sulawesi Selatan,2020,5,27.4,29.89,25.11,205.1,86.77,3.13,Open-Meteo ERA5,Mei
Sulawesi Selatan,2020,6,26.8,29.49,24.16,108.5,84.3,3.21,Open-Meteo ERA5,Juni
Sulawesi Selatan,2020,7,26.67,29.48,23.76,80.9,81.61,3.61,Open-Meteo ERA5,Juli
Sulawesi Selatan,2020,8,27.32,30.74,23.51,23.9,73.23,4.93,Open-Meteo ERA5,Agustus
Sulawesi Selatan,2020,9,28.21,31.62,24.55,42.8,71.6,4.98,Open-Meteo ERA5,September
Sulawesi Selatan,2020,10,27.84,31.12,24.53,81.4,78.03,4.69,Open-Meteo ERA5,Oktober
Sulawesi Selatan,2020,11,27.2,29.95,24.7,273.0,84.43,3.58,Open-Meteo ERA5,November
Sulawesi Selatan,2020,12,26.1,28.04,24.61,565.0,88.45,3.64,Open-Meteo ERA5,Desember
Sulawesi Selatan,2021,1,25.96,27.71,24.62,582.1,89.74,3.63,Open-Meteo ERA5,Januari
Sulawesi Selatan,2021,2,26.22,28.28,24.35,429.6,87.68,3.92,Open-Meteo ERA5,Februari
Sulawesi Selatan,2021,3,26.26,28.45,24.26,269.8,87.71,3.21,Open-Meteo ERA5,Maret
Sulawesi Selatan,2021,4,26.69,29.52,23.88,150.7,83.8,4.13,Open-Meteo ERA5,April
Sulawesi Selatan,2021,5,27.08,29.72,24.45,146.3,85.65,3.19,Open-Meteo ERA5,Mei
Sulawesi Selatan,2021,6,26.67,29.52,23.84,153.2,85.27,3.3,Open-Meteo ERA5,Juni
Sulawesi Selatan,2021,7,26.28,29.17,23.22,94.8,83.19,3.38,Open-Meteo ERA5,Juli
Sulawesi Selatan,2021,8,27.11,29.9,24.24,99.3,80.84,4.0,Open-Meteo ERA5,Agustus
Sulawesi Selatan,2021,9,27.02,29.82,24.16,122.9,81.57,3.8,Open-Meteo ERA5,September
Sulawesi Selatan,2021,10,27.43,30.57,24.65,113.1,81.55,4.58,Open-Meteo ERA5,Oktober
Sulawesi Selatan,2021,11,26.62,29.42,24.48,350.4,86.0,3.29,Open-Meteo ERA5,November
Sulawesi Selatan,2021,12,26.24,28.35,24.24,448.4,86.9,3.86,Open-Meteo ERA5,Desember
Sulawesi Selatan,2022,1,26.06,28.53,23.82,403.8,85.84,4.37,Open-Meteo ERA5,Januari
Sulawesi Selatan,2022,2,25.99,28.25,23.93,467.6,86.29,4.16,Open-Meteo ERA5,Februari
Sulawesi Selatan,2022,3,26.48,29.16,24.15,249.5,85.77,3.54,Open-Meteo ERA5,Maret
Sulawesi Selatan,2022,4,26.86,29.81,24.09,125.3,84.1,3.11,Open-Meteo ERA5,April
Sulawesi Selatan,2022,5,26.93,29.85,24.39,279.6,86.32,3.19,Open-Meteo ERA5,Mei
Sulawesi Selatan,2022,6,26.36,29.37,23.75,361.6,85.77,3.15,Open-Meteo ERA5,Juni
Sulawesi Selatan,2022,7,26.53,29.5,23.63,93.1,84.19,3.35,Open-Meteo ERA5,Juli
Sulawesi Selatan,2022,8,26.84,30.12,23.71,120.2,79.0,4.07,Open-Meteo ERA5,Agustus
Sulawesi Selatan,2022,9,27.09,30.23,23.88,115.2,80.53,4.28,Open-Meteo ERA5,September
Sulawesi Selatan,2022,10,26.71,29.73,24.26,251.3,85.29,3.62,Open-Meteo ERA5,Oktober
Sulawesi Selatan,2022,11,26.57,29.49,24.28,245.2,85.33,3.39,Open-Meteo ERA5,November
Sulawesi Selatan,2022,12,25.99,28.53,23.81,504.9,86.26,3.9,Open-Meteo ERA5,Desember
Sulawesi Selatan,2023,1,25.97,28.07,24.02,333.2,86.58,4.1,Open-Meteo ERA5,Januari
Sulawesi Selatan,2023,2,25.89,28.04,24.04,483.5,87.04,4.57,Open-Meteo ERA5,Februari
Sulawesi Selatan,2023,3,26.17,28.72,23.88,250.3,86.39,3.42,Open-Meteo ERA5,Maret
Sulawesi Selatan,2023,4,26.55,29.27,24.24,213.3,86.7,3.42,Open-Meteo ERA5,April
Sulawesi Selatan,2023,5,27.24,30.05,24.35,164.5,83.71,3.29,Open-Meteo ERA5,Mei
Sulawesi Selatan,2023,6,27.01,30.07,24.16,106.6,82.8,3.29,Open-Meteo ERA5,Juni
Sulawesi Selatan,2023,7,26.88,30.4,23.42,62.0,77.58,4.02,Open-Meteo ERA5,Juli
Sulawesi Selatan,2023,8,27.97,31.99,23.3,2.1,62.84,5.17,Open-Meteo ERA5,Agustus
Sulawesi Selatan,2023,9,28.81,33.38,23.87,0.9,57.07,5.8,Open-Meteo ERA5,September
Sulawesi Selatan,2023,10,29.35,33.61,24.68,7.7,64.26,5.84,Open-Meteo ERA5,Oktober
Sulawesi Selatan,2023,11,28.3,31.72,25.16,130.5,76.63,4.04,Open-Meteo ERA5,November
Sulawesi Selatan,2023,12,27.26,30.03,24.96,185.0,83.87,3.22,Open-Meteo ERA5,Desember
Sulawesi Selatan,2024,1,26.83,29.22,24.88,478.3,86.29,4.18,Open-Meteo ERA5,Januari
Sulawesi Selatan,2024,2,27.11,29.5,24.93,257.8,85.28,3.65,Open-Meteo ERA5,Februari
Sulawesi Selatan,2024,3,27.21,29.71,25.04,313.4,86.0,3.65,Open-Meteo ERA5,Maret
Sulawesi Selatan,2024,4,27.36,29.95,24.97,192.4,86.67,2.92,Open-Meteo ERA5,April
Sulawesi Selatan,2024,5,27.88,30.48,25.16,111.2,84.19,3.07,Open-Meteo ERA5,Mei
Sulawesi Selatan,2024,6,27.01,29.86,24.12,151.7,83.23,3.24,Open-Meteo ERA5,Juni
Sulawesi Selatan,2024,7,26.73,29.92,23.45,102.0,79.61,3.78,Open-Meteo ERA5,Juli
Sulawesi Selatan,2024,8,28.09,32.11,23.88,7.0,65.97,4.7,Open-Meteo ERA5,Agustus
Sulawesi Selatan,2024,9,28.74,32.6,24.53,23.5,66.43,5.23,Open-Meteo ERA5,September
Sulawesi Selatan,2024,10,28.77,32.49,25.16,49.4,71.0,5.17,Open-Meteo ERA5,Oktober
Sulawesi Selatan,2024,11,27.56,30.65,25.05,214.9,81.5,3.14,Open-Meteo ERA5,November
Sulawesi Selatan,2024,12,26.31,28.15,24.77,674.2,88.42,3.45,Open-Meteo ERA5,Desember
Sulawesi Tengah,2015,1,26.15,29.33,23.84,242.2,91.16,1.82,Open-Meteo ERA5,Januari
Sulawesi Tengah,2015,2,25.54,28.89,23.28,401.2,93.14,1.75,Open-Meteo ERA5,Februari
Sulawesi Tengah,2015,3,25.91,29.5,23.51,379.9,92.23,1.57,Open-Meteo ERA5,Maret
Sulawesi Tengah,2015,4,26.35,30.19,23.71,462.8,92.17,1.57,Open-Meteo ERA5,April
Sulawesi Tengah,2015,5,26.36,30.0,23.95,427.9,92.52,1.48,Open-Meteo ERA5,Mei
Sulawesi Tengah,2015,6,26.21,29.55,23.97,376.5,93.03,1.36,Open-Meteo ERA5,Juni
Sulawesi Tengah,2015,7,26.76,30.73,23.98,193.8,87.06,1.38,Open-Meteo ERA5,Juli
Sulawesi Tengah,2015,8,26.66,30.5,23.84,145.8,87.03,1.41,Open-Meteo ERA5,Agustus
Sulawesi Tengah,2015,9,26.91,31.06,23.89,160.8,86.4,1.38,Open-Meteo ERA5,September
Sulawesi Tengah,2015,10,27.51,31.73,24.17,175.2,84.65,1.51,Open-Meteo ERA5,Oktober
Sulawesi Tengah,2015,11,26.55,30.1,24.13,432.2,91.83,1.41,Open-Meteo ERA5,November
Sulawesi Tengah,2015,12,26.94,30.65,24.37,235.3,89.16,1.74,Open-Meteo ERA5,Desember
Sulawesi Tengah,2016,1,26.66,30.29,24.13,333.8,91.0,1.46,Open-Meteo ERA5,Januari
Sulawesi Tengah,2016,2,26.92,30.62,24.52,304.0,90.24,1.61,Open-Meteo ERA5,Februari
Sulawesi Tengah,2016,3,27.1,30.5,24.82,324.8,91.06,1.6,Open-Meteo ERA5,Maret
Sulawesi Tengah,2016,4,26.97,30.52,24.66,378.4,92.37,1.55,Open-Meteo ERA5,April
Sulawesi Tengah,2016,5,27.14,30.85,24.75,371.2,92.32,1.49,Open-Meteo ERA5,Mei
Sulawesi Tengah,2016,6,26.32,29.7,24.05,442.5,93.0,1.55,Open-Meteo ERA5,Juni
Sulawesi Tengah,2016,7,26.33,29.92,23.86,383.8,91.81,1.37,Open-Meteo ERA5,Juli
Sulawesi Tengah,2016,8,26.69,30.5,23.93,328.8,90.42,1.44,Open-Meteo ERA5,Agustus
Sulawesi Tengah,2016,9,26.54,30.27,24.01,443.7,91.8,1.56,Open-Meteo ERA5,September
Sulawesi Tengah,2016,10,26.6,30.26,24.32,465.4,92.16,1.55,Open-Meteo ERA5,Oktober
Sulawesi Tengah,2016,11,26.65,30.24,24.3,324.5,92.2,1.6,Open-Meteo ERA5,November
Sulawesi Tengah,2016,12,27.07,30.61,24.46,147.0,89.58,1.78,Open-Meteo ERA5,Desember
Sulawesi Tengah,2017,1,26.2,29.09,23.96,288.1,90.48,2.69,Open-Meteo ERA5,Januari
Sulawesi Tengah,2017,2,26.16,29.28,23.88,328.0,90.14,2.63,Open-Meteo ERA5,Februari
Sulawesi Tengah,2017,3,26.11,29.16,23.91,399.3,90.65,2.5,Open-Meteo ERA5,Maret
Sulawesi Tengah,2017,4,26.52,29.74,24.22,317.1,90.13,2.63,Open-Meteo ERA5,April
Sulawesi Tengah,2017,5,26.81,30.08,24.6,339.2,90.61,2.27,Open-Meteo ERA5,Mei
Sulawesi Tengah,2017,6,26.3,29.4,24.15,329.6,89.77,2.25,Open-Meteo ERA5,Juni
Sulawesi Tengah,2017,7,26.23,29.62,23.92,200.0,89.16,2.44,Open-Meteo ERA5,Juli
Sulawesi Tengah,2017,8,26.25,29.86,23.75,209.8,89.23,2.57,Open-Meteo ERA5,Agustus
Sulawesi Tengah,2017,9,26.6,30.29,24.12,216.4,88.43,2.52,Open-Meteo ERA5,September
Sulawesi Tengah,2017,10,26.78,30.36,24.44,212.2,89.19,2.74,Open-Meteo ERA5,Oktober
Sulawesi Tengah,2017,11,26.62,29.9,24.53,273.4,90.33,2.58,Open-Meteo ERA5,November
Sulawesi Tengah,2017,12,26.69,30.25,24.06,215.5,88.32,2.58,Open-Meteo ERA5,Desember
Sulawesi Tengah,2018,1,26.15,29.1,23.74,249.5,89.42,2.5,Open-Meteo ERA5,Januari
Sulawesi Tengah,2018,2,26.24,29.49,23.88,335.3,90.04,2.69,Open-Meteo ERA5,Februari
Sulawesi Tengah,2018,3,26.25,29.65,23.84,329.9,89.19,2.86,Open-Meteo ERA5,Maret
Sulawesi Tengah,2018,4,26.38,29.84,23.94,252.3,90.5,2.6,Open-Meteo ERA5,April
Sulawesi Tengah,2018,5,26.61,30.17,24.24,284.2,89.81,2.36,Open-Meteo ERA5,Mei
Sulawesi Tengah,2018,6,26.34,29.9,23.86,213.0,89.6,2.51,Open-Meteo ERA5,Juni
Sulawesi Tengah,2018,7,26.49,30.41,23.67,183.8,89.26,2.67,Open-Meteo ERA5,Juli
Sulawesi Tengah,2018,8,26.54,30.41,23.64,125.4,88.06,2.63,Open-Meteo ERA5,Agustus
Sulawesi Tengah,2018,9,26.57,30.86,23.44,145.7,86.27,2.86,Open-Meteo ERA5,September
Sulawesi Tengah,2018,10,26.62,30.5,23.9,247.3,88.97,2.9,Open-Meteo ERA5,Oktober
Sulawesi Tengah,2018,11,26.64,30.13,24.18,263.4,90.33,2.6,Open-Meteo ERA5,November
Sulawesi Tengah,2018,12,26.58,30.15,24.04,191.8,89.61,2.59,Open-Meteo ERA5,Desember
Sulawesi Tengah,2019,1,26.39,29.83,24.03,189.1,89.81,2.92,Open-Meteo ERA5,Januari
Sulawesi Tengah,2019,2,26.56,30.51,23.83,202.8,88.43,2.83,Open-Meteo ERA5,Februari
Sulawesi Tengah,2019,3,26.3,29.79,23.67,248.6,89.65,2.76,Open-Meteo ERA5,Maret
Sulawesi Tengah,2019,4,26.63,29.84,24.42,474.0,91.5,2.51,Open-Meteo ERA5,April
Sulawesi Tengah,2019,5,26.85,30.44,24.14,157.1,90.23,2.69,Open-Meteo ERA5,Mei
Sulawesi Tengah,2019,6,26.46,29.67,24.29,325.3,91.1,2.45,Open-Meteo ERA5,Juni
Sulawesi Tengah,2019,7,26.25,30.09,23.34,128.7,87.74,2.63,Open-Meteo ERA5,Juli
Sulawesi Tengah,2019,8,26.63,31.2,23.35,111.3,85.52,3.15,Open-Meteo ERA5,Agustus
Sulawesi Tengah,2019,9,27.18,32.7,23.17,93.3,82.3,3.46,Open-Meteo ERA5,September
Sulawesi Tengah,2019,10,26.78,31.47,23.74,227.2,86.77,3.17,Open-Meteo ERA5,Oktober
Sulawesi Tengah,2019,11,27.16,31.56,24.24,158.9,86.5,3.08,Open-Meteo ERA5,November
Sulawesi Tengah,2019,12,26.6,30.05,24.25,257.7,90.74,2.88,Open-Meteo ERA5,Desember
Sulawesi Tengah,2020,1,26.76,30.28,24.2,235.5,88.9,2.74,Open-Meteo ERA5,Januari
Sulawesi Tengah,2020,2,26.76,30.66,24.07,212.0,88.41,2.85,Open-Meteo ERA5,Februari
Sulawesi Tengah,2020,3,26.83,30.32,24.35,238.9,90.16,2.62,Open-Meteo ERA5,Maret
Sulawesi Tengah,2020,4,26.87,30.44,24.25,313.1,89.93,2.61,Open-Meteo ERA5,April
Sulawesi Tengah,2020,5,27.23,30.72,24.83,253.2,90.39,2.47,Open-Meteo ERA5,Mei
Sulawesi Tengah,2020,6,26.36,29.64,24.12,440.2,90.93,2.39,Open-Meteo ERA5,Juni
Sulawesi Tengah,2020,7,26.11,29.66,23.79,368.7,90.74,2.5,Open-Meteo ERA5,Juli
Sulawesi Tengah,2020,8,26.6,30.6,23.67,170.1,87.65,2.74,Open-Meteo ERA5,Agustus
Sulawesi Tengah,2020,9,26.38,30.17,23.97,347.0,90.13,2.76,Open-Meteo ERA5,September
Sulawesi Tengah,2020,10,26.79,30.69,24.26,288.1,88.77,2.79,Open-Meteo ERA5,Oktober
Sulawesi Tengah,2020,11,26.61,30.27,24.24,302.2,90.2,2.62,Open-Meteo ERA5,November
Sulawesi Tengah,2020,12,26.64,30.29,23.75,183.2,88.42,2.51,Open-Meteo ERA5,Desember
Sulawesi Tengah,2021,1,26.06,29.19,23.66,340.9,90.48,2.81,Open-Meteo ERA5,Januari
Sulawesi Tengah,2021,2,26.11,29.14,23.8,282.1,91.25,2.84,Open-Meteo ERA5,Februari
Sulawesi Tengah,2021,3,26.2,29.85,23.6,274.9,90.13,2.92,Open-Meteo ERA5,Maret
Sulawesi Tengah,2021,4,26.39,29.9,23.51,353.2,90.83,2.84,Open-Meteo ERA5,April
Sulawesi Tengah,2021,5,26.76,30.21,24.29,319.4,90.74,2.67,Open-Meteo ERA5,Mei
Sulawesi Tengah,2021,6,26.39,30.12,23.89,251.8,89.83,2.68,Open-Meteo ERA5,Juni
Sulawesi Tengah,2021,7,26.26,29.84,23.73,404.1,89.87,2.5,Open-Meteo ERA5,Juli
Sulawesi Tengah,2021,8,26.32,29.98,23.87,352.5,89.97,2.67,Open-Meteo ERA5,Agustus
Sulawesi Tengah,2021,9,26.28,29.86,23.99,321.8,90.5,2.59,Open-Meteo ERA5,September
Sulawesi Tengah,2021,10,26.69,30.69,24.17,284.6,89.61,2.87,Open-Meteo ERA5,Oktober
Sulawesi Tengah,2021,11,26.33,30.08,23.86,348.8,90.0,2.88,Open-Meteo ERA5,November
Sulawesi Tengah,2021,12,26.46,30.04,23.74,232.2,89.39,2.95,Open-Meteo ERA5,Desember
Sulawesi Tengah,2022,1,25.92,29.29,23.31,310.7,90.52,2.86,Open-Meteo ERA5,Januari
Sulawesi Tengah,2022,2,25.9,29.35,23.45,254.2,89.5,2.85,Open-Meteo ERA5,Februari
Sulawesi Tengah,2022,3,26.3,29.95,23.68,330.9,89.61,2.85,Open-Meteo ERA5,Maret
Sulawesi Tengah,2022,4,26.7,30.68,23.85,257.4,88.8,2.76,Open-Meteo ERA5,April
Sulawesi Tengah,2022,5,26.77,30.48,24.18,308.4,89.81,2.48,Open-Meteo ERA5,Mei
Sulawesi Tengah,2022,6,26.15,30.29,23.41,194.6,89.43,2.7,Open-Meteo ERA5,Juni
Sulawesi Tengah,2022,7,26.21,29.83,23.75,237.7,89.32,2.54,Open-Meteo ERA5,Juli
Sulawesi Tengah,2022,8,26.14,30.07,23.41,307.3,88.9,2.58,Open-Meteo ERA5,Agustus
Sulawesi Tengah,2022,9,26.23,30.42,23.43,247.0,88.2,2.76,Open-Meteo ERA5,September
Sulawesi Tengah,2022,10,26.42,30.36,23.76,313.8,89.29,2.75,Open-Meteo ERA5,Oktober
Sulawesi Tengah,2022,11,26.49,30.19,23.87,247.8,89.17,2.83,Open-Meteo ERA5,November
Sulawesi Tengah,2022,12,26.47,30.26,23.63,224.4,87.32,2.65,Open-Meteo ERA5,Desember
Sulawesi Tengah,2023,1,26.2,29.78,23.4,264.2,88.71,2.79,Open-Meteo ERA5,Januari
Sulawesi Tengah,2023,2,26.1,29.71,23.5,279.7,89.75,3.0,Open-Meteo ERA5,Februari
Sulawesi Tengah,2023,3,25.97,29.44,23.59,382.6,91.0,2.79,Open-Meteo ERA5,Maret
Sulawesi Tengah,2023,4,26.65,30.57,23.81,289.9,89.43,2.76,Open-Meteo ERA5,April
Sulawesi Tengah,2023,5,27.05,30.93,24.33,230.3,89.26,2.73,Open-Meteo ERA5,Mei
Sulawesi Tengah,2023,6,26.58,30.55,24.08,204.8,89.27,2.6,Open-Meteo ERA5,Juni
Sulawesi Tengah,2023,7,26.6,30.88,23.76,202.8,88.1,2.74,Open-Meteo ERA5,Juli
Sulawesi Tengah,2023,8,27.03,32.27,23.47,193.9,83.32,3.09,Open-Meteo ERA5,Agustus
Sulawesi Tengah,2023,9,26.86,31.85,23.57,257.9,85.3,3.21,Open-Meteo ERA5,September
Sulawesi Tengah,2023,10,27.55,33.03,23.99,186.5,83.74,3.24,Open-Meteo ERA5,Oktober
Sulawesi Tengah,2023,11,27.07,31.75,24.25,396.1,87.33,2.92,Open-Meteo ERA5,November
Sulawesi Tengah,2023,12,26.93,31.21,24.22,289.8,88.23,3.07,Open-Meteo ERA5,Desember
Sulawesi Tengah,2024,1,26.59,30.54,23.91,272.5,89.23,2.94,Open-Meteo ERA5,Januari
Sulawesi Tengah,2024,2,26.95,31.44,24.06,181.8,87.72,3.09,Open-Meteo ERA5,Februari
Sulawesi Tengah,2024,3,27.3,32.1,24.39,248.0,87.74,2.98,Open-Meteo ERA5,Maret
Sulawesi Tengah,2024,4,27.25,31.86,24.64,395.7,89.17,2.91,Open-Meteo ERA5,April
Sulawesi Tengah,2024,5,27.34,31.58,24.87,346.9,90.39,2.62,Open-Meteo ERA5,Mei
Sulawesi Tengah,2024,6,26.43,30.27,24.12,400.7,90.93,2.63,Open-Meteo ERA5,Juni
Sulawesi Tengah,2024,7,26.4,30.56,23.79,265.3,89.16,2.76,Open-Meteo ERA5,Juli
Sulawesi Tengah,2024,8,26.41,31.03,23.54,258.1,88.68,2.93,Open-Meteo ERA5,Agustus
Sulawesi Tengah,2024,9,27.16,31.96,24.02,220.6,85.8,3.18,Open-Meteo ERA5,September
Sulawesi Tengah,2024,10,26.93,31.58,24.12,288.6,87.19,3.0,Open-Meteo ERA5,Oktober
Sulawesi Tengah,2024,11,27.26,31.82,24.44,227.9,85.67,3.21,Open-Meteo ERA5,November
Sulawesi Tengah,2024,12,28.15,32.22,25.08,138.1,78.58,2.77,Open-Meteo ERA5,Desember
Sulawesi Tenggara,2015,1,26.71,29.73,24.49,378.4,89.13,1.94,Open-Meteo ERA5,Januari
Sulawesi Tenggara,2015,2,26.23,29.24,24.03,355.3,90.0,2.28,Open-Meteo ERA5,Februari
Sulawesi Tenggara,2015,3,26.48,29.48,24.32,333.9,88.9,2.5,Open-Meteo ERA5,Maret
Sulawesi Tenggara,2015,4,26.46,29.31,24.37,352.3,90.03,2.36,Open-Meteo ERA5,April
Sulawesi Tenggara,2015,5,26.39,28.98,24.22,201.2,87.19,2.94,Open-Meteo ERA5,Mei
Sulawesi Tenggara,2015,6,25.88,28.22,23.91,206.3,87.8,3.03,Open-Meteo ERA5,Juni
Sulawesi Tenggara,2015,7,25.51,28.09,23.28,76.2,84.52,3.61,Open-Meteo ERA5,Juli
Sulawesi Tenggara,2015,8,25.34,28.52,22.5,16.6,79.81,3.58,Open-Meteo ERA5,Agustus
Sulawesi Tenggara,2015,9,26.21,30.07,22.77,5.0,75.8,3.54,Open-Meteo ERA5,September
Sulawesi Tenggara,2015,10,27.32,31.41,23.95,15.3,73.97,4.01,Open-Meteo ERA5,Oktober
Sulawesi Tenggara,2015,11,28.76,32.4,25.81,49.9,75.9,3.1,Open-Meteo ERA5,November
Sulawesi Tenggara,2015,12,27.7,30.97,25.43,286.6,85.03,2.47,Open-Meteo ERA5,Desember
Sulawesi Tenggara,2016,1,27.45,30.17,25.31,201.2,86.26,3.38,Open-Meteo ERA5,Januari
Sulawesi Tenggara,2016,2,26.97,29.94,24.88,350.9,89.69,2.27,Open-Meteo ERA5,Februari
Sulawesi Tenggara,2016,3,27.16,29.91,25.14,399.4,89.84,2.49,Open-Meteo ERA5,Maret
Sulawesi Tenggara,2016,4,26.74,29.47,24.81,430.1,91.33,2.26,Open-Meteo ERA5,April
Sulawesi Tenggara,2016,5,27.32,29.98,25.22,247.5,88.74,2.49,Open-Meteo ERA5,Mei
Sulawesi Tenggara,2016,6,26.27,28.94,24.3,356.5,89.97,2.47,Open-Meteo ERA5,Juni
Sulawesi Tenggara,2016,7,25.97,28.51,23.74,194.1,87.94,3.06,Open-Meteo ERA5,Juli
Sulawesi Tenggara,2016,8,26.24,29.01,23.88,92.0,84.06,3.03,Open-Meteo ERA5,Agustus
Sulawesi Tenggara,2016,9,27.0,30.07,24.38,148.4,84.67,2.77,Open-Meteo ERA5,September
Sulawesi Tenggara,2016,10,26.79,29.76,24.54,344.8,88.16,2.49,Open-Meteo ERA5,Oktober
Sulawesi Tenggara,2016,11,27.37,30.55,25.05,257.3,87.47,2.33,Open-Meteo ERA5,November
Sulawesi Tenggara,2016,12,27.25,30.47,25.04,311.3,88.55,2.05,Open-Meteo ERA5,Desember
Sulawesi Tenggara,2017,1,26.55,30.19,24.25,255.0,89.16,2.61,Open-Meteo ERA5,Januari
Sulawesi Tenggara,2017,2,26.27,29.83,23.84,346.1,90.21,2.33,Open-Meteo ERA5,Februari
Sulawesi Tenggara,2017,3,26.09,29.58,23.89,338.8,90.71,2.29,Open-Meteo ERA5,Maret
Sulawesi Tenggara,2017,4,26.26,29.86,23.89,307.5,90.5,2.16,Open-Meteo ERA5,April
Sulawesi Tenggara,2017,5,25.62,28.52,23.65,320.1,92.48,2.45,Open-Meteo ERA5,Mei
Sulawesi Tenggara,2017,6,24.81,27.27,23.01,508.2,93.37,2.77,Open-Meteo ERA5,Juni
Sulawesi Tenggara,2017,7,24.73,27.67,22.4,243.0,90.71,2.8,Open-Meteo ERA5,Juli
Sulawesi Tenggara,2017,8,24.81,28.17,21.95,130.1,88.0,3.15,Open-Meteo ERA5,Agustus
Sulawesi Tenggara,2017,9,25.28,28.89,22.34,153.5,87.6,3.05,Open-Meteo ERA5,September
Sulawesi Tenggara,2017,10,26.55,30.53,23.45,112.4,87.03,2.47,Open-Meteo ERA5,Oktober
Sulawesi Tenggara,2017,11,26.74,30.7,23.94,229.2,88.3,2.29,Open-Meteo ERA5,November
Sulawesi Tenggara,2017,12,26.66,30.41,24.18,185.3,87.19,2.86,Open-Meteo ERA5,Desember
Sulawesi Tenggara,2018,1,26.2,29.65,23.85,263.6,90.29,2.33,Open-Meteo ERA5,Januari
Sulawesi Tenggara,2018,2,26.18,29.89,23.95,284.3,88.93,2.94,Open-Meteo ERA5,Februari
Sulawesi Tenggara,2018,3,26.21,30.02,23.79,334.3,89.19,2.54,Open-Meteo ERA5,Maret
Sulawesi Tenggara,2018,4,26.14,29.58,23.59,215.0,89.5,2.39,Open-Meteo ERA5,April
Sulawesi Tenggara,2018,5,25.22,28.19,23.22,322.5,92.71,2.69,Open-Meteo ERA5,Mei
Sulawesi Tenggara,2018,6,24.96,27.83,22.66,266.9,91.07,3.15,Open-Meteo ERA5,Juni
Sulawesi Tenggara,2018,7,24.75,28.04,21.98,151.9,88.74,3.16,Open-Meteo ERA5,Juli
Sulawesi Tenggara,2018,8,25.25,28.93,22.01,44.2,85.0,3.3,Open-Meteo ERA5,Agustus
Sulawesi Tenggara,2018,9,25.35,29.57,21.6,56.5,82.33,3.33,Open-Meteo ERA5,September
Sulawesi Tenggara,2018,10,27.15,32.06,23.05,13.1,78.45,3.37,Open-Meteo ERA5,Oktober
Sulawesi Tenggara,2018,11,27.18,31.33,24.2,231.7,85.8,2.73,Open-Meteo ERA5,November
Sulawesi Tenggara,2018,12,26.74,30.54,24.15,194.1,87.87,2.81,Open-Meteo ERA5,Desember
Sulawesi Tenggara,2019,1,26.25,29.83,23.93,324.8,91.1,2.23,Open-Meteo ERA5,Januari
Sulawesi Tenggara,2019,2,26.0,29.1,23.78,260.5,90.96,2.57,Open-Meteo ERA5,Februari
Sulawesi Tenggara,2019,3,26.2,29.71,23.83,265.6,90.94,2.44,Open-Meteo ERA5,Maret
Sulawesi Tenggara,2019,4,26.03,29.22,23.88,350.7,92.57,2.28,Open-Meteo ERA5,April
Sulawesi Tenggara,2019,5,25.92,29.22,23.51,262.4,91.13,2.74,Open-Meteo ERA5,Mei
Sulawesi Tenggara,2019,6,25.19,28.05,22.79,217.9,89.57,3.55,Open-Meteo ERA5,Juni
Sulawesi Tenggara,2019,7,24.43,27.48,21.7,86.8,87.23,3.4,Open-Meteo ERA5,Juli
Sulawesi Tenggara,2019,8,24.62,28.58,21.05,35.2,83.19,3.85,Open-Meteo ERA5,Agustus
Sulawesi Tenggara,2019,9,25.22,29.58,21.32,12.2,79.87,3.87,Open-Meteo ERA5,September
Sulawesi Tenggara,2019,10,26.71,31.3,22.97,33.1,80.35,3.62,Open-Meteo ERA5,Oktober
Sulawesi Tenggara,2019,11,27.96,32.76,24.12,34.7,78.6,3.19,Open-Meteo ERA5,November
Sulawesi Tenggara,2019,12,27.49,31.96,24.48,258.9,85.1,2.75,Open-Meteo ERA5,Desember
Sulawesi Tenggara,2020,1,26.75,30.12,24.4,268.5,89.97,2.52,Open-Meteo ERA5,Januari
Sulawesi Tenggara,2020,2,26.54,29.86,24.24,306.3,90.79,2.39,Open-Meteo ERA5,Februari
Sulawesi Tenggara,2020,3,26.24,29.39,24.07,369.0,92.19,2.27,Open-Meteo ERA5,Maret
Sulawesi Tenggara,2020,4,26.36,29.64,24.03,273.3,90.73,2.32,Open-Meteo ERA5,April
Sulawesi Tenggara,2020,5,26.33,29.17,24.21,293.9,91.61,2.58,Open-Meteo ERA5,Mei
Sulawesi Tenggara,2020,6,25.16,27.95,23.08,354.6,92.07,3.31,Open-Meteo ERA5,Juni
Sulawesi Tenggara,2020,7,24.87,27.79,22.56,221.7,90.58,3.4,Open-Meteo ERA5,Juli
Sulawesi Tenggara,2020,8,25.27,29.02,22.03,77.1,86.06,3.32,Open-Meteo ERA5,Agustus
Sulawesi Tenggara,2020,9,25.62,29.1,22.77,133.5,87.93,3.36,Open-Meteo ERA5,September
Sulawesi Tenggara,2020,10,26.76,30.64,23.62,80.5,84.19,2.95,Open-Meteo ERA5,Oktober
Sulawesi Tenggara,2020,11,26.89,30.88,24.06,195.6,86.67,2.63,Open-Meteo ERA5,November
Sulawesi Tenggara,2020,12,26.45,29.93,24.08,231.5,89.13,2.46,Open-Meteo ERA5,Desember
Sulawesi Tenggara,2021,1,26.16,29.57,23.82,280.6,90.1,2.43,Open-Meteo ERA5,Januari
Sulawesi Tenggara,2021,2,26.51,30.55,23.88,174.4,88.25,2.77,Open-Meteo ERA5,Februari
Sulawesi Tenggara,2021,3,25.98,29.76,23.5,349.5,90.74,2.3,Open-Meteo ERA5,Maret
Sulawesi Tenggara,2021,4,26.43,30.13,23.84,160.6,89.1,2.41,Open-Meteo ERA5,April
Sulawesi Tenggara,2021,5,25.9,28.87,23.59,250.4,90.71,2.83,Open-Meteo ERA5,Mei
Sulawesi Tenggara,2021,6,25.53,28.41,23.28,270.7,91.07,2.64,Open-Meteo ERA5,Juni
Sulawesi Tenggara,2021,7,24.79,27.8,22.5,254.3,92.26,2.7,Open-Meteo ERA5,Juli
Sulawesi Tenggara,2021,8,24.95,27.86,22.68,267.2,92.03,3.3,Open-Meteo ERA5,Agustus
Sulawesi Tenggara,2021,9,25.08,28.16,22.76,263.0,91.33,2.86,Open-Meteo ERA5,September
Sulawesi Tenggara,2021,10,26.73,30.78,23.65,132.2,86.68,2.5,Open-Meteo ERA5,Oktober
Sulawesi Tenggara,2021,11,26.12,30.3,23.58,282.1,90.2,2.61,Open-Meteo ERA5,November
Sulawesi Tenggara,2021,12,26.65,30.86,24.01,185.9,87.19,3.02,Open-Meteo ERA5,Desember
Sulawesi Tenggara,2022,1,26.32,30.47,23.52,206.2,88.35,2.5,Open-Meteo ERA5,Januari
Sulawesi Tenggara,2022,2,25.95,30.21,23.24,321.3,89.46,2.67,Open-Meteo ERA5,Februari
Sulawesi Tenggara,2022,3,26.04,30.06,23.48,345.4,90.55,2.45,Open-Meteo ERA5,Maret
Sulawesi Tenggara,2022,4,26.37,30.44,23.51,180.2,87.97,2.57,Open-Meteo ERA5,April
Sulawesi Tenggara,2022,5,25.98,29.41,23.45,270.1,90.35,2.39,Open-Meteo ERA5,Mei
Sulawesi Tenggara,2022,6,25.06,28.09,22.8,425.6,92.1,2.67,Open-Meteo ERA5,Juni
Sulawesi Tenggara,2022,7,25.1,28.28,22.63,229.1,89.71,2.89,Open-Meteo ERA5,Juli
Sulawesi Tenggara,2022,8,25.11,28.65,22.38,166.8,87.9,3.3,Open-Meteo ERA5,Agustus
Sulawesi Tenggara,2022,9,25.68,29.43,22.77,120.4,87.83,2.7,Open-Meteo ERA5,September
Sulawesi Tenggara,2022,10,26.35,30.61,23.62,258.8,88.55,2.7,Open-Meteo ERA5,Oktober
Sulawesi Tenggara,2022,11,26.32,30.57,23.65,231.8,88.57,2.45,Open-Meteo ERA5,November
Sulawesi Tenggara,2022,12,26.3,30.67,23.61,250.8,86.58,2.95,Open-Meteo ERA5,Desember
Sulawesi Tenggara,2023,1,26.34,30.53,23.65,240.3,88.0,2.62,Open-Meteo ERA5,Januari
Sulawesi Tenggara,2023,2,26.36,30.34,23.79,243.2,88.64,2.91,Open-Meteo ERA5,Februari
Sulawesi Tenggara,2023,3,26.09,30.47,23.45,346.8,89.81,2.53,Open-Meteo ERA5,Maret
Sulawesi Tenggara,2023,4,26.16,30.19,23.51,293.7,89.43,2.5,Open-Meteo ERA5,April
Sulawesi Tenggara,2023,5,25.97,29.39,23.43,243.8,89.45,2.68,Open-Meteo ERA5,Mei
Sulawesi Tenggara,2023,6,25.57,28.91,22.92,207.7,89.5,2.65,Open-Meteo ERA5,Juni
Sulawesi Tenggara,2023,7,25.34,28.93,22.38,142.9,87.42,2.99,Open-Meteo ERA5,Juli
Sulawesi Tenggara,2023,8,25.59,29.76,21.53,54.7,80.1,4.14,Open-Meteo ERA5,Agustus
Sulawesi Tenggara,2023,9,26.11,31.27,21.33,17.5,75.77,4.45,Open-Meteo ERA5,September
Sulawesi Tenggara,2023,10,27.56,32.76,23.06,12.5,77.03,3.74,Open-Meteo ERA5,Oktober
Sulawesi Tenggara,2023,11,27.92,32.93,24.22,148.0,81.33,3.26,Open-Meteo ERA5,November
Sulawesi Tenggara,2023,12,27.08,31.66,24.29,251.8,88.29,2.61,Open-Meteo ERA5,Desember
Sulawesi Tenggara,2024,1,26.88,31.14,24.3,385.1,89.94,2.5,Open-Meteo ERA5,Januari
Sulawesi Tenggara,2024,2,26.72,30.63,23.97,342.2,89.69,2.56,Open-Meteo ERA5,Februari
Sulawesi Tenggara,2024,3,26.78,30.0,24.37,372.1,89.87,2.82,Open-Meteo ERA5,Maret
Sulawesi Tenggara,2024,4,26.42,30.06,24.04,416.8,91.47,2.47,Open-Meteo ERA5,April
Sulawesi Tenggara,2024,5,26.17,29.5,23.75,320.5,91.26,2.97,Open-Meteo ERA5,Mei
Sulawesi Tenggara,2024,6,25.67,29.12,22.89,147.8,88.23,3.22,Open-Meteo ERA5,Juni
Sulawesi Tenggara,2024,7,25.15,28.56,22.48,191.3,87.94,3.43,Open-Meteo ERA5,Juli
Sulawesi Tenggara,2024,8,25.51,29.74,21.76,58.1,82.97,3.79,Open-Meteo ERA5,Agustus
Sulawesi Tenggara,2024,9,26.51,30.82,22.88,94.3,82.6,3.41,Open-Meteo ERA5,September
Sulawesi Tenggara,2024,10,26.99,31.53,23.44,107.6,83.16,3.07,Open-Meteo ERA5,Oktober
Sulawesi Tenggara,2024,11,27.1,31.76,23.95,265.6,85.83,2.8,Open-Meteo ERA5,November
Sulawesi Tenggara,2024,12,26.95,30.65,24.54,299.6,86.65,3.19,Open-Meteo ERA5,Desember
Sulawesi Utara,2015,1,25.79,28.44,24.17,254.4,91.06,2.98,Open-Meteo ERA5,Januari
Sulawesi Utara,2015,2,25.52,28.08,23.56,244.4,89.64,3.0,Open-Meteo ERA5,Februari
Sulawesi Utara,2015,3,26.07,28.6,24.13,163.2,87.74,2.94,Open-Meteo ERA5,Maret
Sulawesi Utara,2015,4,26.9,29.79,24.81,177.1,86.1,2.2,Open-Meteo ERA5,April
Sulawesi Utara,2015,5,27.18,30.38,25.21,192.6,86.48,1.81,Open-Meteo ERA5,Mei
Sulawesi Utara,2015,6,26.71,29.84,24.65,308.3,88.07,2.01,Open-Meteo ERA5,Juni
Sulawesi Utara,2015,7,26.82,30.19,24.45,35.6,80.52,3.75,Open-Meteo ERA5,Juli
Sulawesi Utara,2015,8,26.99,31.34,23.82,11.7,74.23,3.84,Open-Meteo ERA5,Agustus
Sulawesi Utara,2015,9,27.91,33.21,23.72,4.0,69.77,2.76,Open-Meteo ERA5,September
Sulawesi Utara,2015,10,28.08,33.12,24.37,35.6,71.42,2.98,Open-Meteo ERA5,Oktober
Sulawesi Utara,2015,11,26.67,29.73,24.66,345.8,88.97,1.63,Open-Meteo ERA5,November
Sulawesi Utara,2015,12,26.62,29.28,24.73,147.3,88.65,2.77,Open-Meteo ERA5,Desember
Sulawesi Utara,2016,1,26.56,29.17,24.51,177.6,88.16,2.63,Open-Meteo ERA5,Januari
Sulawesi Utara,2016,2,26.41,29.08,24.47,157.8,88.24,3.0,Open-Meteo ERA5,Februari
Sulawesi Utara,2016,3,27.05,29.72,24.89,48.3,84.77,3.15,Open-Meteo ERA5,Maret
Sulawesi Utara,2016,4,27.3,30.16,25.33,178.3,86.67,2.1,Open-Meteo ERA5,April
Sulawesi Utara,2016,5,27.33,30.25,25.37,514.2,90.16,1.89,Open-Meteo ERA5,Mei
Sulawesi Utara,2016,6,26.88,29.66,24.88,351.8,88.5,1.91,Open-Meteo ERA5,Juni
Sulawesi Utara,2016,7,26.83,30.02,24.73,328.8,87.58,2.02,Open-Meteo ERA5,Juli
Sulawesi Utara,2016,8,27.2,30.85,24.59,148.8,84.65,2.44,Open-Meteo ERA5,Agustus
Sulawesi Utara,2016,9,27.07,30.32,24.88,335.2,86.7,1.79,Open-Meteo ERA5,September
Sulawesi Utara,2016,10,26.82,30.09,24.8,489.1,89.55,1.76,Open-Meteo ERA5,Oktober
Sulawesi Utara,2016,11,27.02,29.98,25.1,242.0,87.83,2.01,Open-Meteo ERA5,November
Sulawesi Utara,2016,12,26.27,28.7,24.65,393.3,91.39,2.6,Open-Meteo ERA5,Desember
Sulawesi Utara,2017,1,25.53,28.25,23.64,474.3,89.77,3.06,Open-Meteo ERA5,Januari
Sulawesi Utara,2017,2,25.6,28.16,23.71,383.9,88.14,3.38,Open-Meteo ERA5,Februari
Sulawesi Utara,2017,3,25.54,28.66,23.54,319.2,88.16,2.79,Open-Meteo ERA5,Maret
Sulawesi Utara,2017,4,26.0,28.99,23.75,190.0,87.37,2.51,Open-Meteo ERA5,April
Sulawesi Utara,2017,5,26.31,29.31,24.23,275.3,87.71,2.02,Open-Meteo ERA5,Mei
Sulawesi Utara,2017,6,25.71,28.81,23.65,353.6,87.43,2.4,Open-Meteo ERA5,Juni
Sulawesi Utara,2017,7,25.89,29.01,23.66,182.9,86.13,2.16,Open-Meteo ERA5,Juli
Sulawesi Utara,2017,8,26.01,29.37,23.66,353.4,84.29,2.27,Open-Meteo ERA5,Agustus
Sulawesi Utara,2017,9,26.19,29.42,23.92,219.7,84.93,2.28,Open-Meteo ERA5,September
Sulawesi Utara,2017,10,26.4,29.74,24.03,274.6,84.9,2.45,Open-Meteo ERA5,Oktober
Sulawesi Utara,2017,11,25.85,28.58,23.55,226.3,88.93,2.32,Open-Meteo ERA5,November
Sulawesi Utara,2017,12,26.28,29.32,24.07,229.5,87.55,2.85,Open-Meteo ERA5,Desember
Sulawesi Utara,2018,1,25.66,28.51,23.62,336.4,88.39,2.9,Open-Meteo ERA5,Januari
Sulawesi Utara,2018,2,25.73,28.53,23.8,270.5,86.82,3.29,Open-Meteo ERA5,Februari
Sulawesi Utara,2018,3,25.55,28.31,23.56,285.1,88.48,3.12,Open-Meteo ERA5,Maret
Sulawesi Utara,2018,4,25.74,28.62,23.65,196.1,88.4,2.48,Open-Meteo ERA5,April
Sulawesi Utara,2018,5,26.44,29.72,24.2,157.2,85.03,2.21,Open-Meteo ERA5,Mei
Sulawesi Utara,2018,6,26.23,29.74,23.71,229.0,84.73,2.32,Open-Meteo ERA5,Juni
Sulawesi Utara,2018,7,26.47,30.15,23.77,146.8,81.87,2.58,Open-Meteo ERA5,Juli
Sulawesi Utara,2018,8,26.87,30.81,23.82,67.9,75.77,2.83,Open-Meteo ERA5,Agustus
Sulawesi Utara,2018,9,27.32,32.07,23.68,17.2,67.63,3.43,Open-Meteo ERA5,September
Sulawesi Utara,2018,10,26.8,30.96,24.01,134.0,78.81,3.21,Open-Meteo ERA5,Oktober
Sulawesi Utara,2018,11,26.28,29.5,23.93,139.8,85.73,2.61,Open-Meteo ERA5,November
Sulawesi Utara,2018,12,25.71,28.36,23.84,346.1,90.03,3.34,Open-Meteo ERA5,Desember
Sulawesi Utara,2019,1,25.38,27.98,23.42,428.4,90.32,3.03,Open-Meteo ERA5,Januari
Sulawesi Utara,2019,2,25.51,28.42,23.4,168.7,84.21,3.41,Open-Meteo ERA5,Februari
Sulawesi Utara,2019,3,25.66,28.52,23.52,208.2,85.45,3.11,Open-Meteo ERA5,Maret
Sulawesi Utara,2019,4,26.13,29.19,23.96,292.3,86.37,2.6,Open-Meteo ERA5,April
Sulawesi Utara,2019,5,26.85,30.11,24.47,74.5,83.58,2.61,Open-Meteo ERA5,Mei
Sulawesi Utara,2019,6,26.11,29.14,23.79,249.8,87.77,2.04,Open-Meteo ERA5,Juni
Sulawesi Utara,2019,7,26.02,29.46,23.3,119.2,81.13,2.36,Open-Meteo ERA5,Juli
Sulawesi Utara,2019,8,27.35,31.96,23.71,13.2,66.87,3.27,Open-Meteo ERA5,Agustus
Sulawesi Utara,2019,9,27.56,32.59,23.62,12.2,61.27,4.08,Open-Meteo ERA5,September
Sulawesi Utara,2019,10,26.9,31.6,23.87,101.3,77.45,3.02,Open-Meteo ERA5,Oktober
Sulawesi Utara,2019,11,27.35,31.44,24.05,34.6,75.77,3.29,Open-Meteo ERA5,November
Sulawesi Utara,2019,12,26.38,29.71,23.99,163.9,86.13,2.97,Open-Meteo ERA5,Desember
Sulawesi Utara,2020,1,26.05,29.07,23.78,218.3,86.42,2.99,Open-Meteo ERA5,Januari
Sulawesi Utara,2020,2,25.88,28.84,23.7,218.9,87.14,3.31,Open-Meteo ERA5,Februari
Sulawesi Utara,2020,3,25.97,28.84,23.85,216.5,87.48,2.95,Open-Meteo ERA5,Maret
Sulawesi Utara,2020,4,26.23,29.48,23.89,175.6,85.77,2.72,Open-Meteo ERA5,April
Sulawesi Utara,2020,5,26.86,30.2,24.53,193.8,86.35,2.56,Open-Meteo ERA5,Mei
Sulawesi Utara,2020,6,25.78,28.77,23.72,374.7,89.67,2.34,Open-Meteo ERA5,Juni
Sulawesi Utara,2020,7,25.66,28.77,23.49,376.3,88.84,2.12,Open-Meteo ERA5,Juli
Sulawesi Utara,2020,8,26.24,29.8,23.7,411.4,83.16,2.62,Open-Meteo ERA5,Agustus
Sulawesi Utara,2020,9,26.07,29.69,23.92,242.4,86.63,2.46,Open-Meteo ERA5,September
Sulawesi Utara,2020,10,26.25,29.7,23.96,171.9,85.42,2.7,Open-Meteo ERA5,Oktober
Sulawesi Utara,2020,11,26.04,29.32,23.66,244.4,87.3,2.61,Open-Meteo ERA5,November
Sulawesi Utara,2020,12,25.87,28.75,23.91,318.6,89.58,2.83,Open-Meteo ERA5,Desember
Sulawesi Utara,2021,1,25.41,27.91,23.55,483.7,91.1,2.8,Open-Meteo ERA5,Januari
Sulawesi Utara,2021,2,25.56,28.05,23.63,267.5,89.43,3.09,Open-Meteo ERA5,Februari
Sulawesi Utara,2021,3,25.57,28.38,23.32,287.9,88.52,2.7,Open-Meteo ERA5,Maret
Sulawesi Utara,2021,4,26.3,29.6,23.99,149.0,86.23,2.99,Open-Meteo ERA5,April
Sulawesi Utara,2021,5,26.11,29.1,23.98,319.2,89.0,2.39,Open-Meteo ERA5,Mei
Sulawesi Utara,2021,6,26.12,29.51,23.77,244.9,86.3,2.27,Open-Meteo ERA5,Juni
Sulawesi Utara,2021,7,26.13,29.42,23.66,265.8,85.16,2.48,Open-Meteo ERA5,Juli
Sulawesi Utara,2021,8,26.15,29.63,23.77,210.3,84.42,2.57,Open-Meteo ERA5,Agustus
Sulawesi Utara,2021,9,25.66,28.98,23.49,439.5,88.9,2.42,Open-Meteo ERA5,September
Sulawesi Utara,2021,10,26.58,30.25,23.94,182.2,83.39,2.9,Open-Meteo ERA5,Oktober
Sulawesi Utara,2021,11,25.88,29.18,23.67,305.3,87.63,2.72,Open-Meteo ERA5,November
Sulawesi Utara,2021,12,25.77,28.43,23.82,441.2,88.0,3.56,Open-Meteo ERA5,Desember
Sulawesi Utara,2022,1,25.21,28.16,22.98,377.3,88.97,2.79,Open-Meteo ERA5,Januari
Sulawesi Utara,2022,2,24.72,27.45,22.85,537.0,91.11,2.93,Open-Meteo ERA5,Februari
Sulawesi Utara,2022,3,25.58,28.84,23.3,334.0,88.03,2.92,Open-Meteo ERA5,Maret
Sulawesi Utara,2022,4,26.15,29.41,23.69,166.8,85.6,2.98,Open-Meteo ERA5,April
Sulawesi Utara,2022,5,26.02,29.3,23.74,377.4,87.74,2.48,Open-Meteo ERA5,Mei
Sulawesi Utara,2022,6,25.94,29.54,23.55,223.8,85.8,2.5,Open-Meteo ERA5,Juni
Sulawesi Utara,2022,7,25.91,29.33,23.46,301.8,86.61,2.45,Open-Meteo ERA5,Juli
Sulawesi Utara,2022,8,25.89,29.3,23.51,296.8,84.9,2.5,Open-Meteo ERA5,Agustus
Sulawesi Utara,2022,9,26.08,29.92,23.7,202.9,84.27,2.67,Open-Meteo ERA5,September
Sulawesi Utara,2022,10,26.4,30.07,23.99,203.0,85.23,2.88,Open-Meteo ERA5,Oktober
Sulawesi Utara,2022,11,25.85,28.81,23.58,196.9,87.63,2.46,Open-Meteo ERA5,November
Sulawesi Utara,2022,12,25.71,28.53,23.68,208.9,87.55,3.26,Open-Meteo ERA5,Desember
Sulawesi Utara,2023,1,25.51,28.17,23.51,306.5,87.84,3.59,Open-Meteo ERA5,Januari
Sulawesi Utara,2023,2,25.3,27.98,23.16,321.0,87.68,3.29,Open-Meteo ERA5,Februari
Sulawesi Utara,2023,3,25.53,28.52,23.29,345.4,87.9,2.98,Open-Meteo ERA5,Maret
Sulawesi Utara,2023,4,26.42,29.67,23.88,239.3,84.63,3.28,Open-Meteo ERA5,April
Sulawesi Utara,2023,5,26.81,30.33,24.36,141.9,84.32,2.72,Open-Meteo ERA5,Mei
Sulawesi Utara,2023,6,26.44,29.83,24.06,193.2,84.87,2.39,Open-Meteo ERA5,Juni
Sulawesi Utara,2023,7,26.21,30.06,23.45,252.2,85.19,2.44,Open-Meteo ERA5,Juli
Sulawesi Utara,2023,8,26.85,31.49,23.46,114.1,78.23,2.7,Open-Meteo ERA5,Agustus
Sulawesi Utara,2023,9,26.51,31.09,23.0,121.7,77.37,3.05,Open-Meteo ERA5,September
Sulawesi Utara,2023,10,27.71,32.78,23.36,29.5,71.48,3.34,Open-Meteo ERA5,Oktober
Sulawesi Utara,2023,11,26.9,30.68,24.03,207.6,82.83,2.74,Open-Meteo ERA5,November
Sulawesi Utara,2023,12,26.46,29.97,24.03,230.2,86.26,2.86,Open-Meteo ERA5,Desember
Sulawesi Utara,2024,1,26.01,28.95,23.85,426.9,87.9,2.82,Open-Meteo ERA5,Januari
Sulawesi Utara,2024,2,26.24,29.49,23.74,184.7,84.79,3.31,Open-Meteo ERA5,Februari
Sulawesi Utara,2024,3,26.51,29.79,24.08,188.6,84.65,3.34,Open-Meteo ERA5,Maret
Sulawesi Utara,2024,4,26.58,30.07,23.84,252.7,85.6,2.87,Open-Meteo ERA5,April
Sulawesi Utara,2024,5,27.04,30.73,24.47,210.7,86.9,2.57,Open-Meteo ERA5,Mei
Sulawesi Utara,2024,6,26.05,29.41,23.88,292.9,89.2,2.35,Open-Meteo ERA5,Juni
Sulawesi Utara,2024,7,26.25,29.94,23.58,192.4,84.61,2.41,Open-Meteo ERA5,Juli
Sulawesi Utara,2024,8,26.04,29.89,23.44,308.9,86.0,2.47,Open-Meteo ERA5,Agustus
Sulawesi Utara,2024,9,27.3,32.18,23.71,71.3,75.47,2.96,Open-Meteo ERA5,September
Sulawesi Utara,2024,10,26.61,30.77,23.49,188.2,83.81,2.8,Open-Meteo ERA5,Oktober
Sulawesi Utara,2024,11,26.53,30.28,24.12,230.3,85.3,2.57,Open-Meteo ERA5,November
Sulawesi Utara,2024,12,26.51,29.39,24.68,231.2,86.68,3.37,Open-Meteo ERA5,Desember
Sumatera Barat,2015,1,25.56,28.59,22.95,229.8,85.97,1.81,Open-Meteo ERA5,Januari
Sumatera Barat,2015,2,25.98,29.2,23.11,356.8,84.96,1.69,Open-Meteo ERA5,Februari
Sumatera Barat,2015,3,25.83,28.74,23.33,317.5,87.48,1.85,Open-Meteo ERA5,Maret
Sumatera Barat,2015,4,25.52,28.2,23.26,498.5,90.53,1.74,Open-Meteo ERA5,April
Sumatera Barat,2015,5,26.2,28.8,23.79,356.6,88.97,1.75,Open-Meteo ERA5,Mei
Sumatera Barat,2015,6,26.06,28.81,23.53,429.3,88.57,1.74,Open-Meteo ERA5,Juni
Sumatera Barat,2015,7,25.96,29.0,23.22,204.6,86.13,1.85,Open-Meteo ERA5,Juli
Sumatera Barat,2015,8,25.59,28.36,23.17,379.3,89.03,1.66,Open-Meteo ERA5,Agustus
Sumatera Barat,2015,9,25.66,28.65,23.14,303.6,89.17,1.71,Open-Meteo ERA5,September
Sumatera Barat,2015,10,25.86,28.67,23.52,515.1,89.13,1.4,Open-Meteo ERA5,Oktober
Sumatera Barat,2015,11,25.26,27.71,23.17,838.1,91.37,1.59,Open-Meteo ERA5,November
Sumatera Barat,2015,12,25.74,28.64,23.26,423.3,88.0,1.8,Open-Meteo ERA5,Desember
Sumatera Barat,2016,1,26.25,29.48,23.59,430.4,87.65,1.66,Open-Meteo ERA5,Januari
Sumatera Barat,2016,2,26.6,29.81,23.62,296.3,84.21,1.86,Open-Meteo ERA5,Februari
Sumatera Barat,2016,3,26.81,29.87,24.28,436.4,86.55,1.62,Open-Meteo ERA5,Maret
Sumatera Barat,2016,4,26.5,29.24,24.18,419.5,89.73,1.71,Open-Meteo ERA5,April
Sumatera Barat,2016,5,26.58,29.13,24.18,562.2,88.45,1.77,Open-Meteo ERA5,Mei
Sumatera Barat,2016,6,26.58,29.35,23.92,206.5,82.2,2.04,Open-Meteo ERA5,Juni
Sumatera Barat,2016,7,25.89,28.78,23.11,212.9,86.71,1.96,Open-Meteo ERA5,Juli
Sumatera Barat,2016,8,25.59,28.2,23.18,225.7,86.29,2.26,Open-Meteo ERA5,Agustus
Sumatera Barat,2016,9,25.35,27.94,22.97,208.9,87.77,2.29,Open-Meteo ERA5,September
Sumatera Barat,2016,10,25.09,27.62,22.92,231.7,88.61,2.4,Open-Meteo ERA5,Oktober
Sumatera Barat,2016,11,25.25,27.87,23.01,414.5,90.0,2.08,Open-Meteo ERA5,November
Sumatera Barat,2016,12,25.07,27.52,22.98,307.0,88.77,2.37,Open-Meteo ERA5,Desember
Sumatera Barat,2017,1,25.6,28.1,23.39,526.1,84.48,2.74,Open-Meteo ERA5,Januari
Sumatera Barat,2017,2,25.61,28.07,23.33,485.6,86.0,2.48,Open-Meteo ERA5,Februari
Sumatera Barat,2017,3,26.1,28.78,23.67,307.5,83.35,2.48,Open-Meteo ERA5,Maret
Sumatera Barat,2017,4,25.81,28.01,23.79,451.8,87.53,2.15,Open-Meteo ERA5,April
Sumatera Barat,2017,5,26.39,28.86,24.14,549.9,86.29,2.49,Open-Meteo ERA5,Mei
Sumatera Barat,2017,6,26.18,28.83,23.56,111.8,82.4,2.39,Open-Meteo ERA5,Juni
Sumatera Barat,2017,7,25.68,28.28,23.29,215.5,83.39,2.39,Open-Meteo ERA5,Juli
Sumatera Barat,2017,8,25.7,28.39,23.26,337.6,85.16,2.53,Open-Meteo ERA5,Agustus
Sumatera Barat,2017,9,25.54,28.15,23.34,471.6,87.27,2.47,Open-Meteo ERA5,September
Sumatera Barat,2017,10,25.95,28.41,23.72,319.6,84.06,2.35,Open-Meteo ERA5,Oktober
Sumatera Barat,2017,11,25.16,27.32,23.38,900.5,90.33,2.7,Open-Meteo ERA5,November
Sumatera Barat,2017,12,25.33,27.69,23.37,810.4,86.84,2.54,Open-Meteo ERA5,Desember
Sumatera Barat,2018,1,25.81,28.47,23.47,360.3,79.39,2.43,Open-Meteo ERA5,Januari
Sumatera Barat,2018,2,25.91,28.73,23.59,183.7,83.36,2.48,Open-Meteo ERA5,Februari
Sumatera Barat,2018,3,25.64,28.3,23.46,500.1,87.29,2.42,Open-Meteo ERA5,Maret
Sumatera Barat,2018,4,25.84,28.24,23.61,499.1,87.3,2.37,Open-Meteo ERA5,April
Sumatera Barat,2018,5,25.81,28.12,23.63,403.9,88.58,2.21,Open-Meteo ERA5,Mei
Sumatera Barat,2018,6,25.99,28.68,23.48,174.7,84.53,2.39,Open-Meteo ERA5,Juni
Sumatera Barat,2018,7,25.46,28.11,22.92,160.0,85.61,2.56,Open-Meteo ERA5,Juli
Sumatera Barat,2018,8,25.4,27.96,23.05,478.6,85.81,2.6,Open-Meteo ERA5,Agustus
Sumatera Barat,2018,9,25.15,27.85,22.65,522.2,87.9,2.52,Open-Meteo ERA5,September
Sumatera Barat,2018,10,24.97,27.4,22.85,548.3,90.77,2.38,Open-Meteo ERA5,Oktober
Sumatera Barat,2018,11,25.26,27.57,23.11,507.0,89.9,2.21,Open-Meteo ERA5,November
Sumatera Barat,2018,12,25.68,28.14,23.33,457.2,84.65,2.08,Open-Meteo ERA5,Desember
Sumatera Barat,2019,1,25.76,28.36,23.57,381.4,87.1,2.66,Open-Meteo ERA5,Januari
Sumatera Barat,2019,2,25.93,28.48,23.62,297.2,87.93,2.32,Open-Meteo ERA5,Februari
Sumatera Barat,2019,3,26.01,28.96,23.47,203.2,85.84,2.61,Open-Meteo ERA5,Maret
Sumatera Barat,2019,4,26.29,28.89,23.97,272.7,86.8,2.11,Open-Meteo ERA5,April
Sumatera Barat,2019,5,26.28,28.82,23.92,410.7,86.42,2.17,Open-Meteo ERA5,Mei
Sumatera Barat,2019,6,26.04,28.34,23.8,337.4,87.67,2.31,Open-Meteo ERA5,Juni
Sumatera Barat,2019,7,25.77,28.56,23.18,270.6,87.1,2.47,Open-Meteo ERA5,Juli
Sumatera Barat,2019,8,25.41,28.2,22.85,288.3,87.52,2.82,Open-Meteo ERA5,Agustus
Sumatera Barat,2019,9,25.41,28.34,22.51,157.4,86.27,3.03,Open-Meteo ERA5,September
Sumatera Barat,2019,10,25.03,27.42,22.78,424.1,90.55,2.6,Open-Meteo ERA5,Oktober
Sumatera Barat,2019,11,25.39,27.83,23.07,366.3,89.1,2.58,Open-Meteo ERA5,November
Sumatera Barat,2019,12,25.61,27.89,23.53,545.8,90.68,2.14,Open-Meteo ERA5,Desember
Sumatera Barat,2020,1,26.21,28.95,23.74,451.6,87.42,2.4,Open-Meteo ERA5,Januari
Sumatera Barat,2020,2,26.79,29.7,24.28,430.7,83.41,2.56,Open-Meteo ERA5,Februari
Sumatera Barat,2020,3,26.48,29.2,24.08,502.6,86.97,2.4,Open-Meteo ERA5,Maret
Sumatera Barat,2020,4,26.22,28.59,24.1,511.0,88.8,2.18,Open-Meteo ERA5,April
Sumatera Barat,2020,5,26.93,29.61,24.63,245.6,83.55,2.39,Open-Meteo ERA5,Mei
Sumatera Barat,2020,6,26.11,28.64,23.73,289.5,85.43,2.26,Open-Meteo ERA5,Juni
Sumatera Barat,2020,7,25.73,28.32,23.57,604.1,88.32,2.47,Open-Meteo ERA5,Juli
Sumatera Barat,2020,8,26.06,28.94,23.42,164.6,82.77,2.27,Open-Meteo ERA5,Agustus
Sumatera Barat,2020,9,25.5,28.01,23.27,470.0,87.87,2.32,Open-Meteo ERA5,September
Sumatera Barat,2020,10,25.81,28.31,23.51,300.2,84.61,2.46,Open-Meteo ERA5,Oktober
Sumatera Barat,2020,11,25.5,27.94,23.44,655.1,89.03,2.23,Open-Meteo ERA5,November
Sumatera Barat,2020,12,25.91,28.51,23.49,135.0,82.13,2.23,Open-Meteo ERA5,Desember
Sumatera Barat,2021,1,26.2,29.23,23.71,178.8,81.13,3.06,Open-Meteo ERA5,Januari
Sumatera Barat,2021,2,26.64,29.65,24.0,123.1,80.21,2.82,Open-Meteo ERA5,Februari
Sumatera Barat,2021,3,25.67,28.14,23.51,644.5,88.97,2.35,Open-Meteo ERA5,Maret
Sumatera Barat,2021,4,25.85,28.26,23.61,245.7,87.53,2.41,Open-Meteo ERA5,April
Sumatera Barat,2021,5,26.18,28.39,24.12,394.6,88.61,2.13,Open-Meteo ERA5,Mei
Sumatera Barat,2021,6,25.97,28.65,23.47,162.4,82.73,2.5,Open-Meteo ERA5,Juni
Sumatera Barat,2021,7,25.8,28.66,23.15,195.0,82.39,2.36,Open-Meteo ERA5,Juli
Sumatera Barat,2021,8,25.43,28.0,23.2,452.8,88.45,2.18,Open-Meteo ERA5,Agustus
Sumatera Barat,2021,9,25.48,28.11,23.29,607.0,88.13,2.55,Open-Meteo ERA5,September
Sumatera Barat,2021,10,25.83,28.65,23.49,231.3,84.13,2.52,Open-Meteo ERA5,Oktober
Sumatera Barat,2021,11,25.93,28.48,23.72,198.8,81.83,2.32,Open-Meteo ERA5,November
Sumatera Barat,2021,12,25.48,28.16,23.12,472.3,87.94,2.68,Open-Meteo ERA5,Desember
Sumatera Barat,2022,1,25.81,28.75,23.34,264.6,84.65,2.94,Open-Meteo ERA5,Januari
Sumatera Barat,2022,2,26.28,29.5,23.32,98.2,78.36,2.73,Open-Meteo ERA5,Februari
Sumatera Barat,2022,3,26.12,29.13,23.3,121.8,80.19,2.48,Open-Meteo ERA5,Maret
Sumatera Barat,2022,4,26.28,29.21,23.5,147.4,82.1,2.64,Open-Meteo ERA5,April
Sumatera Barat,2022,5,26.48,29.34,23.85,140.0,82.0,2.63,Open-Meteo ERA5,Mei
Sumatera Barat,2022,6,25.49,28.08,23.2,266.8,85.8,2.43,Open-Meteo ERA5,Juni
Sumatera Barat,2022,7,25.94,28.77,23.31,193.3,83.06,2.55,Open-Meteo ERA5,Juli
Sumatera Barat,2022,8,25.64,28.39,23.26,256.2,83.52,2.41,Open-Meteo ERA5,Agustus
Sumatera Barat,2022,9,25.32,28.08,23.07,251.2,84.8,2.43,Open-Meteo ERA5,September
Sumatera Barat,2022,10,25.29,27.85,23.3,388.1,86.58,2.48,Open-Meteo ERA5,Oktober
Sumatera Barat,2022,11,24.91,27.25,23.05,554.0,89.07,2.48,Open-Meteo ERA5,November
Sumatera Barat,2022,12,25.33,28.04,22.95,370.5,83.77,2.55,Open-Meteo ERA5,Desember
Sumatera Barat,2023,1,25.16,27.89,22.81,245.2,86.13,2.76,Open-Meteo ERA5,Januari
Sumatera Barat,2023,2,25.89,28.9,23.25,155.5,81.32,2.92,Open-Meteo ERA5,Februari
Sumatera Barat,2023,3,25.82,28.67,23.39,350.5,85.9,2.58,Open-Meteo ERA5,Maret
Sumatera Barat,2023,4,25.96,28.76,23.49,265.3,87.13,2.45,Open-Meteo ERA5,April
Sumatera Barat,2023,5,26.34,29.06,24.03,277.6,86.55,2.45,Open-Meteo ERA5,Mei
Sumatera Barat,2023,6,26.16,28.86,23.74,213.8,86.1,2.5,Open-Meteo ERA5,Juni
Sumatera Barat,2023,7,25.7,28.32,23.27,265.7,84.97,2.63,Open-Meteo ERA5,Juli
Sumatera Barat,2023,8,25.34,27.84,22.88,477.2,88.45,2.62,Open-Meteo ERA5,Agustus
Sumatera Barat,2023,9,25.43,28.23,22.51,152.2,86.83,3.28,Open-Meteo ERA5,September
Sumatera Barat,2023,10,25.27,27.59,22.86,326.2,89.97,2.55,Open-Meteo ERA5,Oktober
Sumatera Barat,2023,11,25.65,27.86,23.39,194.5,87.97,2.22,Open-Meteo ERA5,November
Sumatera Barat,2023,12,25.95,28.46,23.73,429.1,88.35,2.26,Open-Meteo ERA5,Desember
Sumatera Barat,2024,1,25.92,28.79,23.5,396.5,88.68,2.55,Open-Meteo ERA5,Januari
Sumatera Barat,2024,2,26.56,29.67,24.13,257.5,84.52,2.38,Open-Meteo ERA5,Februari
Sumatera Barat,2024,3,26.32,29.05,23.91,527.0,85.58,2.52,Open-Meteo ERA5,Maret
Sumatera Barat,2024,4,26.42,28.99,24.26,473.7,89.47,2.36,Open-Meteo ERA5,April
Sumatera Barat,2024,5,26.72,29.38,24.5,421.6,88.13,2.48,Open-Meteo ERA5,Mei
Sumatera Barat,2024,6,26.12,28.93,23.66,311.6,86.5,2.51,Open-Meteo ERA5,Juni
Sumatera Barat,2024,7,26.42,29.45,23.41,70.7,81.45,2.59,Open-Meteo ERA5,Juli
Sumatera Barat,2024,8,25.48,28.36,22.91,413.3,87.84,2.74,Open-Meteo ERA5,Agustus
Sumatera Barat,2024,9,25.88,28.58,23.41,259.6,85.97,2.55,Open-Meteo ERA5,September
Sumatera Barat,2024,10,26.01,28.84,23.31,396.5,83.06,2.61,Open-Meteo ERA5,Oktober
Sumatera Barat,2024,11,25.96,28.88,23.62,300.2,85.43,2.58,Open-Meteo ERA5,November
Sumatera Barat,2024,12,25.83,28.65,23.62,337.1,84.1,2.59,Open-Meteo ERA5,Desember
Sumatera Selatan,2015,1,25.68,29.47,23.33,231.6,87.84,3.14,Open-Meteo ERA5,Januari
Sumatera Selatan,2015,2,25.67,29.4,23.22,160.2,86.68,2.94,Open-Meteo ERA5,Februari
Sumatera Selatan,2015,3,25.9,30.2,23.43,312.5,89.84,2.47,Open-Meteo ERA5,Maret
Sumatera Selatan,2015,4,26.2,30.24,23.66,270.0,90.37,2.21,Open-Meteo ERA5,April
Sumatera Selatan,2015,5,26.56,30.55,24.02,123.9,87.81,2.46,Open-Meteo ERA5,Mei
Sumatera Selatan,2015,6,26.42,30.39,23.59,97.8,84.63,2.78,Open-Meteo ERA5,Juni
Sumatera Selatan,2015,7,27.12,31.51,23.62,32.2,75.9,3.43,Open-Meteo ERA5,Juli
Sumatera Selatan,2015,8,27.74,32.7,23.72,21.5,70.87,3.53,Open-Meteo ERA5,Agustus
Sumatera Selatan,2015,9,28.65,34.15,23.99,6.8,64.43,3.69,Open-Meteo ERA5,September
Sumatera Selatan,2015,10,29.2,35.12,24.14,16.5,62.68,3.62,Open-Meteo ERA5,Oktober
Sumatera Selatan,2015,11,27.09,31.68,24.19,287.9,83.97,2.31,Open-Meteo ERA5,November
Sumatera Selatan,2015,12,26.09,30.0,23.9,295.9,89.94,2.66,Open-Meteo ERA5,Desember
Sumatera Selatan,2016,1,26.25,30.0,23.96,264.5,89.61,2.68,Open-Meteo ERA5,Januari
Sumatera Selatan,2016,2,26.11,29.53,23.95,526.9,88.76,3.08,Open-Meteo ERA5,Februari
Sumatera Selatan,2016,3,26.46,30.24,24.28,362.0,91.13,2.5,Open-Meteo ERA5,Maret
Sumatera Selatan,2016,4,26.56,30.72,24.3,394.6,91.57,2.07,Open-Meteo ERA5,April
Sumatera Selatan,2016,5,26.81,30.59,24.45,243.0,90.42,2.25,Open-Meteo ERA5,Mei
Sumatera Selatan,2016,6,26.44,30.39,23.85,114.8,88.47,2.26,Open-Meteo ERA5,Juni
Sumatera Selatan,2016,7,26.48,30.42,23.91,115.7,86.9,2.39,Open-Meteo ERA5,Juli
Sumatera Selatan,2016,8,26.73,30.8,23.98,133.7,84.48,2.62,Open-Meteo ERA5,Agustus
Sumatera Selatan,2016,9,26.61,30.87,23.79,175.3,86.9,2.14,Open-Meteo ERA5,September
Sumatera Selatan,2016,10,26.3,30.22,23.77,354.2,89.13,2.21,Open-Meteo ERA5,Oktober
Sumatera Selatan,2016,11,26.02,29.73,23.71,357.4,90.5,2.11,Open-Meteo ERA5,November
Sumatera Selatan,2016,12,26.44,30.06,23.91,233.0,88.06,2.63,Open-Meteo ERA5,Desember
Sumatera Selatan,2017,1,26.18,29.48,23.86,298.3,88.06,3.13,Open-Meteo ERA5,Januari
Sumatera Selatan,2017,2,25.7,29.43,23.32,312.9,88.36,3.52,Open-Meteo ERA5,Februari
Sumatera Selatan,2017,3,26.28,29.99,23.74,291.6,88.74,2.89,Open-Meteo ERA5,Maret
Sumatera Selatan,2017,4,26.47,30.58,23.93,334.8,89.87,2.65,Open-Meteo ERA5,April
Sumatera Selatan,2017,5,26.69,30.51,24.3,255.5,89.45,2.93,Open-Meteo ERA5,Mei
Sumatera Selatan,2017,6,26.45,30.09,23.89,156.2,87.33,2.99,Open-Meteo ERA5,Juni
Sumatera Selatan,2017,7,25.71,29.15,23.39,223.2,89.42,3.03,Open-Meteo ERA5,Juli
Sumatera Selatan,2017,8,26.01,29.83,23.36,149.9,86.58,3.19,Open-Meteo ERA5,Agustus
Sumatera Selatan,2017,9,26.44,30.36,23.63,129.5,85.63,3.1,Open-Meteo ERA5,September
Sumatera Selatan,2017,10,26.53,30.53,23.93,222.7,88.65,2.52,Open-Meteo ERA5,Oktober
Sumatera Selatan,2017,11,26.43,30.44,23.98,300.7,89.3,2.85,Open-Meteo ERA5,November
Sumatera Selatan,2017,12,25.97,29.46,23.66,311.8,89.58,3.01,Open-Meteo ERA5,Desember
Sumatera Selatan,2018,1,26.32,30.17,23.61,160.5,84.74,3.49,Open-Meteo ERA5,Januari
Sumatera Selatan,2018,2,25.66,29.32,23.37,266.2,87.54,3.48,Open-Meteo ERA5,Februari
Sumatera Selatan,2018,3,25.69,29.4,23.31,458.7,90.9,2.71,Open-Meteo ERA5,Maret
Sumatera Selatan,2018,4,26.27,29.94,23.81,278.6,89.8,2.44,Open-Meteo ERA5,April
Sumatera Selatan,2018,5,26.16,30.04,23.78,291.0,90.9,2.81,Open-Meteo ERA5,Mei
Sumatera Selatan,2018,6,26.11,29.58,23.67,187.9,90.1,2.93,Open-Meteo ERA5,Juni
Sumatera Selatan,2018,7,26.48,30.56,23.18,48.8,82.61,3.27,Open-Meteo ERA5,Juli
Sumatera Selatan,2018,8,26.82,31.52,23.39,100.1,80.06,3.43,Open-Meteo ERA5,Agustus
Sumatera Selatan,2018,9,26.68,31.35,23.13,85.5,79.5,3.39,Open-Meteo ERA5,September
Sumatera Selatan,2018,10,27.27,32.2,23.81,169.6,81.39,3.07,Open-Meteo ERA5,Oktober
Sumatera Selatan,2018,11,26.29,30.2,23.8,397.2,90.23,2.38,Open-Meteo ERA5,November
Sumatera Selatan,2018,12,26.38,30.03,23.8,345.4,88.77,2.44,Open-Meteo ERA5,Desember
Sumatera Selatan,2019,1,26.12,29.84,23.64,243.2,88.9,3.52,Open-Meteo ERA5,Januari
Sumatera Selatan,2019,2,25.9,29.65,23.42,340.5,90.79,2.77,Open-Meteo ERA5,Februari
Sumatera Selatan,2019,3,26.46,30.52,23.66,308.0,88.81,2.77,Open-Meteo ERA5,Maret
Sumatera Selatan,2019,4,26.7,30.49,24.14,279.8,91.03,2.34,Open-Meteo ERA5,April
Sumatera Selatan,2019,5,26.81,30.28,24.35,189.3,90.23,2.71,Open-Meteo ERA5,Mei
Sumatera Selatan,2019,6,26.44,29.91,24.0,166.3,89.67,2.88,Open-Meteo ERA5,Juni
Sumatera Selatan,2019,7,26.3,30.42,23.16,104.3,83.74,3.4,Open-Meteo ERA5,Juli
Sumatera Selatan,2019,8,27.18,32.27,23.24,35.4,74.35,4.09,Open-Meteo ERA5,Agustus
Sumatera Selatan,2019,9,27.87,33.56,23.32,39.2,70.7,4.23,Open-Meteo ERA5,September
Sumatera Selatan,2019,10,28.21,33.95,24.02,56.5,72.0,3.95,Open-Meteo ERA5,Oktober
Sumatera Selatan,2019,11,27.38,32.01,24.13,146.9,81.8,2.87,Open-Meteo ERA5,November
Sumatera Selatan,2019,12,26.08,29.83,23.73,285.4,89.9,3.05,Open-Meteo ERA5,Desember
Sumatera Selatan,2020,1,26.28,30.1,23.84,286.8,89.55,3.4,Open-Meteo ERA5,Januari
Sumatera Selatan,2020,2,26.54,30.06,24.06,237.7,87.48,3.33,Open-Meteo ERA5,Februari
Sumatera Selatan,2020,3,26.78,30.71,24.15,320.8,88.77,2.79,Open-Meteo ERA5,Maret
Sumatera Selatan,2020,4,26.6,30.45,24.25,464.3,91.27,2.44,Open-Meteo ERA5,April
Sumatera Selatan,2020,5,26.83,30.43,24.57,286.1,91.97,2.55,Open-Meteo ERA5,Mei
Sumatera Selatan,2020,6,26.23,29.79,23.89,206.7,90.57,2.86,Open-Meteo ERA5,Juni
Sumatera Selatan,2020,7,25.82,29.38,23.3,168.4,89.77,3.06,Open-Meteo ERA5,Juli
Sumatera Selatan,2020,8,26.87,31.16,23.76,105.1,83.55,3.35,Open-Meteo ERA5,Agustus
Sumatera Selatan,2020,9,26.57,30.85,23.71,130.2,85.43,3.34,Open-Meteo ERA5,September
Sumatera Selatan,2020,10,26.59,30.53,23.91,165.7,86.61,2.79,Open-Meteo ERA5,Oktober
Sumatera Selatan,2020,11,26.28,30.05,23.7,268.7,89.47,2.76,Open-Meteo ERA5,November
Sumatera Selatan,2020,12,26.22,29.74,23.8,305.9,88.97,3.16,Open-Meteo ERA5,Desember
Sumatera Selatan,2021,1,25.45,28.79,23.27,252.1,88.9,3.89,Open-Meteo ERA5,Januari
Sumatera Selatan,2021,2,25.84,29.59,23.44,225.5,88.29,3.89,Open-Meteo ERA5,Februari
Sumatera Selatan,2021,3,26.11,29.95,23.55,321.4,90.42,2.77,Open-Meteo ERA5,Maret
Sumatera Selatan,2021,4,26.49,30.37,23.8,239.0,89.9,2.6,Open-Meteo ERA5,April
Sumatera Selatan,2021,5,26.76,30.72,24.22,229.4,90.45,2.64,Open-Meteo ERA5,Mei
Sumatera Selatan,2021,6,26.71,30.66,23.93,127.6,87.43,2.66,Open-Meteo ERA5,Juni
Sumatera Selatan,2021,7,26.54,30.62,23.44,97.4,84.32,3.13,Open-Meteo ERA5,Juli
Sumatera Selatan,2021,8,26.04,29.83,23.51,239.4,88.74,3.1,Open-Meteo ERA5,Agustus
Sumatera Selatan,2021,9,26.24,30.09,23.54,194.1,88.23,2.84,Open-Meteo ERA5,September
Sumatera Selatan,2021,10,26.72,31.44,23.55,243.6,85.94,2.86,Open-Meteo ERA5,Oktober
Sumatera Selatan,2021,11,26.41,30.58,23.56,267.2,87.53,2.66,Open-Meteo ERA5,November
Sumatera Selatan,2021,12,25.95,30.04,23.37,390.3,89.42,3.02,Open-Meteo ERA5,Desember
Sumatera Selatan,2022,1,25.85,29.94,22.97,266.6,87.61,3.44,Open-Meteo ERA5,Januari
Sumatera Selatan,2022,2,26.32,30.6,23.29,205.1,85.46,3.23,Open-Meteo ERA5,Februari
Sumatera Selatan,2022,3,26.55,30.81,23.57,229.9,88.06,3.02,Open-Meteo ERA5,Maret
Sumatera Selatan,2022,4,26.54,31.0,23.53,284.9,88.9,2.78,Open-Meteo ERA5,April
Sumatera Selatan,2022,5,26.79,31.12,24.07,245.8,89.23,2.78,Open-Meteo ERA5,Mei
Sumatera Selatan,2022,6,25.79,29.91,23.19,221.7,90.27,2.94,Open-Meteo ERA5,Juni
Sumatera Selatan,2022,7,25.99,29.98,23.31,178.8,88.84,3.0,Open-Meteo ERA5,Juli
Sumatera Selatan,2022,8,25.72,30.01,23.09,232.2,89.48,3.22,Open-Meteo ERA5,Agustus
Sumatera Selatan,2022,9,25.85,30.1,23.08,159.1,88.53,2.82,Open-Meteo ERA5,September
Sumatera Selatan,2022,10,25.81,30.14,23.26,438.0,90.58,2.67,Open-Meteo ERA5,Oktober
Sumatera Selatan,2022,11,26.12,30.46,23.45,345.0,89.6,2.84,Open-Meteo ERA5,November
Sumatera Selatan,2022,12,25.98,29.96,23.32,299.0,88.03,3.13,Open-Meteo ERA5,Desember
Sumatera Selatan,2023,1,25.65,29.52,23.07,298.4,88.45,3.54,Open-Meteo ERA5,Januari
Sumatera Selatan,2023,2,26.14,30.38,23.31,245.6,86.21,3.96,Open-Meteo ERA5,Februari
Sumatera Selatan,2023,3,25.75,30.03,23.05,304.7,88.52,3.28,Open-Meteo ERA5,Maret
Sumatera Selatan,2023,4,26.4,31.0,23.51,343.4,89.67,2.92,Open-Meteo ERA5,April
Sumatera Selatan,2023,5,26.86,31.07,24.14,196.1,89.35,2.84,Open-Meteo ERA5,Mei
Sumatera Selatan,2023,6,26.67,30.97,23.89,161.3,88.1,3.15,Open-Meteo ERA5,Juni
Sumatera Selatan,2023,7,26.4,30.73,23.58,148.6,86.68,3.17,Open-Meteo ERA5,Juli
Sumatera Selatan,2023,8,27.21,32.53,23.54,50.5,79.42,3.38,Open-Meteo ERA5,Agustus
Sumatera Selatan,2023,9,27.99,33.98,23.35,44.7,70.93,3.98,Open-Meteo ERA5,September
Sumatera Selatan,2023,10,28.69,35.07,24.23,96.0,72.16,3.88,Open-Meteo ERA5,Oktober
Sumatera Selatan,2023,11,27.22,32.52,24.04,275.3,85.17,2.87,Open-Meteo ERA5,November
Sumatera Selatan,2023,12,26.37,30.54,23.76,392.1,90.45,2.62,Open-Meteo ERA5,Desember
Sumatera Selatan,2024,1,26.01,29.78,23.57,506.3,91.0,3.23,Open-Meteo ERA5,Januari
Sumatera Selatan,2024,2,26.1,30.3,23.68,515.3,91.17,3.12,Open-Meteo ERA5,Februari
Sumatera Selatan,2024,3,26.82,31.2,24.15,332.3,89.16,3.35,Open-Meteo ERA5,Maret
Sumatera Selatan,2024,4,26.88,31.34,24.4,393.2,91.57,2.77,Open-Meteo ERA5,April
Sumatera Selatan,2024,5,27.14,31.43,24.67,276.5,90.65,2.99,Open-Meteo ERA5,Mei
Sumatera Selatan,2024,6,26.55,31.0,23.92,215.0,89.97,3.0,Open-Meteo ERA5,Juni
Sumatera Selatan,2024,7,26.91,31.45,23.61,74.5,82.16,3.35,Open-Meteo ERA5,Juli
Sumatera Selatan,2024,8,27.74,32.99,23.95,44.1,76.0,3.68,Open-Meteo ERA5,Agustus
Sumatera Selatan,2024,9,27.56,33.11,23.99,177.8,78.9,3.67,Open-Meteo ERA5,September
Sumatera Selatan,2024,10,27.56,32.66,24.13,166.7,81.26,3.11,Open-Meteo ERA5,Oktober
Sumatera Selatan,2024,11,26.72,30.83,24.22,361.2,87.93,2.71,Open-Meteo ERA5,November
Sumatera Selatan,2024,12,27.0,30.31,24.46,267.4,85.84,3.4,Open-Meteo ERA5,Desember
Sumatera Utara,2015,1,24.85,28.62,21.83,218.8,87.06,2.35,Open-Meteo ERA5,Januari
Sumatera Utara,2015,2,25.36,29.3,21.63,58.7,83.11,2.36,Open-Meteo ERA5,Februari
Sumatera Utara,2015,3,26.28,30.69,22.62,103.3,82.23,2.26,Open-Meteo ERA5,Maret
Sumatera Utara,2015,4,26.02,30.01,23.15,153.1,87.43,2.32,Open-Meteo ERA5,April
Sumatera Utara,2015,5,26.18,30.2,23.36,277.3,88.65,2.1,Open-Meteo ERA5,Mei
Sumatera Utara,2015,6,26.28,30.44,22.95,164.7,87.1,2.07,Open-Meteo ERA5,Juni
Sumatera Utara,2015,7,26.27,30.29,23.24,259.3,87.13,2.37,Open-Meteo ERA5,Juli
Sumatera Utara,2015,8,25.75,29.59,22.86,297.9,89.0,2.35,Open-Meteo ERA5,Agustus
Sumatera Utara,2015,9,25.77,29.6,22.97,288.8,88.67,2.1,Open-Meteo ERA5,September
Sumatera Utara,2015,10,25.63,29.48,23.06,307.6,89.55,1.97,Open-Meteo ERA5,Oktober
Sumatera Utara,2015,11,25.22,28.74,22.81,300.0,91.13,2.09,Open-Meteo ERA5,November
Sumatera Utara,2015,12,25.44,29.09,22.91,192.2,89.45,2.27,Open-Meteo ERA5,Desember
Sumatera Utara,2016,1,26.07,29.77,23.01,164.0,87.0,2.16,Open-Meteo ERA5,Januari
Sumatera Utara,2016,2,25.73,29.51,22.59,166.1,86.14,2.45,Open-Meteo ERA5,Februari
Sumatera Utara,2016,3,27.1,31.06,23.58,62.6,82.55,2.42,Open-Meteo ERA5,Maret
Sumatera Utara,2016,4,27.3,31.62,24.04,140.1,83.9,2.18,Open-Meteo ERA5,April
Sumatera Utara,2016,5,26.99,30.9,24.12,218.2,86.87,2.09,Open-Meteo ERA5,Mei
Sumatera Utara,2016,6,26.54,30.69,23.24,184.3,85.3,2.23,Open-Meteo ERA5,Juni
Sumatera Utara,2016,7,26.22,30.37,23.03,187.1,86.42,2.26,Open-Meteo ERA5,Juli
Sumatera Utara,2016,8,26.53,31.01,23.1,269.9,84.48,2.18,Open-Meteo ERA5,Agustus
Sumatera Utara,2016,9,26.06,30.33,22.93,320.7,87.1,2.2,Open-Meteo ERA5,September
Sumatera Utara,2016,10,25.76,29.51,23.26,396.6,89.61,2.12,Open-Meteo ERA5,Oktober
Sumatera Utara,2016,11,25.17,28.46,23.04,415.2,91.87,2.23,Open-Meteo ERA5,November
Sumatera Utara,2016,12,25.23,28.85,22.81,367.7,89.19,2.53,Open-Meteo ERA5,Desember
Sumatera Utara,2017,1,25.22,28.54,22.75,501.9,89.26,3.48,Open-Meteo ERA5,Januari
Sumatera Utara,2017,2,25.37,28.61,22.95,250.9,88.04,3.41,Open-Meteo ERA5,Februari
Sumatera Utara,2017,3,25.69,29.19,23.11,396.9,89.23,3.37,Open-Meteo ERA5,Maret
Sumatera Utara,2017,4,25.91,29.32,23.36,443.3,90.17,3.08,Open-Meteo ERA5,April
Sumatera Utara,2017,5,26.45,29.98,23.93,576.9,90.32,2.84,Open-Meteo ERA5,Mei
Sumatera Utara,2017,6,26.62,30.6,23.68,282.1,87.63,2.78,Open-Meteo ERA5,Juni
Sumatera Utara,2017,7,26.54,30.35,23.49,308.5,86.81,2.95,Open-Meteo ERA5,Juli
Sumatera Utara,2017,8,25.96,29.68,23.29,428.0,89.52,2.84,Open-Meteo ERA5,Agustus
Sumatera Utara,2017,9,25.76,29.47,23.22,557.1,90.3,2.76,Open-Meteo ERA5,September
Sumatera Utara,2017,10,25.93,29.56,23.3,372.7,89.03,3.25,Open-Meteo ERA5,Oktober
Sumatera Utara,2017,11,25.18,28.21,23.01,478.9,91.47,3.28,Open-Meteo ERA5,November
Sumatera Utara,2017,12,25.02,28.13,22.89,567.9,91.13,3.12,Open-Meteo ERA5,Desember
Sumatera Utara,2018,1,24.85,28.19,22.55,424.4,91.0,3.07,Open-Meteo ERA5,Januari
Sumatera Utara,2018,2,25.46,28.89,22.57,174.6,86.86,3.35,Open-Meteo ERA5,Februari
Sumatera Utara,2018,3,25.77,29.43,22.85,191.2,88.32,2.95,Open-Meteo ERA5,Maret
Sumatera Utara,2018,4,25.9,29.53,23.28,303.5,90.43,3.08,Open-Meteo ERA5,April
Sumatera Utara,2018,5,25.97,29.51,23.51,373.0,91.26,2.61,Open-Meteo ERA5,Mei
Sumatera Utara,2018,6,26.48,30.52,23.37,199.3,86.93,2.92,Open-Meteo ERA5,Juni
Sumatera Utara,2018,7,26.51,30.55,23.31,222.4,85.9,2.84,Open-Meteo ERA5,Juli
Sumatera Utara,2018,8,26.48,30.89,23.06,219.8,84.97,3.15,Open-Meteo ERA5,Agustus
Sumatera Utara,2018,9,25.61,29.39,22.93,420.0,89.6,2.9,Open-Meteo ERA5,September
Sumatera Utara,2018,10,25.16,28.22,22.83,521.5,91.97,2.91,Open-Meteo ERA5,Oktober
Sumatera Utara,2018,11,25.37,28.72,22.97,486.6,91.63,2.94,Open-Meteo ERA5,November
Sumatera Utara,2018,12,25.48,28.81,22.95,286.7,90.65,3.08,Open-Meteo ERA5,Desember
Sumatera Utara,2019,1,25.49,28.95,22.77,218.3,88.68,3.37,Open-Meteo ERA5,Januari
Sumatera Utara,2019,2,25.76,29.24,22.76,177.9,88.43,3.02,Open-Meteo ERA5,Februari
Sumatera Utara,2019,3,26.22,29.81,23.05,206.7,87.87,3.17,Open-Meteo ERA5,Maret
Sumatera Utara,2019,4,26.56,30.23,23.73,233.3,89.6,3.1,Open-Meteo ERA5,April
Sumatera Utara,2019,5,26.28,29.92,23.7,375.7,90.71,2.69,Open-Meteo ERA5,Mei
Sumatera Utara,2019,6,26.52,30.3,23.8,293.0,89.9,2.92,Open-Meteo ERA5,Juni
Sumatera Utara,2019,7,26.41,30.35,23.26,175.2,87.97,2.76,Open-Meteo ERA5,Juli
Sumatera Utara,2019,8,26.59,30.7,23.36,165.9,86.45,2.97,Open-Meteo ERA5,Agustus
Sumatera Utara,2019,9,26.15,30.02,23.4,296.5,89.6,2.82,Open-Meteo ERA5,September
Sumatera Utara,2019,10,25.29,28.87,22.78,485.9,91.58,2.84,Open-Meteo ERA5,Oktober
Sumatera Utara,2019,11,25.41,28.8,22.83,397.7,90.87,2.64,Open-Meteo ERA5,November
Sumatera Utara,2019,12,25.13,28.24,22.89,361.9,91.16,3.06,Open-Meteo ERA5,Desember
Sumatera Utara,2020,1,25.93,29.42,22.99,108.7,87.03,3.18,Open-Meteo ERA5,Januari
Sumatera Utara,2020,2,25.76,29.1,22.94,200.7,88.48,3.09,Open-Meteo ERA5,Februari
Sumatera Utara,2020,3,26.48,30.17,23.45,156.8,87.94,3.11,Open-Meteo ERA5,Maret
Sumatera Utara,2020,4,26.45,30.45,23.56,346.6,88.73,2.81,Open-Meteo ERA5,April
Sumatera Utara,2020,5,26.74,30.25,24.25,440.6,89.65,2.96,Open-Meteo ERA5,Mei
Sumatera Utara,2020,6,26.43,30.29,23.54,355.3,88.9,2.58,Open-Meteo ERA5,Juni
Sumatera Utara,2020,7,25.99,29.88,23.27,360.0,89.74,2.92,Open-Meteo ERA5,Juli
Sumatera Utara,2020,8,26.52,30.61,23.5,259.9,87.58,3.02,Open-Meteo ERA5,Agustus
Sumatera Utara,2020,9,25.93,29.76,23.23,359.2,88.5,2.7,Open-Meteo ERA5,September
Sumatera Utara,2020,10,25.98,29.77,23.29,380.5,89.55,2.69,Open-Meteo ERA5,Oktober
Sumatera Utara,2020,11,25.16,28.39,22.98,614.7,92.3,2.81,Open-Meteo ERA5,November
Sumatera Utara,2020,12,24.84,27.79,22.72,450.6,92.52,3.07,Open-Meteo ERA5,Desember
Sumatera Utara,2021,1,24.68,27.73,22.55,458.3,91.81,2.96,Open-Meteo ERA5,Januari
Sumatera Utara,2021,2,25.82,29.3,22.64,94.6,86.0,3.33,Open-Meteo ERA5,Februari
Sumatera Utara,2021,3,25.9,29.7,22.84,312.1,88.06,2.97,Open-Meteo ERA5,Maret
Sumatera Utara,2021,4,26.05,29.7,23.35,293.3,89.5,2.66,Open-Meteo ERA5,April
Sumatera Utara,2021,5,26.48,30.09,23.84,318.8,90.61,2.7,Open-Meteo ERA5,Mei
Sumatera Utara,2021,6,26.42,30.35,23.43,234.6,87.4,2.81,Open-Meteo ERA5,Juni
Sumatera Utara,2021,7,26.43,30.64,23.22,223.7,86.61,2.94,Open-Meteo ERA5,Juli
Sumatera Utara,2021,8,25.74,29.22,23.16,385.9,90.16,2.59,Open-Meteo ERA5,Agustus
Sumatera Utara,2021,9,25.91,29.61,23.2,362.2,89.3,2.86,Open-Meteo ERA5,September
Sumatera Utara,2021,10,26.18,30.35,23.03,460.1,87.65,3.02,Open-Meteo ERA5,Oktober
Sumatera Utara,2021,11,25.17,28.85,22.74,550.8,91.03,3.34,Open-Meteo ERA5,November
Sumatera Utara,2021,12,24.95,28.2,22.46,375.4,89.84,3.56,Open-Meteo ERA5,Desember
Sumatera Utara,2022,1,25.15,28.87,22.14,237.3,88.32,3.23,Open-Meteo ERA5,Januari
Sumatera Utara,2022,2,25.46,29.49,22.5,353.2,88.46,3.37,Open-Meteo ERA5,Februari
Sumatera Utara,2022,3,25.84,30.03,22.91,412.2,88.87,3.31,Open-Meteo ERA5,Maret
Sumatera Utara,2022,4,25.81,29.95,22.79,348.9,89.27,3.18,Open-Meteo ERA5,April
Sumatera Utara,2022,5,26.49,30.52,23.57,337.8,88.77,2.75,Open-Meteo ERA5,Mei
Sumatera Utara,2022,6,25.69,29.61,22.78,485.3,89.5,2.82,Open-Meteo ERA5,Juni
Sumatera Utara,2022,7,26.42,30.7,23.28,325.5,87.03,3.05,Open-Meteo ERA5,Juli
Sumatera Utara,2022,8,25.78,30.06,22.82,396.8,88.77,2.88,Open-Meteo ERA5,Agustus
Sumatera Utara,2022,9,25.78,30.07,22.73,408.3,87.77,2.97,Open-Meteo ERA5,September
Sumatera Utara,2022,10,25.36,29.09,22.92,446.9,90.61,2.93,Open-Meteo ERA5,Oktober
Sumatera Utara,2022,11,25.06,28.73,22.6,668.5,91.4,3.04,Open-Meteo ERA5,November
Sumatera Utara,2022,12,24.4,27.7,22.24,656.5,92.0,3.46,Open-Meteo ERA5,Desember
Sumatera Utara,2023,1,24.68,28.46,21.97,374.5,89.48,3.35,Open-Meteo ERA5,Januari
Sumatera Utara,2023,2,24.92,28.7,22.07,311.5,89.71,3.36,Open-Meteo ERA5,Februari
Sumatera Utara,2023,3,25.3,29.48,22.27,263.3,88.39,3.38,Open-Meteo ERA5,Maret
Sumatera Utara,2023,4,26.07,30.04,23.03,219.5,88.73,3.23,Open-Meteo ERA5,April
Sumatera Utara,2023,5,26.68,30.96,23.58,356.8,87.94,3.04,Open-Meteo ERA5,Mei
Sumatera Utara,2023,6,26.61,31.03,23.4,237.1,87.13,2.99,Open-Meteo ERA5,Juni
Sumatera Utara,2023,7,26.47,30.92,23.34,354.3,87.23,2.89,Open-Meteo ERA5,Juli
Sumatera Utara,2023,8,25.76,29.95,23.07,466.8,90.45,3.05,Open-Meteo ERA5,Agustus
Sumatera Utara,2023,9,26.13,30.3,23.33,442.4,89.6,3.22,Open-Meteo ERA5,September
Sumatera Utara,2023,10,25.52,29.42,22.93,602.5,92.16,3.07,Open-Meteo ERA5,Oktober
Sumatera Utara,2023,11,25.34,29.06,22.97,614.0,92.23,3.13,Open-Meteo ERA5,November
Sumatera Utara,2023,12,25.22,28.49,23.02,618.0,92.61,3.21,Open-Meteo ERA5,Desember
Sumatera Utara,2024,1,25.58,29.09,23.05,442.1,90.58,3.24,Open-Meteo ERA5,Januari
Sumatera Utara,2024,2,26.3,30.13,23.29,232.9,87.55,3.34,Open-Meteo ERA5,Februari
Sumatera Utara,2024,3,26.66,31.1,23.53,214.3,86.81,3.69,Open-Meteo ERA5,Maret
Sumatera Utara,2024,4,27.0,31.41,24.18,363.4,89.27,3.17,Open-Meteo ERA5,April
Sumatera Utara,2024,5,27.14,31.06,24.41,443.1,89.52,3.16,Open-Meteo ERA5,Mei
Sumatera Utara,2024,6,26.55,30.89,23.56,317.9,88.1,3.01,Open-Meteo ERA5,Juni
Sumatera Utara,2024,7,27.09,31.61,23.77,153.0,85.03,3.03,Open-Meteo ERA5,Juli
Sumatera Utara,2024,8,25.82,29.85,23.23,534.9,89.68,3.05,Open-Meteo ERA5,Agustus
Sumatera Utara,2024,9,26.09,30.12,23.37,436.0,89.2,2.93,Open-Meteo ERA5,September
Sumatera Utara,2024,10,25.78,29.75,23.15,565.7,90.06,3.14,Open-Meteo ERA5,Oktober
Sumatera Utara,2024,11,25.44,29.07,23.09,600.0,90.97,2.78,Open-Meteo ERA5,November
Sumatera Utara,2024,12,25.75,29.2,23.39,450.1,88.74,2.82,Open-Meteo ERA5,Desember
